timestamp,open,high,low,close,volume
2026-01-18T18:00:00,12.976,12.976,12.032,12.557,4466214.0
2026-01-18T19:00:00,12.558,12.688,12.488,12.6,1063173.0
2026-01-18T20:00:00,12.601,12.753,12.577,12.684,611273.0
2026-01-18T21:00:00,12.684,12.725,12.621,12.705,326945.0
2026-01-18T22:00:00,12.705,12.737,12.612,12.617,417605.0
2026-01-18T23:00:00,12.617,12.677,12.581,12.613,442823.0
2026-01-19T00:00:00,12.612,12.624,12.543,12.598,346388.0
2026-01-19T01:00:00,12.598,12.649,12.598,12.637,215533.0
2026-01-19T02:00:00,12.636,12.828,12.603,12.791,790899.0
2026-01-19T03:00:00,12.79,12.808,12.766,12.791,282618.0
2026-01-19T04:00:00,12.791,12.796,12.722,12.738,228459.0
2026-01-19T05:00:00,12.738,12.746,12.681,12.699,357719.0
2026-01-19T06:00:00,12.698,12.73,12.654,12.694,296513.0
2026-01-19T07:00:00,12.694,12.747,12.658,12.712,298672.0
2026-01-19T08:00:00,12.712,12.775,12.694,12.746,278668.0
2026-01-19T09:00:00,12.746,12.793,12.664,12.715,427934.0
2026-01-19T10:00:00,12.715,12.758,12.694,12.737,361507.0
2026-01-19T11:00:00,12.737,12.755,12.616,12.687,607494.0
2026-01-19T12:00:00,12.686,12.755,12.673,12.738,398365.0
2026-01-19T13:00:00,12.739,12.85,12.739,12.807,441434.0
2026-01-19T14:00:00,12.808,12.831,12.78,12.787,237060.0
2026-01-19T15:00:00,12.788,12.818,12.77,12.771,212208.0
2026-01-19T16:00:00,12.77,12.773,12.639,12.639,419538.0
2026-01-19T17:00:00,12.639,12.774,12.613,12.728,381920.0
2026-01-19T18:00:00,12.728,12.732,12.651,12.661,305979.0
2026-01-19T19:00:00,12.662,12.736,12.62,12.678,299772.0
2026-01-19T20:00:00,12.679,12.719,12.613,12.694,329813.0
2026-01-19T21:00:00,12.695,12.725,12.651,12.692,242953.0
2026-01-19T22:00:00,12.692,12.738,12.672,12.677,206434.0
2026-01-19T23:00:00,12.678,12.756,12.615,12.734,627566.0
2026-01-20T00:00:00,12.733,12.733,12.519,12.587,713121.0
2026-01-20T01:00:00,12.586,12.641,12.544,12.546,371592.0
2026-01-20T02:00:00,12.547,12.56,12.394,12.473,976133.0
2026-01-20T03:00:00,12.472,12.611,12.45,12.546,716028.0
2026-01-20T04:00:00,12.545,12.644,12.486,12.486,729695.0
2026-01-20T05:00:00,12.486,12.523,12.442,12.45,410219.0
2026-01-20T06:00:00,12.451,12.487,12.438,12.457,297824.0
2026-01-20T07:00:00,12.457,12.457,12.323,12.328,740641.0
2026-01-20T08:00:00,12.327,12.544,12.324,12.461,940043.0
2026-01-20T09:00:00,12.46,12.471,12.3,12.391,1036648.0
2026-01-20T10:00:00,12.392,12.428,12.127,12.201,1008173.0
2026-01-20T11:00:00,12.201,12.302,12.052,12.132,1161459.0
2026-01-20T12:00:00,12.132,12.179,12.081,12.13,623769.0
2026-01-20T13:00:00,12.129,12.187,12.1,12.174,361335.0
2026-01-20T14:00:00,12.173,12.286,12.137,12.262,492139.0
2026-01-20T15:00:00,12.263,12.268,12.168,12.184,318241.0
2026-01-20T16:00:00,12.185,12.232,11.94,12.137,848425.0
2026-01-20T17:00:00,12.138,12.147,12.065,12.087,405625.0
2026-01-20T18:00:00,12.087,12.253,12.048,12.25,573553.0
2026-01-20T19:00:00,12.251,12.3,12.239,12.26,288533.0
2026-01-20T20:00:00,12.261,12.322,12.232,12.292,347518.0
2026-01-20T21:00:00,12.293,12.337,12.284,12.292,223208.0
2026-01-20T22:00:00,12.293,12.306,12.252,12.261,313409.0
2026-01-20T23:00:00,12.261,12.376,12.256,12.354,351890.0
2026-01-21T00:00:00,12.355,12.355,12.231,12.244,368484.0
2026-01-21T01:00:00,12.245,12.289,12.209,12.226,323930.0
2026-01-21T02:00:00,12.225,12.248,12.129,12.207,356665.0
2026-01-21T03:00:00,12.207,12.242,12.18,12.216,242995.0
2026-01-21T04:00:00,12.215,12.271,12.173,12.178,238318.0
2026-01-21T05:00:00,12.178,12.222,12.086,12.104,363465.0
2026-01-21T06:00:00,12.103,12.118,11.95,12.082,849738.0
2026-01-21T07:00:00,12.081,12.125,11.997,12.019,566044.0
2026-01-21T08:00:00,12.018,12.351,12.008,12.292,1320270.0
2026-01-21T09:00:00,12.291,12.413,12.259,12.39,964784.0
2026-01-21T10:00:00,12.39,12.408,11.862,11.894,1646947.0
2026-01-21T11:00:00,11.895,12.025,11.869,12.008,1341797.0
2026-01-21T12:00:00,12.008,12.164,11.964,12.116,694520.0
2026-01-21T13:00:00,12.116,12.606,12.084,12.584,1676711.0
2026-01-21T14:00:00,12.585,12.623,12.402,12.528,911089.0
2026-01-21T15:00:00,12.528,12.718,12.497,12.613,698617.0
2026-01-21T16:00:00,12.613,12.695,12.478,12.498,606063.0
2026-01-21T17:00:00,12.498,12.534,12.367,12.406,435335.0
2026-01-21T18:00:00,12.407,12.505,12.407,12.47,389453.0
2026-01-21T19:00:00,12.471,12.588,12.46,12.575,268347.0
2026-01-21T20:00:00,12.575,12.616,12.515,12.532,208117.0
2026-01-21T21:00:00,12.532,12.576,12.436,12.483,264002.0
2026-01-21T22:00:00,12.483,12.522,12.468,12.499,163851.0
2026-01-21T23:00:00,12.499,12.55,12.474,12.49,167809.0
2026-01-22T00:00:00,12.491,12.516,12.439,12.483,245280.0
2026-01-22T01:00:00,12.484,12.499,12.409,12.423,220901.0
2026-01-22T02:00:00,12.424,12.457,12.361,12.442,407416.0
2026-01-22T03:00:00,12.442,12.492,12.423,12.479,300860.0
2026-01-22T04:00:00,12.479,12.484,12.436,12.449,204397.0
2026-01-22T05:00:00,12.448,12.449,12.338,12.338,344631.0
2026-01-22T06:00:00,12.338,12.34,12.29,12.297,354768.0
2026-01-22T07:00:00,12.298,12.395,12.236,12.266,572326.0
2026-01-22T08:00:00,12.266,12.318,12.128,12.147,773147.0
2026-01-22T09:00:00,12.147,12.241,12.029,12.157,898287.0
2026-01-22T10:00:00,12.157,12.257,12.114,12.219,482316.0
2026-01-22T11:00:00,12.219,12.239,12.113,12.192,503126.0
2026-01-22T12:00:00,12.193,12.196,12.086,12.102,499914.0
2026-01-22T13:00:00,12.103,12.192,12.069,12.159,346175.0
2026-01-22T14:00:00,12.159,12.191,12.075,12.113,336499.0
2026-01-22T15:00:00,12.113,12.176,12.099,12.143,224808.0
2026-01-22T16:00:00,12.144,12.197,12.127,12.165,224513.0
2026-01-22T17:00:00,12.165,12.193,12.113,12.188,228288.0
2026-01-22T18:00:00,12.188,12.215,12.161,12.197,332289.0
2026-01-22T19:00:00,12.198,12.291,12.196,12.287,222299.0
2026-01-22T20:00:00,12.287,12.294,12.207,12.208,226124.0
2026-01-22T21:00:00,12.207,12.275,12.196,12.251,194931.0
2026-01-22T22:00:00,12.252,12.362,12.242,12.355,578211.0
2026-01-22T23:00:00,12.355,12.362,12.246,12.279,241472.0
2026-01-23T00:00:00,12.279,12.32,12.232,12.237,304751.0
2026-01-23T01:00:00,12.237,12.251,12.097,12.124,1138477.0
2026-01-23T02:00:00,12.124,12.13,12.036,12.056,386493.0
2026-01-23T03:00:00,12.055,12.181,12.053,12.135,753871.0
2026-01-23T04:00:00,12.135,12.165,12.118,12.147,202063.0
2026-01-23T05:00:00,12.148,12.204,12.144,12.196,192066.0
2026-01-23T06:00:00,12.197,12.206,12.155,12.182,192904.0
2026-01-23T07:00:00,12.182,12.223,12.166,12.196,207305.0
2026-01-23T08:00:00,12.196,12.211,11.98,12.058,906468.0
2026-01-23T09:00:00,12.059,12.258,12.004,12.224,1076444.0
2026-01-23T10:00:00,12.223,12.352,12.158,12.282,628811.0
2026-01-23T11:00:00,12.283,12.488,12.225,12.363,934456.0
2026-01-23T12:00:00,12.363,12.43,12.313,12.334,511241.0
2026-01-23T13:00:00,12.334,12.335,12.126,12.165,751812.0
2026-01-23T14:00:00,12.164,12.189,12.018,12.078,582153.0
2026-01-23T15:00:00,12.077,12.146,12.065,12.097,319011.0
2026-01-23T16:00:00,12.097,12.186,12.092,12.161,243004.0
2026-01-23T17:00:00,12.162,12.162,12.108,12.12,147715.0
2026-01-23T18:00:00,12.12,12.15,12.106,12.11,189611.0
2026-01-23T19:00:00,12.111,12.127,12.094,12.124,143242.0
2026-01-23T20:00:00,12.124,12.145,12.117,12.137,103689.0
2026-01-23T21:00:00,12.138,12.166,12.117,12.148,203647.0
2026-01-23T22:00:00,12.149,12.176,12.139,12.164,122054.0
2026-01-23T23:00:00,12.164,12.165,12.125,12.152,125125.0
2026-01-24T00:00:00,12.151,12.158,12.13,12.139,117552.0
2026-01-24T01:00:00,12.14,12.14,12.1,12.113,163942.0
2026-01-24T02:00:00,12.113,12.129,12.1,12.124,141764.0
2026-01-24T03:00:00,12.125,12.125,12.08,12.086,166897.0
2026-01-24T04:00:00,12.086,12.092,12.053,12.085,189403.0
2026-01-24T05:00:00,12.085,12.122,12.084,12.109,169067.0
2026-01-24T06:00:00,12.109,12.136,12.096,12.114,128701.0
2026-01-24T07:00:00,12.115,12.127,12.064,12.064,162002.0
2026-01-24T08:00:00,12.065,12.093,12.045,12.069,284564.0
2026-01-24T09:00:00,12.07,12.103,12.014,12.023,289255.0
2026-01-24T10:00:00,12.024,12.062,11.959,12.04,448672.0
2026-01-24T11:00:00,12.04,12.044,12.008,12.037,187084.0
2026-01-24T12:00:00,12.038,12.051,12.028,12.034,89606.0
2026-01-24T13:00:00,12.033,12.044,12.006,12.028,149140.0
2026-01-24T14:00:00,12.029,12.08,12.027,12.073,173301.0
2026-01-24T15:00:00,12.073,12.089,12.055,12.068,163655.0
2026-01-24T16:00:00,12.068,12.115,12.063,12.097,193301.0
2026-01-24T17:00:00,12.098,12.104,12.034,12.039,214183.0
2026-01-24T18:00:00,12.04,12.061,12.023,12.059,201483.0
2026-01-24T19:00:00,12.059,12.074,11.984,11.995,344423.0
2026-01-24T20:00:00,11.995,12.019,11.974,11.991,161249.0
2026-01-24T21:00:00,11.992,12.01,11.863,11.924,654323.0
2026-01-24T22:00:00,11.923,11.988,11.911,11.953,272791.0
2026-01-24T23:00:00,11.953,11.989,11.944,11.982,155233.0
2026-01-25T00:00:00,11.982,11.982,11.92,11.933,223489.0
2026-01-25T01:00:00,11.933,11.934,11.88,11.928,280069.0
2026-01-25T02:00:00,11.927,11.943,11.826,11.874,462654.0
2026-01-25T03:00:00,11.875,11.982,11.866,11.953,301156.0
2026-01-25T04:00:00,11.952,12.063,11.949,11.989,499800.0
2026-01-25T05:00:00,11.988,11.997,11.936,11.95,159739.0
2026-01-25T06:00:00,11.95,11.95,11.868,11.931,321951.0
2026-01-25T07:00:00,11.932,11.967,11.897,11.96,282636.0
2026-01-25T08:00:00,11.96,11.964,11.805,11.866,466883.0
2026-01-25T09:00:00,11.866,11.899,11.815,11.843,281910.0
2026-01-25T10:00:00,11.843,11.844,11.561,11.662,2404323.0
2026-01-25T11:00:00,11.662,11.687,11.569,11.624,505297.0
2026-01-25T12:00:00,11.625,11.631,11.452,11.531,1168762.0
2026-01-25T13:00:00,11.532,11.552,11.223,11.305,2193641.0
2026-01-25T14:00:00,11.304,11.387,11.245,11.352,918723.0
2026-01-25T15:00:00,11.352,11.455,11.341,11.413,772007.0
2026-01-25T16:00:00,11.414,11.42,11.334,11.383,320185.0
2026-01-25T17:00:00,11.384,11.519,11.325,11.49,543674.0
2026-01-25T18:00:00,11.491,11.57,11.46,11.563,548592.0
2026-01-25T19:00:00,11.563,11.745,11.558,11.708,634784.0
2026-01-25T20:00:00,11.709,11.712,11.594,11.615,380466.0
2026-01-25T21:00:00,11.614,11.644,11.494,11.527,357538.0
2026-01-25T22:00:00,11.527,11.649,11.524,11.588,363377.0
2026-01-25T23:00:00,11.589,11.62,11.573,11.602,205395.0
2026-01-26T00:00:00,11.602,11.682,11.57,11.673,313906.0
2026-01-26T01:00:00,11.673,11.714,11.632,11.681,308373.0
2026-01-26T02:00:00,11.681,11.78,11.658,11.689,510958.0
2026-01-26T03:00:00,11.689,11.695,11.599,11.603,364073.0
2026-01-26T04:00:00,11.602,11.667,11.599,11.651,224370.0
2026-01-26T05:00:00,11.651,11.693,11.643,11.654,279936.0
2026-01-26T06:00:00,11.654,11.693,11.641,11.659,212124.0
2026-01-26T07:00:00,11.659,11.733,11.659,11.71,544572.0
2026-01-26T08:00:00,11.71,11.818,11.623,11.786,976457.0
2026-01-26T09:00:00,11.785,11.913,11.694,11.748,1103212.0
2026-01-26T10:00:00,11.748,11.794,11.681,11.746,657115.0
2026-01-26T11:00:00,11.746,11.772,11.611,11.699,960606.0
2026-01-26T12:00:00,11.699,11.809,11.683,11.77,631250.0
2026-01-26T13:00:00,11.77,11.799,11.679,11.692,302153.0
2026-01-26T14:00:00,11.693,11.718,11.619,11.644,365800.0
2026-01-26T15:00:00,11.644,11.79,11.623,11.749,550686.0
2026-01-26T16:00:00,11.748,11.779,11.714,11.745,220401.0
2026-01-26T17:00:00,11.745,11.774,11.695,11.713,242693.0
2026-01-26T18:00:00,11.714,11.736,11.686,11.719,276952.0
2026-01-26T19:00:00,11.719,11.805,11.681,11.764,248550.0
2026-01-26T20:00:00,11.765,11.846,11.764,11.83,334384.0
2026-01-26T21:00:00,11.829,11.835,11.762,11.778,244450.0
2026-01-26T22:00:00,11.779,11.836,11.741,11.765,221450.0
2026-01-26T23:00:00,11.764,11.781,11.738,11.756,165551.0
2026-01-27T00:00:00,11.755,11.766,11.709,11.723,162195.0
2026-01-27T01:00:00,11.724,11.81,11.72,11.752,304046.0
2026-01-27T02:00:00,11.752,11.782,11.742,11.753,226610.0
2026-01-27T03:00:00,11.753,11.753,11.674,11.686,452386.0
2026-01-27T04:00:00,11.685,11.722,11.659,11.671,236121.0
2026-01-27T05:00:00,11.67,11.691,11.646,11.673,228059.0
2026-01-27T06:00:00,11.674,11.696,11.665,11.686,198039.0
2026-01-27T07:00:00,11.687,11.689,11.605,11.624,383667.0
2026-01-27T08:00:00,11.625,11.742,11.59,11.619,656713.0
2026-01-27T09:00:00,11.62,11.732,11.583,11.711,554127.0
2026-01-27T10:00:00,11.711,11.947,11.704,11.89,1418512.0
2026-01-27T11:00:00,11.889,11.913,11.573,11.631,1280844.0
2026-01-27T12:00:00,11.63,11.884,11.607,11.833,826613.0
2026-01-27T13:00:00,11.834,11.893,11.796,11.848,481633.0
2026-01-27T14:00:00,11.848,12.137,11.841,12.074,1458807.0
2026-01-27T15:00:00,12.074,12.111,12.013,12.027,888419.0
2026-01-27T16:00:00,12.026,12.135,12.026,12.089,477852.0
2026-01-27T17:00:00,12.089,12.202,12.074,12.128,505235.0
2026-01-27T18:00:00,12.128,12.163,12.062,12.134,682361.0
2026-01-27T19:00:00,12.133,12.165,12.066,12.109,332906.0
2026-01-27T20:00:00,12.109,12.114,12.02,12.065,354052.0
2026-01-27T21:00:00,12.064,12.093,12.034,12.058,255400.0
2026-01-27T22:00:00,12.057,12.074,12.012,12.047,229637.0
2026-01-27T23:00:00,12.047,12.103,12.032,12.088,276405.0
2026-01-28T00:00:00,12.088,12.153,12.069,12.143,402986.0
2026-01-28T01:00:00,12.143,12.147,12.06,12.078,245574.0
2026-01-28T02:00:00,12.078,12.093,12.02,12.048,291332.0
2026-01-28T03:00:00,12.048,12.164,12.022,12.164,383251.0
2026-01-28T04:00:00,12.163,12.221,12.131,12.161,440331.0
2026-01-28T05:00:00,12.16,12.244,12.114,12.232,530731.0
2026-01-28T06:00:00,12.232,12.283,12.109,12.153,684191.0
2026-01-28T07:00:00,12.153,12.235,12.136,12.153,452432.0
2026-01-28T08:00:00,12.153,12.157,12.045,12.073,491622.0
2026-01-28T09:00:00,12.072,12.109,11.931,12.003,683735.0
2026-01-28T10:00:00,12.003,12.046,11.945,12.001,418304.0
2026-01-28T11:00:00,12.0,12.132,11.916,12.074,586134.0
2026-01-28T12:00:00,12.073,12.073,11.984,12.03,351581.0
2026-01-28T13:00:00,12.03,12.087,11.97,12.052,524522.0
2026-01-28T14:00:00,12.052,12.179,12.019,12.04,449904.0
2026-01-28T15:00:00,12.04,12.096,11.956,12.066,628889.0
2026-01-28T16:00:00,12.066,12.121,12.019,12.121,259828.0
2026-01-28T17:00:00,12.12,12.153,12.057,12.068,258021.0
2026-01-28T18:00:00,12.068,12.093,11.951,12.01,332452.0
2026-01-28T19:00:00,12.01,12.038,11.898,11.917,414329.0
2026-01-28T20:00:00,11.916,11.976,11.734,11.786,941190.0
2026-01-28T21:00:00,11.786,11.864,11.754,11.78,450985.0
2026-01-28T22:00:00,11.779,11.803,11.678,11.784,571412.0
2026-01-28T23:00:00,11.783,11.837,11.775,11.789,386258.0
2026-01-29T00:00:00,11.789,11.833,11.778,11.828,205733.0
2026-01-29T01:00:00,11.827,11.86,11.78,11.792,313831.0
2026-01-29T02:00:00,11.791,11.81,11.728,11.743,384188.0
2026-01-29T03:00:00,11.744,11.771,11.719,11.722,288576.0
2026-01-29T04:00:00,11.721,11.733,11.691,11.71,159338.0
2026-01-29T05:00:00,11.71,11.711,11.629,11.652,484877.0
2026-01-29T06:00:00,11.652,11.658,11.521,11.545,902978.0
2026-01-29T07:00:00,11.544,11.587,11.531,11.586,486385.0
2026-01-29T08:00:00,11.587,11.603,11.15,11.166,2575026.0
2026-01-29T09:00:00,11.167,11.17,10.861,10.99,5326339.0
2026-01-29T10:00:00,10.99,11.026,10.923,11.005,1856199.0
2026-01-29T11:00:00,11.005,11.16,10.989,10.993,1611196.0
2026-01-29T12:00:00,10.993,11.034,10.791,10.806,1850822.0
2026-01-29T13:00:00,10.807,11.016,10.8,10.978,1338597.0
2026-01-29T14:00:00,10.979,11.042,10.953,11.027,813851.0
2026-01-29T15:00:00,11.027,11.065,11.007,11.03,530625.0
2026-01-29T16:00:00,11.031,11.052,10.991,11.025,230494.0
2026-01-29T17:00:00,11.025,11.05,10.996,11.034,435351.0
2026-01-29T18:00:00,11.034,11.081,11.021,11.055,525115.0
2026-01-29T19:00:00,11.056,11.084,10.657,10.949,2842057.0
2026-01-29T20:00:00,10.95,10.966,10.751,10.914,1188928.0
2026-01-29T21:00:00,10.914,10.968,10.89,10.917,554480.0
2026-01-29T22:00:00,10.918,11.014,10.918,10.97,603987.0
2026-01-29T23:00:00,10.971,10.986,10.938,10.944,392568.0
2026-01-30T00:00:00,10.945,10.948,10.718,10.787,698856.0
2026-01-30T01:00:00,10.787,10.982,10.787,10.943,689128.0
2026-01-30T02:00:00,10.944,10.967,10.844,10.876,563937.0
2026-01-30T03:00:00,10.877,10.919,10.798,10.848,542069.0
2026-01-30T04:00:00,10.848,10.934,10.816,10.932,419597.0
2026-01-30T05:00:00,10.932,11.047,10.911,11.005,683680.0
2026-01-30T06:00:00,11.004,11.015,10.93,10.956,673869.0
2026-01-30T07:00:00,10.955,10.967,10.821,10.871,888410.0
2026-01-30T08:00:00,10.87,11.01,10.869,10.948,1015699.0
2026-01-30T09:00:00,10.948,11.004,10.794,10.929,1104493.0
2026-01-30T10:00:00,10.928,11.003,10.861,10.944,985873.0
2026-01-30T11:00:00,10.945,10.999,10.864,10.924,984960.0
2026-01-30T12:00:00,10.924,11.037,10.617,10.995,2445773.0
2026-01-30T13:00:00,10.994,11.044,10.978,10.991,1254760.0
2026-01-30T14:00:00,10.992,10.995,10.81,10.848,1402777.0
2026-01-30T15:00:00,10.849,10.946,10.812,10.916,710058.0
2026-01-30T16:00:00,10.915,10.927,10.839,10.889,338626.0
2026-01-30T17:00:00,10.888,10.906,10.834,10.872,492456.0
2026-01-30T18:00:00,10.872,10.877,10.83,10.852,345989.0
2026-01-30T19:00:00,10.852,10.892,10.83,10.869,299076.0
2026-01-30T20:00:00,10.869,10.886,10.806,10.85,353743.0
2026-01-30T21:00:00,10.851,10.872,10.83,10.833,225739.0
2026-01-30T22:00:00,10.833,10.866,10.803,10.813,253942.0
2026-01-30T23:00:00,10.814,10.822,10.768,10.807,338730.0
2026-01-31T00:00:00,10.807,10.821,10.664,10.723,669437.0
2026-01-31T01:00:00,10.723,10.734,10.575,10.648,671988.0
2026-01-31T02:00:00,10.647,10.672,10.418,10.562,1852839.0
2026-01-31T03:00:00,10.563,10.649,10.545,10.595,537536.0
2026-01-31T04:00:00,10.595,10.64,10.553,10.62,392021.0
2026-01-31T05:00:00,10.62,10.632,10.56,10.585,400393.0
2026-01-31T06:00:00,10.584,10.604,10.536,10.55,462845.0
2026-01-31T07:00:00,10.551,10.566,10.441,10.468,804170.0
2026-01-31T08:00:00,10.468,10.49,9.987,10.115,4129918.0
2026-01-31T09:00:00,10.115,10.227,10.097,10.159,1943921.0
2026-01-31T10:00:00,10.16,10.288,10.021,10.07,2503048.0
2026-01-31T11:00:00,10.069,10.108,9.53,9.778,4215724.0
2026-01-31T12:00:00,9.778,9.847,9.138,9.778,5790001.0
2026-01-31T13:00:00,9.778,9.956,9.764,9.827,2194675.0
2026-01-31T14:00:00,9.827,9.925,9.73,9.871,1158238.0
2026-01-31T15:00:00,9.87,9.998,9.825,9.969,1245125.0
2026-01-31T16:00:00,9.969,9.988,9.892,9.963,628202.0
2026-01-31T17:00:00,9.963,10.173,9.947,10.114,1184649.0
2026-01-31T18:00:00,10.113,10.201,10.109,10.176,912415.0
2026-01-31T19:00:00,10.177,10.182,10.088,10.167,667948.0
2026-01-31T20:00:00,10.168,10.223,10.141,10.204,563532.0
2026-01-31T21:00:00,10.204,10.218,10.179,10.205,319750.0
2026-01-31T22:00:00,10.205,10.239,10.195,10.204,305175.0
2026-01-31T23:00:00,10.205,10.227,10.158,10.167,523495.0
2026-02-01T00:00:00,10.167,10.221,10.14,10.17,479563.0
2026-02-01T01:00:00,10.17,10.254,10.131,10.184,618779.0
2026-02-01T02:00:00,10.184,10.215,10.126,10.161,730469.0
2026-02-01T03:00:00,10.16,10.208,10.117,10.193,389284.0
2026-02-01T04:00:00,10.193,10.2,10.009,10.018,645130.0
2026-02-01T05:00:00,10.019,10.162,10.018,10.123,483246.0
2026-02-01T06:00:00,10.122,10.128,10.02,10.062,475749.0
2026-02-01T07:00:00,10.062,10.144,10.032,10.065,562035.0
2026-02-01T08:00:00,10.064,10.103,9.879,10.031,1388622.0
2026-02-01T09:00:00,10.03,10.033,9.726,9.854,1739888.0
2026-02-01T10:00:00,9.854,9.932,9.75,9.859,1150282.0
2026-02-01T11:00:00,9.859,9.899,9.789,9.894,715389.0
2026-02-01T12:00:00,9.894,10.089,9.893,9.985,1160789.0
2026-02-01T13:00:00,9.984,10.009,9.826,9.881,645412.0
2026-02-01T14:00:00,9.88,10.024,9.8,9.926,836378.0
2026-02-01T15:00:00,9.925,9.938,9.817,9.862,799016.0
2026-02-01T16:00:00,9.861,10.046,9.852,9.975,889808.0
2026-02-01T17:00:00,9.975,10.07,9.663,9.909,2271304.0
2026-02-01T18:00:00,9.909,10.089,9.836,10.012,1231753.0
2026-02-01T19:00:00,10.013,10.127,9.879,10.058,1137287.0
2026-02-01T20:00:00,10.058,10.083,9.906,9.927,867809.0
2026-02-01T21:00:00,9.927,9.937,9.521,9.856,2791680.0
2026-02-01T22:00:00,9.857,10.001,9.709,9.828,1343645.0
2026-02-01T23:00:00,9.828,9.838,9.585,9.67,1185003.0
2026-02-02T00:00:00,9.669,9.939,9.531,9.815,1857959.0
2026-02-02T01:00:00,9.816,9.94,9.782,9.877,874448.0
2026-02-02T02:00:00,9.878,9.972,9.876,9.929,666288.0
2026-02-02T03:00:00,9.93,10.063,9.863,10.005,902981.0
2026-02-02T04:00:00,10.006,10.033,9.951,9.969,484731.0
2026-02-02T05:00:00,9.969,10.033,9.963,9.98,505888.0
2026-02-02T06:00:00,9.979,10.084,9.978,10.065,465613.0
2026-02-02T07:00:00,10.064,10.141,10.025,10.109,499883.0
2026-02-02T08:00:00,10.109,10.237,10.014,10.137,1834995.0
2026-02-02T09:00:00,10.136,10.317,10.12,10.24,1539491.0
2026-02-02T10:00:00,10.24,10.267,10.173,10.185,748876.0
2026-02-02T11:00:00,10.185,10.221,10.132,10.158,608371.0
2026-02-02T12:00:00,10.158,10.21,10.129,10.164,540535.0
2026-02-02T13:00:00,10.163,10.176,10.116,10.125,327635.0
2026-02-02T14:00:00,10.124,10.151,10.065,10.101,444316.0
2026-02-02T15:00:00,10.102,10.167,10.096,10.146,376336.0
2026-02-02T16:00:00,10.147,10.186,10.141,10.17,242598.0
2026-02-02T17:00:00,10.171,10.178,10.127,10.14,383018.0
2026-02-02T18:00:00,10.141,10.152,10.074,10.137,431203.0
2026-02-02T19:00:00,10.138,10.138,10.064,10.125,421615.0
2026-02-02T20:00:00,10.125,10.125,9.967,9.975,560164.0
2026-02-02T21:00:00,9.976,10.145,9.937,10.131,792067.0
2026-02-02T22:00:00,10.13,10.202,10.097,10.16,506481.0
2026-02-02T23:00:00,10.161,10.169,10.073,10.078,349114.0
2026-02-03T00:00:00,10.079,10.131,10.032,10.119,350022.0
2026-02-03T01:00:00,10.12,10.176,10.091,10.143,408586.0
2026-02-03T02:00:00,10.143,10.172,10.091,10.1,576615.0
2026-02-03T03:00:00,10.1,10.128,9.966,10.047,982152.0
2026-02-03T04:00:00,10.048,10.094,10.022,10.05,293380.0
2026-02-03T05:00:00,10.05,10.111,10.036,10.073,347119.0
2026-02-03T06:00:00,10.074,10.165,10.046,10.138,404000.0
2026-02-03T07:00:00,10.138,10.164,10.117,10.141,430007.0
2026-02-03T08:00:00,10.141,10.159,9.923,9.927,1197931.0
2026-02-03T09:00:00,9.927,10.167,9.905,10.151,1886971.0
2026-02-03T10:00:00,10.151,10.154,9.912,9.947,1516718.0
2026-02-03T11:00:00,9.947,9.952,9.738,9.745,1480971.0
2026-02-03T12:00:00,9.745,9.795,9.526,9.556,2267556.0
2026-02-03T13:00:00,9.555,10.009,9.535,9.956,2227755.0
2026-02-03T14:00:00,9.955,10.355,9.845,10.208,2627898.0
2026-02-03T15:00:00,10.209,10.266,10.072,10.09,1173510.0
2026-02-03T16:00:00,10.091,10.095,9.936,9.965,624856.0
2026-02-03T17:00:00,9.965,9.977,9.875,9.923,760772.0
2026-02-03T18:00:00,9.924,10.023,9.881,9.982,634857.0
2026-02-03T19:00:00,9.983,10.124,9.98,10.054,594289.0
2026-02-03T20:00:00,10.053,10.081,9.959,10.004,462602.0
2026-02-03T21:00:00,10.004,10.133,9.994,10.102,509238.0
2026-02-03T22:00:00,10.102,10.128,10.08,10.1,299462.0
2026-02-03T23:00:00,10.099,10.114,10.011,10.039,272343.0
2026-02-04T00:00:00,10.039,10.149,10.022,10.126,449321.0
2026-02-04T01:00:00,10.126,10.149,10.071,10.141,642694.0
2026-02-04T02:00:00,10.142,10.158,10.081,10.137,494901.0
2026-02-04T03:00:00,10.137,10.142,10.045,10.065,319397.0
2026-02-04T04:00:00,10.066,10.077,10.025,10.034,348971.0
2026-02-04T05:00:00,10.035,10.058,9.921,10.018,890099.0
2026-02-04T06:00:00,10.019,10.031,9.966,10.005,365374.0
2026-02-04T07:00:00,10.004,10.014,9.86,9.863,570784.0
2026-02-04T08:00:00,9.863,9.933,9.717,9.727,1579308.0
2026-02-04T09:00:00,9.728,9.862,9.608,9.719,1933326.0
2026-02-04T10:00:00,9.72,9.772,9.576,9.695,1957094.0
2026-02-04T11:00:00,9.694,9.78,9.568,9.697,1494705.0
2026-02-04T12:00:00,9.696,9.887,9.566,9.761,1888107.0
2026-02-04T13:00:00,9.76,9.952,9.708,9.933,1250866.0
2026-02-04T14:00:00,9.933,9.955,9.819,9.834,746685.0
2026-02-04T15:00:00,9.835,9.865,9.62,9.715,1036170.0
2026-02-04T16:00:00,9.715,9.847,9.537,9.638,1549619.0
2026-02-04T17:00:00,9.637,9.787,9.616,9.711,858302.0
2026-02-04T18:00:00,9.711,9.765,9.667,9.73,590602.0
2026-02-04T19:00:00,9.73,9.846,9.644,9.737,1019654.0
2026-02-04T20:00:00,9.738,9.819,9.63,9.65,936607.0
2026-02-04T21:00:00,9.649,9.718,9.592,9.617,855686.0
2026-02-04T22:00:00,9.617,9.659,9.531,9.576,1554348.0
2026-02-04T23:00:00,9.576,9.672,9.466,9.558,1456326.0
2026-02-05T00:00:00,9.559,9.575,9.444,9.487,890064.0
2026-02-05T01:00:00,9.486,9.613,9.478,9.499,890085.0
2026-02-05T02:00:00,9.5,9.626,9.5,9.559,654210.0
2026-02-05T03:00:00,9.559,9.672,9.542,9.562,739943.0
2026-02-05T04:00:00,9.562,9.568,9.319,9.352,1151898.0
2026-02-05T05:00:00,9.353,9.392,9.175,9.261,1976660.0
2026-02-05T06:00:00,9.261,9.313,9.144,9.248,1987651.0
2026-02-05T07:00:00,9.247,9.318,9.199,9.223,1038181.0
2026-02-05T08:00:00,9.223,9.446,9.167,9.184,2149802.0
2026-02-05T09:00:00,9.184,9.216,8.712,8.861,6797612.0
2026-02-05T10:00:00,8.862,9.08,8.795,8.991,3182690.0
2026-02-05T11:00:00,8.991,9.033,8.715,8.824,2869644.0
2026-02-05T12:00:00,8.824,8.921,8.718,8.895,2418704.0
2026-02-05T13:00:00,8.895,8.9,8.666,8.692,1655361.0
2026-02-05T14:00:00,8.691,8.764,8.264,8.368,5159782.0
2026-02-05T15:00:00,8.367,8.573,8.257,8.355,3376091.0
2026-02-05T16:00:00,8.355,8.531,8.238,8.387,2162837.0
2026-02-05T17:00:00,8.387,8.569,8.253,8.305,1706756.0
2026-02-05T18:00:00,8.304,8.34,7.534,8.218,11535894.0
2026-02-05T19:00:00,8.218,8.464,8.176,8.455,2628732.0
2026-02-05T20:00:00,8.456,8.516,8.249,8.304,1682755.0
2026-02-05T21:00:00,8.304,8.347,8.193,8.258,1179654.0
2026-02-05T22:00:00,8.257,8.396,8.228,8.365,1024080.0
2026-02-05T23:00:00,8.364,8.619,8.346,8.598,1478858.0
2026-02-06T00:00:00,8.598,8.639,8.403,8.417,1308813.0
2026-02-06T01:00:00,8.416,8.479,8.333,8.411,1463612.0
2026-02-06T02:00:00,8.411,8.474,8.324,8.379,1326465.0
2026-02-06T03:00:00,8.378,8.634,8.372,8.597,1224797.0
2026-02-06T04:00:00,8.597,8.698,8.573,8.68,1072966.0
2026-02-06T05:00:00,8.679,8.733,8.65,8.705,823490.0
2026-02-06T06:00:00,8.705,8.712,8.637,8.704,760989.0
2026-02-06T07:00:00,8.705,8.843,8.694,8.796,1403957.0
2026-02-06T08:00:00,8.797,9.022,8.726,8.969,1870626.0
2026-02-06T09:00:00,8.97,9.061,8.884,9.03,1468368.0
2026-02-06T10:00:00,9.029,9.312,8.994,9.251,1808411.0
2026-02-06T11:00:00,9.25,9.464,9.215,9.337,1567433.0
2026-02-06T12:00:00,9.338,9.358,9.123,9.221,1347657.0
2026-02-06T13:00:00,9.221,9.261,9.15,9.242,864905.0
2026-02-06T14:00:00,9.242,9.292,9.136,9.159,1010686.0
2026-02-06T15:00:00,9.159,9.211,9.107,9.184,597798.0
2026-02-06T16:00:00,9.184,9.322,9.18,9.308,608348.0
2026-02-06T17:00:00,9.308,9.368,9.22,9.268,797011.0
2026-02-06T18:00:00,9.268,9.27,9.14,9.191,1045556.0
2026-02-06T19:00:00,9.19,9.258,9.124,9.237,603102.0
2026-02-06T20:00:00,9.236,9.255,9.185,9.215,377073.0
2026-02-06T21:00:00,9.215,9.307,9.204,9.281,511200.0
2026-02-06T22:00:00,9.281,9.365,9.232,9.253,659164.0
2026-02-06T23:00:00,9.252,9.315,9.227,9.26,435757.0
2026-02-07T00:00:00,9.26,9.325,9.106,9.108,897722.0
2026-02-07T01:00:00,9.108,9.145,8.902,8.991,2236140.0
2026-02-07T02:00:00,8.99,9.076,8.955,9.054,679135.0
2026-02-07T03:00:00,9.054,9.089,8.977,9.001,464023.0
2026-02-07T04:00:00,9.001,9.032,8.929,8.972,489065.0
2026-02-07T05:00:00,8.972,8.988,8.94,8.98,418520.0
2026-02-07T06:00:00,8.98,9.256,8.971,9.161,1236973.0
2026-02-07T07:00:00,9.161,9.194,9.062,9.118,519441.0
2026-02-07T08:00:00,9.119,9.148,9.026,9.048,452499.0
2026-02-07T09:00:00,9.049,9.21,9.033,9.173,560108.0
2026-02-07T10:00:00,9.174,9.384,9.133,9.204,5229181.0
2026-02-07T11:00:00,9.203,9.271,9.146,9.237,412150.0
2026-02-07T12:00:00,9.236,9.371,9.234,9.326,473558.0
2026-02-07T13:00:00,9.326,9.328,9.233,9.253,352347.0
2026-02-07T14:00:00,9.253,9.319,9.234,9.313,340966.0
2026-02-07T15:00:00,9.313,9.323,9.236,9.251,312768.0
2026-02-07T16:00:00,9.251,9.292,9.234,9.243,201243.0
2026-02-07T17:00:00,9.243,9.25,9.17,9.219,321810.0
2026-02-07T18:00:00,9.22,9.225,9.175,9.195,299225.0
2026-02-07T19:00:00,9.195,9.248,9.182,9.206,256206.0
2026-02-07T20:00:00,9.205,9.247,9.147,9.171,277653.0
2026-02-07T21:00:00,9.171,9.186,9.113,9.125,278125.0
2026-02-07T22:00:00,9.124,9.154,9.091,9.153,276322.0
2026-02-07T23:00:00,9.153,9.172,9.112,9.122,234657.0
2026-02-08T00:00:00,9.123,9.141,9.1,9.113,190059.0
2026-02-08T01:00:00,9.114,9.142,9.071,9.137,349057.0
2026-02-08T02:00:00,9.137,9.286,9.116,9.26,723334.0
2026-02-08T03:00:00,9.26,9.267,9.152,9.168,439829.0
2026-02-08T04:00:00,9.169,9.225,9.099,9.14,507542.0
2026-02-08T05:00:00,9.14,9.275,9.132,9.264,580806.0
2026-02-08T06:00:00,9.264,9.275,9.201,9.246,466172.0
2026-02-08T07:00:00,9.246,9.276,9.2,9.263,515611.0
2026-02-08T08:00:00,9.264,9.283,9.221,9.256,397212.0
2026-02-08T09:00:00,9.256,9.274,9.144,9.171,598155.0
2026-02-08T10:00:00,9.171,9.201,8.994,9.034,904096.0
2026-02-08T11:00:00,9.033,9.113,9.028,9.094,461154.0
2026-02-08T12:00:00,9.095,9.221,9.094,9.151,522948.0
2026-02-08T13:00:00,9.151,9.22,9.147,9.205,314667.0
2026-02-08T14:00:00,9.206,9.21,9.084,9.098,367984.0
2026-02-08T15:00:00,9.098,9.119,9.006,9.044,481800.0
2026-02-08T16:00:00,9.044,9.087,9.031,9.078,367532.0
2026-02-08T17:00:00,9.078,9.258,8.999,9.074,1221404.0
2026-02-08T18:00:00,9.074,9.129,9.036,9.096,548329.0
2026-02-08T19:00:00,9.096,9.167,9.02,9.076,623872.0
2026-02-08T20:00:00,9.075,9.173,9.056,9.114,354278.0
2026-02-08T21:00:00,9.115,9.2,9.105,9.182,354625.0
2026-02-08T22:00:00,9.182,9.182,9.091,9.117,280031.0
2026-02-08T23:00:00,9.117,9.141,9.092,9.128,258501.0
2026-02-09T00:00:00,9.128,9.128,9.018,9.056,402211.0
2026-02-09T01:00:00,9.055,9.08,9.014,9.023,288653.0
2026-02-09T02:00:00,9.023,9.036,8.853,8.917,933269.0
2026-02-09T03:00:00,8.916,8.934,8.848,8.87,567121.0
2026-02-09T04:00:00,8.87,8.892,8.716,8.756,840079.0
2026-02-09T05:00:00,8.756,8.813,8.756,8.784,496436.0
2026-02-09T06:00:00,8.784,8.857,8.775,8.827,372240.0
2026-02-09T07:00:00,8.828,8.868,8.768,8.77,334783.0
2026-02-09T08:00:00,8.769,8.94,8.741,8.906,1027824.0
2026-02-09T09:00:00,8.907,8.999,8.859,8.994,949985.0
2026-02-09T10:00:00,8.993,9.151,8.913,9.062,1240231.0
2026-02-09T11:00:00,9.062,9.18,8.998,9.13,1274604.0
2026-02-09T12:00:00,9.129,9.185,9.047,9.087,842139.0
2026-02-09T13:00:00,9.087,9.129,9.061,9.112,480558.0
2026-02-09T14:00:00,9.111,9.144,9.04,9.085,512426.0
2026-02-09T15:00:00,9.085,9.097,8.984,9.073,632727.0
2026-02-09T16:00:00,9.073,9.112,9.061,9.077,346249.0
2026-02-09T17:00:00,9.076,9.107,9.037,9.046,319040.0
2026-02-09T18:00:00,9.046,9.063,9.002,9.01,331847.0
2026-02-09T19:00:00,9.01,9.109,9.003,9.091,407088.0
2026-02-09T20:00:00,9.091,9.093,9.006,9.022,309114.0
2026-02-09T21:00:00,9.021,9.03,8.86,8.9,759169.0
2026-02-09T22:00:00,8.899,8.977,8.892,8.961,445994.0
2026-02-09T23:00:00,8.961,8.982,8.871,8.895,327002.0
2026-02-10T00:00:00,8.896,8.913,8.735,8.772,1102834.0
2026-02-10T01:00:00,8.772,8.845,8.764,8.819,537165.0
2026-02-10T02:00:00,8.819,8.864,8.789,8.855,404557.0
2026-02-10T03:00:00,8.855,8.903,8.832,8.856,396965.0
2026-02-10T04:00:00,8.857,8.869,8.815,8.82,284713.0
2026-02-10T05:00:00,8.82,8.848,8.775,8.781,482350.0
2026-02-10T06:00:00,8.782,8.822,8.759,8.767,365880.0
2026-02-10T07:00:00,8.767,8.819,8.744,8.801,510491.0
2026-02-10T08:00:00,8.801,8.871,8.7,8.76,1167274.0
2026-02-10T09:00:00,8.76,8.839,8.733,8.779,847043.0
2026-02-10T10:00:00,8.779,8.845,8.73,8.773,632206.0
2026-02-10T11:00:00,8.773,8.847,8.744,8.818,549168.0
2026-02-10T12:00:00,8.818,8.828,8.664,8.707,840929.0
2026-02-10T13:00:00,8.707,8.762,8.678,8.72,490043.0
2026-02-10T14:00:00,8.719,8.736,8.692,8.704,420977.0
2026-02-10T15:00:00,8.703,8.731,8.653,8.679,586569.0
2026-02-10T16:00:00,8.68,8.755,8.68,8.721,331498.0
2026-02-10T17:00:00,8.721,8.747,8.698,8.744,317708.0
2026-02-10T18:00:00,8.744,8.77,8.724,8.76,427959.0
2026-02-10T19:00:00,8.761,8.781,8.738,8.771,205999.0
2026-02-10T20:00:00,8.77,8.881,8.77,8.842,765834.0
2026-02-10T21:00:00,8.842,8.96,8.774,8.863,918938.0
2026-02-10T22:00:00,8.863,8.881,8.706,8.729,881519.0
2026-02-10T23:00:00,8.73,8.763,8.661,8.67,467888.0
2026-02-11T00:00:00,8.671,8.688,8.542,8.562,1108699.0
2026-02-11T01:00:00,8.562,8.614,8.551,8.573,475420.0
2026-02-11T02:00:00,8.574,8.586,8.524,8.542,531721.0
2026-02-11T03:00:00,8.542,8.563,8.512,8.522,326876.0
2026-02-11T04:00:00,8.521,8.539,8.472,8.518,774928.0
2026-02-11T05:00:00,8.518,8.588,8.513,8.578,459231.0
2026-02-11T06:00:00,8.578,8.614,8.552,8.579,427765.0
2026-02-11T07:00:00,8.579,8.672,8.554,8.654,828930.0
2026-02-11T08:00:00,8.654,8.888,8.527,8.545,2267285.0
2026-02-11T09:00:00,8.545,8.586,8.429,8.512,1737418.0
2026-02-11T10:00:00,8.512,8.667,8.479,8.547,1511281.0
2026-02-11T11:00:00,8.546,8.676,8.519,8.625,836205.0
2026-02-11T12:00:00,8.626,8.739,8.576,8.708,743000.0
2026-02-11T13:00:00,8.707,8.761,8.678,8.697,658461.0
2026-02-11T14:00:00,8.696,8.711,8.629,8.693,533407.0
2026-02-11T15:00:00,8.693,8.804,8.671,8.742,759960.0
2026-02-11T16:00:00,8.742,8.753,8.657,8.668,403184.0
2026-02-11T17:00:00,8.668,8.696,8.581,8.629,658321.0
2026-02-11T18:00:00,8.63,8.745,8.629,8.716,583471.0
2026-02-11T19:00:00,8.716,8.783,8.716,8.729,375798.0
2026-02-11T20:00:00,8.728,8.763,8.69,8.718,443586.0
2026-02-11T21:00:00,8.719,8.755,8.706,8.747,328435.0
2026-02-11T22:00:00,8.747,8.769,8.717,8.734,400799.0
2026-02-11T23:00:00,8.734,8.778,8.681,8.771,433352.0
2026-02-12T00:00:00,8.772,8.84,8.767,8.812,451271.0
2026-02-12T01:00:00,8.812,8.839,8.777,8.812,363366.0
2026-02-12T02:00:00,8.812,8.833,8.777,8.801,408769.0
2026-02-12T03:00:00,8.801,8.894,8.786,8.876,632005.0
2026-02-12T04:00:00,8.876,8.95,8.863,8.946,630187.0
2026-02-12T05:00:00,8.947,8.975,8.902,8.907,704596.0
2026-02-12T06:00:00,8.908,8.919,8.821,8.84,656941.0
2026-02-12T07:00:00,8.839,8.933,8.808,8.932,772542.0
2026-02-12T08:00:00,8.932,8.968,8.88,8.915,933859.0
2026-02-12T09:00:00,8.916,8.948,8.792,8.8,1350372.0
2026-02-12T10:00:00,8.8,8.809,8.61,8.667,2118769.0
2026-02-12T11:00:00,8.667,8.753,8.646,8.67,1140549.0
2026-02-12T12:00:00,8.67,8.758,8.643,8.731,1017292.0
2026-02-12T13:00:00,8.731,8.861,8.697,8.764,1098705.0
2026-02-12T14:00:00,8.765,8.779,8.679,8.7,650776.0
2026-02-12T15:00:00,8.7,8.764,8.7,8.74,464442.0
2026-02-12T16:00:00,8.74,8.831,8.706,8.826,453284.0
2026-02-12T17:00:00,8.826,8.904,8.817,8.902,826623.0
2026-02-12T18:00:00,8.901,8.935,8.821,8.849,642418.0
2026-02-12T19:00:00,8.848,8.912,8.842,8.866,669693.0
2026-02-12T20:00:00,8.867,8.883,8.821,8.864,571268.0
2026-02-12T21:00:00,8.864,8.896,8.814,8.856,436399.0
2026-02-12T22:00:00,8.855,8.859,8.797,8.803,453915.0
2026-02-12T23:00:00,8.803,8.835,8.771,8.784,351378.0
2026-02-13T00:00:00,8.784,8.81,8.731,8.804,487079.0
2026-02-13T01:00:00,8.804,8.865,8.799,8.829,501154.0
2026-02-13T02:00:00,8.829,8.912,8.809,8.896,532358.0
2026-02-13T03:00:00,8.896,8.904,8.843,8.877,440218.0
2026-02-13T04:00:00,8.876,8.909,8.86,8.888,328913.0
2026-02-13T05:00:00,8.888,8.892,8.843,8.869,391933.0
2026-02-13T06:00:00,8.868,8.868,8.825,8.85,331541.0
2026-02-13T07:00:00,8.85,8.957,8.839,8.92,1114319.0
2026-02-13T08:00:00,8.919,9.03,8.874,8.984,1732801.0
2026-02-13T09:00:00,8.985,9.216,8.984,9.101,2528427.0
2026-02-13T10:00:00,9.101,9.247,9.088,9.187,1178706.0
2026-02-13T11:00:00,9.186,9.206,9.14,9.161,532803.0
2026-02-13T12:00:00,9.161,9.197,9.128,9.177,609259.0
2026-02-13T13:00:00,9.177,9.204,9.162,9.177,329161.0
2026-02-13T14:00:00,9.178,9.21,9.148,9.203,481307.0
2026-02-13T15:00:00,9.202,9.241,9.199,9.217,469197.0
2026-02-13T16:00:00,9.218,9.245,9.175,9.193,448163.0
2026-02-13T17:00:00,9.193,9.195,9.134,9.139,339253.0
2026-02-13T18:00:00,9.139,9.206,9.117,9.184,449320.0
2026-02-13T19:00:00,9.184,9.195,9.157,9.175,272104.0
2026-02-13T20:00:00,9.175,9.188,9.163,9.181,218921.0
2026-02-13T21:00:00,9.18,9.217,9.173,9.207,192745.0
2026-02-13T22:00:00,9.206,9.206,9.168,9.17,150547.0
2026-02-13T23:00:00,9.17,9.187,9.142,9.16,297599.0
2026-02-14T00:00:00,9.161,9.172,9.132,9.171,291386.0
2026-02-14T01:00:00,9.171,9.207,9.167,9.189,282692.0
2026-02-14T02:00:00,9.19,9.277,9.186,9.259,681409.0
2026-02-14T03:00:00,9.259,9.266,9.228,9.249,293068.0
2026-02-14T04:00:00,9.25,9.25,9.219,9.243,218938.0
2026-02-14T05:00:00,9.244,9.383,9.241,9.368,976124.0
2026-02-14T06:00:00,9.367,9.391,9.299,9.3,730583.0
2026-02-14T07:00:00,9.299,9.309,9.248,9.287,690480.0
2026-02-14T08:00:00,9.288,9.386,9.279,9.371,488067.0
2026-02-14T09:00:00,9.37,9.381,9.327,9.379,547584.0
2026-02-14T10:00:00,9.379,9.454,9.336,9.434,619786.0
2026-02-14T11:00:00,9.433,9.491,9.41,9.466,592507.0
2026-02-14T12:00:00,9.466,9.558,9.454,9.558,550252.0
2026-02-14T13:00:00,9.558,9.627,9.489,9.625,674681.0
2026-02-14T14:00:00,9.626,9.65,9.533,9.591,620538.0
2026-02-14T15:00:00,9.59,9.647,9.555,9.642,725434.0
2026-02-14T16:00:00,9.642,9.713,9.628,9.637,564232.0
2026-02-14T17:00:00,9.636,9.641,9.561,9.59,376082.0
2026-02-14T18:00:00,9.59,9.618,9.529,9.575,499810.0
2026-02-14T19:00:00,9.574,9.636,9.517,9.567,526534.0
2026-02-14T20:00:00,9.566,9.622,9.487,9.546,501748.0
2026-02-14T21:00:00,9.546,9.596,9.472,9.592,717667.0
2026-02-14T22:00:00,9.592,9.708,9.578,9.613,954337.0
2026-02-14T23:00:00,9.612,9.712,9.61,9.681,446995.0
2026-02-15T00:00:00,9.681,9.692,9.604,9.631,360592.0
2026-02-15T01:00:00,9.631,9.745,9.627,9.693,735127.0
2026-02-15T02:00:00,9.694,9.702,9.522,9.576,744355.0
2026-02-15T03:00:00,9.576,9.645,9.563,9.584,401042.0
2026-02-15T04:00:00,9.584,9.591,9.505,9.546,530273.0
2026-02-15T05:00:00,9.546,9.566,9.514,9.526,232262.0
2026-02-15T06:00:00,9.526,9.54,9.319,9.323,1161722.0
2026-02-15T07:00:00,9.324,9.411,9.269,9.293,1390878.0
2026-02-15T08:00:00,9.292,9.37,9.287,9.367,722352.0
2026-02-15T09:00:00,9.367,9.394,9.348,9.379,405241.0
2026-02-15T10:00:00,9.379,9.379,9.31,9.356,592276.0
2026-02-15T11:00:00,9.357,9.371,9.176,9.25,1257615.0
2026-02-15T12:00:00,9.25,9.269,9.159,9.188,961969.0
2026-02-15T13:00:00,9.187,9.229,9.131,9.179,1038595.0
2026-02-15T14:00:00,9.178,9.23,9.142,9.216,589793.0
2026-02-15T15:00:00,9.217,9.278,9.213,9.235,455069.0
2026-02-15T16:00:00,9.235,9.299,9.221,9.278,325729.0
2026-02-15T17:00:00,9.278,9.288,9.201,9.278,529751.0
2026-02-15T18:00:00,9.278,9.335,9.249,9.278,556219.0
2026-02-15T19:00:00,9.279,9.33,9.207,9.241,476219.0
2026-02-15T20:00:00,9.241,9.264,9.202,9.209,320582.0
2026-02-15T21:00:00,9.209,9.237,9.2,9.234,359721.0
2026-02-15T22:00:00,9.233,9.311,9.226,9.31,341163.0
2026-02-15T23:00:00,9.311,9.327,9.175,9.198,524328.0
2026-02-16T00:00:00,9.198,9.27,9.191,9.256,306173.0
2026-02-16T01:00:00,9.256,9.295,9.227,9.254,346485.0
2026-02-16T02:00:00,9.254,9.297,9.251,9.274,351364.0
2026-02-16T03:00:00,9.273,9.341,9.269,9.324,452742.0
2026-02-16T04:00:00,9.323,9.323,9.259,9.265,383676.0
2026-02-16T05:00:00,9.266,9.285,9.165,9.265,714411.0
2026-02-16T06:00:00,9.265,9.38,9.257,9.364,1159538.0
2026-02-16T07:00:00,9.364,9.415,9.187,9.204,1370835.0
2026-02-16T08:00:00,9.204,9.266,9.154,9.221,821903.0
2026-02-16T09:00:00,9.221,9.257,9.037,9.079,1679492.0
2026-02-16T10:00:00,9.079,9.139,9.048,9.135,1197001.0
2026-02-16T11:00:00,9.134,9.18,9.105,9.148,578925.0
2026-02-16T12:00:00,9.148,9.175,9.12,9.124,346907.0
2026-02-16T13:00:00,9.125,9.163,9.11,9.139,353622.0
2026-02-16T14:00:00,9.139,9.215,9.11,9.201,516345.0
2026-02-16T15:00:00,9.201,9.278,9.177,9.271,507446.0
2026-02-16T16:00:00,9.27,9.306,9.251,9.261,708153.0
2026-02-16T17:00:00,9.261,9.279,9.245,9.255,312362.0
2026-02-16T18:00:00,9.255,9.27,9.234,9.241,337295.0
2026-02-16T19:00:00,9.241,9.273,9.209,9.22,308499.0
2026-02-16T20:00:00,9.219,9.293,9.177,9.276,487421.0
2026-02-16T21:00:00,9.276,9.276,9.215,9.217,291004.0
2026-02-16T22:00:00,9.216,9.244,9.183,9.224,294399.0
2026-02-16T23:00:00,9.224,9.229,9.128,9.161,456973.0
2026-02-17T00:00:00,9.162,9.204,9.159,9.193,199973.0
2026-02-17T01:00:00,9.192,9.213,9.162,9.194,307092.0
2026-02-17T02:00:00,9.194,9.215,9.147,9.15,312113.0
2026-02-17T03:00:00,9.15,9.165,9.103,9.129,356340.0
2026-02-17T04:00:00,9.129,9.129,9.052,9.079,509664.0
2026-02-17T05:00:00,9.08,9.124,9.065,9.107,310458.0
2026-02-17T06:00:00,9.108,9.178,9.101,9.143,492985.0
2026-02-17T07:00:00,9.142,9.224,9.122,9.199,636575.0
2026-02-17T08:00:00,9.198,9.226,9.001,9.035,1423276.0
2026-02-17T09:00:00,9.035,9.107,8.998,9.077,1358944.0
2026-02-17T10:00:00,9.078,9.295,9.073,9.143,1577112.0
2026-02-17T11:00:00,9.144,9.168,9.033,9.071,957284.0
2026-02-17T12:00:00,9.072,9.252,9.061,9.223,972939.0
2026-02-17T13:00:00,9.223,9.247,9.167,9.174,505538.0
2026-02-17T14:00:00,9.174,9.188,9.126,9.156,372791.0
2026-02-17T15:00:00,9.157,9.19,9.136,9.167,294133.0
2026-02-17T16:00:00,9.166,9.195,9.149,9.154,231668.0
2026-02-17T17:00:00,9.154,9.169,9.123,9.136,418304.0
2026-02-17T18:00:00,9.136,9.147,9.102,9.104,371785.0
2026-02-17T19:00:00,9.104,9.114,9.061,9.099,419580.0
2026-02-17T20:00:00,9.1,9.162,9.098,9.107,387820.0
2026-02-17T21:00:00,9.107,9.13,9.092,9.105,314434.0
2026-02-17T22:00:00,9.105,9.116,9.064,9.072,375245.0
2026-02-17T23:00:00,9.071,9.081,9.029,9.033,385948.0
2026-02-18T00:00:00,9.032,9.086,9.031,9.056,281170.0
2026-02-18T01:00:00,9.056,9.143,9.05,9.124,357405.0
2026-02-18T02:00:00,9.124,9.206,9.122,9.135,618435.0
2026-02-18T03:00:00,9.136,9.141,9.11,9.115,237563.0
2026-02-18T04:00:00,9.115,9.144,9.078,9.087,387077.0
2026-02-18T05:00:00,9.087,9.098,8.99,9.034,664588.0
2026-02-18T06:00:00,9.035,9.064,9.009,9.041,534174.0
2026-02-18T07:00:00,9.042,9.059,8.961,8.986,623350.0
2026-02-18T08:00:00,8.986,9.022,8.934,9.013,1044584.0
2026-02-18T09:00:00,9.012,9.2,9.008,9.111,1359946.0
2026-02-18T10:00:00,9.112,9.117,9.009,9.028,828205.0
2026-02-18T11:00:00,9.028,9.109,9.01,9.014,570817.0
2026-02-18T12:00:00,9.015,9.026,8.901,8.918,1268819.0
2026-02-18T13:00:00,8.918,8.949,8.814,8.874,1474957.0
2026-02-18T14:00:00,8.874,8.913,8.85,8.869,718703.0
2026-02-18T15:00:00,8.87,8.899,8.842,8.847,500242.0
2026-02-18T16:00:00,8.848,8.861,8.794,8.844,569908.0
2026-02-18T17:00:00,8.845,8.856,8.829,8.852,221729.0
2026-02-18T18:00:00,8.853,8.864,8.827,8.834,285762.0
2026-02-18T19:00:00,8.834,8.906,8.834,8.906,483410.0
2026-02-18T20:00:00,8.906,8.916,8.863,8.89,315465.0
2026-02-18T21:00:00,8.89,8.92,8.881,8.907,347412.0
2026-02-18T22:00:00,8.908,8.935,8.891,8.892,248232.0
2026-02-18T23:00:00,8.893,8.899,8.832,8.865,336708.0
2026-02-19T00:00:00,8.865,8.926,8.863,8.903,328935.0
2026-02-19T01:00:00,8.903,8.919,8.877,8.898,266303.0
2026-02-19T02:00:00,8.898,8.898,8.797,8.827,486183.0
2026-02-19T03:00:00,8.828,8.865,8.814,8.824,417341.0
2026-02-19T04:00:00,8.824,8.851,8.797,8.82,417309.0
2026-02-19T05:00:00,8.82,8.836,8.778,8.787,412879.0
2026-02-19T06:00:00,8.787,8.815,8.772,8.788,347919.0
2026-02-19T07:00:00,8.789,8.794,8.653,8.698,1179936.0
2026-02-19T08:00:00,8.698,8.804,8.683,8.778,1154645.0
2026-02-19T09:00:00,8.778,8.86,8.751,8.815,1384139.0
2026-02-19T10:00:00,8.814,8.9,8.733,8.834,1220416.0
2026-02-19T11:00:00,8.834,8.937,8.77,8.797,1008747.0
2026-02-19T12:00:00,8.798,8.909,8.783,8.889,750847.0
2026-02-19T13:00:00,8.889,8.912,8.824,8.883,534375.0
2026-02-19T14:00:00,8.882,8.922,8.861,8.895,438485.0
2026-02-19T15:00:00,8.894,8.913,8.883,8.89,308021.0
2026-02-19T16:00:00,8.891,8.901,8.852,8.896,324959.0
2026-02-19T17:00:00,8.896,8.916,8.886,8.896,283187.0
2026-02-19T18:00:00,8.895,8.967,8.885,8.935,529197.0
2026-02-19T19:00:00,8.935,8.949,8.911,8.93,372971.0
2026-02-19T20:00:00,8.93,8.95,8.916,8.926,199793.0
2026-02-19T21:00:00,8.926,8.96,8.922,8.937,233940.0
2026-02-19T22:00:00,8.937,8.944,8.876,8.919,414519.0
2026-02-19T23:00:00,8.919,9.032,8.901,9.0,737480.0
2026-02-20T00:00:00,9.0,9.081,8.988,9.077,600259.0
2026-02-20T01:00:00,9.077,9.288,9.077,9.196,2020259.0
2026-02-20T02:00:00,9.196,9.269,9.19,9.218,889733.0
2026-02-20T03:00:00,9.218,9.329,9.217,9.283,1288673.0
2026-02-20T04:00:00,9.282,9.361,9.218,9.23,1023175.0
2026-02-20T05:00:00,9.231,9.234,9.095,9.111,1072350.0
2026-02-20T06:00:00,9.111,9.125,9.08,9.098,470148.0
2026-02-20T07:00:00,9.098,9.123,8.922,8.972,1583013.0
2026-02-20T08:00:00,8.972,9.06,8.966,9.02,934773.0
2026-02-20T09:00:00,9.021,9.19,9.016,9.173,1948559.0
2026-02-20T10:00:00,9.173,9.243,9.096,9.156,1254282.0
2026-02-20T11:00:00,9.156,9.162,8.997,9.148,1425008.0
2026-02-20T12:00:00,9.147,9.174,9.085,9.135,1001556.0
2026-02-20T13:00:00,9.135,9.153,9.098,9.147,497862.0
2026-02-20T14:00:00,9.146,9.16,9.09,9.13,353125.0
2026-02-20T15:00:00,9.131,9.155,9.11,9.148,320003.0
2026-02-20T16:00:00,9.147,9.166,9.116,9.146,291788.0
2026-02-20T17:00:00,9.146,9.172,9.131,9.165,370283.0
2026-02-20T18:00:00,9.164,9.173,9.115,9.133,308673.0
2026-02-20T19:00:00,9.133,9.156,9.117,9.151,247803.0
2026-02-20T20:00:00,9.151,9.196,9.143,9.184,256681.0
2026-02-20T21:00:00,9.184,9.191,9.133,9.161,351374.0
2026-02-20T22:00:00,9.16,9.176,9.143,9.174,207959.0
2026-02-20T23:00:00,9.173,9.207,9.172,9.199,289166.0
2026-02-21T00:00:00,9.199,9.203,9.129,9.145,389078.0
2026-02-21T01:00:00,9.145,9.162,9.13,9.149,252881.0
2026-02-21T02:00:00,9.15,9.214,9.136,9.206,371381.0
2026-02-21T03:00:00,9.205,9.252,9.191,9.227,521699.0
2026-02-21T04:00:00,9.227,9.286,9.227,9.258,368309.0
2026-02-21T05:00:00,9.257,9.294,9.25,9.272,455899.0
2026-02-21T06:00:00,9.272,9.286,9.247,9.281,332833.0
2026-02-21T07:00:00,9.281,9.348,9.274,9.345,602104.0
2026-02-21T08:00:00,9.344,9.449,9.324,9.35,1341422.0
2026-02-21T09:00:00,9.35,9.369,9.253,9.28,746218.0
2026-02-21T10:00:00,9.28,9.287,9.195,9.221,795432.0
2026-02-21T11:00:00,9.221,9.276,9.205,9.262,404680.0
2026-02-21T12:00:00,9.262,9.305,9.26,9.3,353256.0
2026-02-21T13:00:00,9.301,9.304,9.25,9.264,265263.0
2026-02-21T14:00:00,9.263,9.272,9.146,9.152,733070.0
2026-02-21T15:00:00,9.152,9.195,9.135,9.191,455029.0
2026-02-21T16:00:00,9.19,9.194,9.154,9.159,222924.0
2026-02-21T17:00:00,9.158,9.162,9.102,9.11,706383.0
2026-02-21T18:00:00,9.111,9.111,9.019,9.058,713993.0
2026-02-21T19:00:00,9.058,9.091,9.039,9.072,557504.0
2026-02-21T20:00:00,9.072,9.097,9.021,9.029,374379.0
2026-02-21T21:00:00,9.029,9.054,9.001,9.041,398900.0
2026-02-21T22:00:00,9.04,9.059,9.031,9.036,224203.0
2026-02-21T23:00:00,9.037,9.041,8.986,9.002,381544.0
2026-02-22T00:00:00,9.002,9.009,8.953,9.001,534390.0
2026-02-22T01:00:00,9.001,9.026,8.992,9.007,319230.0
2026-02-22T02:00:00,9.007,9.018,8.972,8.978,305522.0
2026-02-22T03:00:00,8.978,8.991,8.965,8.986,218273.0
2026-02-22T04:00:00,8.986,9.055,8.985,9.022,458897.0
2026-02-22T05:00:00,9.022,9.029,8.993,9.0,252315.0
2026-02-22T06:00:00,9.0,9.005,8.901,8.925,755633.0
2026-02-22T07:00:00,8.926,8.932,8.862,8.899,860346.0
2026-02-22T08:00:00,8.899,8.903,8.82,8.859,893735.0
2026-02-22T09:00:00,8.86,8.894,8.807,8.877,718600.0
2026-02-22T10:00:00,8.877,8.878,8.84,8.869,303487.0
2026-02-22T11:00:00,8.87,8.873,8.789,8.805,770119.0
2026-02-22T12:00:00,8.805,8.827,8.793,8.812,313703.0
2026-02-22T13:00:00,8.812,8.821,8.791,8.812,213797.0
2026-02-22T14:00:00,8.813,8.814,8.784,8.792,318297.0
2026-02-22T15:00:00,8.793,8.829,8.785,8.818,291801.0
2026-02-22T16:00:00,8.817,8.863,8.807,8.856,329226.0
2026-02-22T17:00:00,8.856,8.885,8.826,8.874,377453.0
2026-02-22T18:00:00,8.875,8.89,8.77,8.779,676653.0
2026-02-22T19:00:00,8.78,8.781,8.331,8.355,5302989.0
2026-02-22T20:00:00,8.354,8.427,8.321,8.407,1161228.0
2026-02-22T21:00:00,8.408,8.455,8.356,8.411,766745.0
2026-02-22T22:00:00,8.412,8.419,8.328,8.356,693494.0
2026-02-22T23:00:00,8.357,8.438,8.347,8.42,601028.0
2026-02-23T00:00:00,8.421,8.573,8.416,8.565,889039.0
2026-02-23T01:00:00,8.565,8.602,8.541,8.557,505740.0
2026-02-23T02:00:00,8.557,8.557,8.497,8.507,535622.0
2026-02-23T03:00:00,8.508,8.716,8.508,8.691,1014497.0
2026-02-23T04:00:00,8.691,8.724,8.663,8.675,527837.0
2026-02-23T05:00:00,8.676,8.712,8.633,8.651,455116.0
2026-02-23T06:00:00,8.651,8.775,8.646,8.733,900515.0
2026-02-23T07:00:00,8.733,8.742,8.681,8.686,458411.0
2026-02-23T08:00:00,8.685,8.698,8.578,8.635,1052398.0
2026-02-23T09:00:00,8.635,8.65,8.547,8.56,916720.0
2026-02-23T10:00:00,8.56,8.612,8.512,8.551,1108058.0
2026-02-23T11:00:00,8.552,8.568,8.33,8.434,1506096.0
2026-02-23T12:00:00,8.434,8.509,8.402,8.412,805588.0
2026-02-23T13:00:00,8.413,8.437,8.355,8.364,547195.0
2026-02-23T14:00:00,8.364,8.371,8.264,8.341,1323403.0
2026-02-23T15:00:00,8.34,8.414,8.333,8.397,687816.0
2026-02-23T16:00:00,8.397,8.448,8.39,8.404,466669.0
2026-02-23T17:00:00,8.404,8.437,8.35,8.359,344653.0
2026-02-23T18:00:00,8.36,8.432,8.359,8.413,480766.0
2026-02-23T19:00:00,8.413,8.437,8.206,8.365,1610994.0
2026-02-23T20:00:00,8.365,8.418,8.345,8.379,400940.0
2026-02-23T21:00:00,8.378,8.378,8.269,8.302,527061.0
2026-02-23T22:00:00,8.302,8.315,8.234,8.267,722629.0
2026-02-23T23:00:00,8.267,8.305,8.201,8.248,674209.0
2026-02-24T00:00:00,8.247,8.275,8.221,8.235,411554.0
2026-02-24T01:00:00,8.235,8.274,8.214,8.25,358275.0
2026-02-24T02:00:00,8.25,8.319,8.221,8.301,427391.0
2026-02-24T03:00:00,8.302,8.304,8.225,8.28,380584.0
2026-02-24T04:00:00,8.28,8.289,8.256,8.271,296171.0
2026-02-24T05:00:00,8.272,8.323,8.251,8.309,764434.0
2026-02-24T06:00:00,8.309,8.357,8.294,8.298,644822.0
2026-02-24T07:00:00,8.299,8.31,8.188,8.249,884006.0
2026-02-24T08:00:00,8.25,8.373,8.173,8.317,1343822.0
2026-02-24T09:00:00,8.318,8.367,8.296,8.327,691060.0
2026-02-24T10:00:00,8.327,8.412,8.316,8.387,835092.0
2026-02-24T11:00:00,8.386,8.405,8.352,8.38,565299.0
2026-02-24T12:00:00,8.38,8.435,8.336,8.392,492965.0
2026-02-24T13:00:00,8.392,8.418,8.319,8.344,479249.0
2026-02-24T14:00:00,8.344,8.373,8.332,8.352,227567.0
2026-02-24T15:00:00,8.351,8.352,8.277,8.303,460937.0
2026-02-24T16:00:00,8.303,8.345,8.282,8.309,289089.0
2026-02-24T17:00:00,8.31,8.315,8.248,8.279,349227.0
2026-02-24T18:00:00,8.28,8.329,8.258,8.318,386355.0
2026-02-24T19:00:00,8.318,8.698,8.311,8.611,2649523.0
2026-02-24T20:00:00,8.61,8.706,8.606,8.623,1234772.0
2026-02-24T21:00:00,8.624,8.641,8.502,8.509,719623.0
2026-02-24T22:00:00,8.51,8.563,8.453,8.53,632883.0
2026-02-24T23:00:00,8.531,8.535,8.409,8.468,552557.0
2026-02-25T00:00:00,8.468,8.534,8.468,8.498,424850.0
2026-02-25T01:00:00,8.498,8.577,8.498,8.571,576943.0
2026-02-25T02:00:00,8.57,8.629,8.536,8.622,580611.0
2026-02-25T03:00:00,8.622,8.747,8.616,8.732,844268.0
2026-02-25T04:00:00,8.732,8.83,8.732,8.797,1512593.0
2026-02-25T05:00:00,8.796,8.984,8.761,8.97,2099097.0
2026-02-25T06:00:00,8.969,9.332,8.956,9.309,3642352.0
2026-02-25T07:00:00,9.308,9.509,9.308,9.394,3344573.0
2026-02-25T08:00:00,9.395,9.495,9.322,9.476,2020486.0
2026-02-25T09:00:00,9.475,9.596,9.453,9.529,1675326.0
2026-02-25T10:00:00,9.529,9.814,9.529,9.792,2182615.0
2026-02-25T11:00:00,9.792,9.819,9.615,9.665,1749054.0
2026-02-25T12:00:00,9.665,9.772,9.581,9.737,1189452.0
2026-02-25T13:00:00,9.737,9.775,9.631,9.747,878620.0
2026-02-25T14:00:00,9.748,9.784,9.646,9.686,999303.0
2026-02-25T15:00:00,9.685,9.841,9.638,9.705,1217864.0
2026-02-25T16:00:00,9.705,9.744,9.536,9.588,934908.0
2026-02-25T17:00:00,9.587,9.651,9.416,9.515,1262039.0
2026-02-25T18:00:00,9.516,9.632,9.474,9.517,1457876.0
2026-02-25T19:00:00,9.518,9.57,9.493,9.501,806874.0
2026-02-25T20:00:00,9.501,9.517,9.427,9.478,949139.0
2026-02-25T21:00:00,9.478,9.495,9.423,9.451,490599.0
2026-02-25T22:00:00,9.45,9.56,9.44,9.501,681167.0
2026-02-25T23:00:00,9.502,9.503,9.404,9.429,822726.0
2026-02-26T00:00:00,9.429,9.452,9.341,9.362,1159023.0
2026-02-26T01:00:00,9.362,9.387,9.315,9.321,615174.0
2026-02-26T02:00:00,9.321,9.379,9.312,9.322,983177.0
2026-02-26T03:00:00,9.323,9.402,9.314,9.376,1231007.0
2026-02-26T04:00:00,9.377,9.395,9.279,9.292,678597.0
2026-02-26T05:00:00,9.292,9.303,9.23,9.238,585618.0
2026-02-26T06:00:00,9.238,9.361,9.231,9.349,649774.0
2026-02-26T07:00:00,9.349,9.372,9.312,9.328,546211.0
2026-02-26T08:00:00,9.329,9.388,9.271,9.318,1159812.0
2026-02-26T09:00:00,9.317,9.348,9.204,9.301,1587732.0
2026-02-26T10:00:00,9.302,9.32,9.089,9.11,1688255.0
2026-02-26T11:00:00,9.11,9.187,9.088,9.113,840456.0
2026-02-26T12:00:00,9.113,9.227,9.087,9.213,706421.0
2026-02-26T13:00:00,9.213,9.34,9.208,9.298,934724.0
2026-02-26T14:00:00,9.298,9.335,9.23,9.245,522907.0
2026-02-26T15:00:00,9.246,9.27,9.229,9.241,322620.0
2026-02-26T16:00:00,9.242,9.325,9.235,9.32,373147.0
2026-02-26T17:00:00,9.32,9.33,9.292,9.302,258653.0
2026-02-26T18:00:00,9.302,9.311,9.246,9.281,312084.0
2026-02-26T19:00:00,9.281,9.304,9.241,9.303,382491.0
2026-02-26T20:00:00,9.302,9.38,9.297,9.344,480922.0
2026-02-26T21:00:00,9.345,9.425,9.317,9.406,446058.0
2026-02-26T22:00:00,9.407,9.481,9.387,9.396,751453.0
2026-02-26T23:00:00,9.396,9.424,9.377,9.413,347454.0
2026-02-27T00:00:00,9.412,9.436,9.36,9.402,720460.0
2026-02-27T01:00:00,9.401,9.412,9.337,9.382,363102.0
2026-02-27T02:00:00,9.381,9.424,9.357,9.374,488364.0
2026-02-27T03:00:00,9.374,9.387,9.246,9.27,619407.0
2026-02-27T04:00:00,9.27,9.276,9.074,9.098,1127254.0
2026-02-27T05:00:00,9.098,9.125,8.985,9.027,1331715.0
2026-02-27T06:00:00,9.027,9.054,8.991,9.015,792030.0
2026-02-27T07:00:00,9.015,9.046,8.911,8.997,1191819.0
2026-02-27T08:00:00,8.998,9.007,8.932,8.954,745320.0
2026-02-27T09:00:00,8.953,9.023,8.942,9.011,664236.0
2026-02-27T10:00:00,9.011,9.013,8.891,8.906,800598.0
2026-02-27T11:00:00,8.906,8.955,8.856,8.948,809896.0
2026-02-27T12:00:00,8.948,8.983,8.927,8.932,388771.0
2026-02-27T13:00:00,8.931,8.949,8.849,8.889,1047959.0
2026-02-27T14:00:00,8.889,8.913,8.876,8.897,448784.0
2026-02-27T15:00:00,8.898,8.938,8.867,8.885,400710.0
2026-02-27T16:00:00,8.885,8.9,8.776,8.886,692710.0
2026-02-27T17:00:00,8.886,8.962,8.883,8.945,400735.0
2026-02-27T18:00:00,8.946,8.971,8.935,8.955,280256.0
2026-02-27T19:00:00,8.956,8.965,8.893,8.903,298405.0
2026-02-27T20:00:00,8.904,8.934,8.904,8.927,140522.0
2026-02-27T21:00:00,8.928,8.928,8.871,8.884,222405.0
2026-02-27T22:00:00,8.883,8.892,8.838,8.884,280378.0
2026-02-27T23:00:00,8.884,8.901,8.852,8.879,262715.0
2026-02-28T00:00:00,8.878,8.878,8.509,8.53,3059848.0
2026-02-28T01:00:00,8.531,8.727,8.48,8.617,1451679.0
2026-02-28T02:00:00,8.617,8.624,8.472,8.48,865200.0
2026-02-28T03:00:00,8.479,8.5,8.426,8.476,787607.0
2026-02-28T04:00:00,8.475,8.553,8.429,8.503,590404.0
2026-02-28T05:00:00,8.502,8.558,8.465,8.467,474610.0
2026-02-28T06:00:00,8.468,8.515,8.45,8.507,557219.0
2026-02-28T07:00:00,8.507,8.706,8.483,8.692,1312839.0
2026-02-28T08:00:00,8.693,8.741,8.584,8.601,1400098.0
2026-02-28T09:00:00,8.601,8.659,8.544,8.627,588270.0
2026-02-28T10:00:00,8.627,8.686,8.605,8.675,488256.0
2026-02-28T11:00:00,8.675,8.743,8.631,8.726,910150.0
2026-02-28T12:00:00,8.726,8.956,8.711,8.896,1207096.0
2026-02-28T13:00:00,8.895,8.99,8.82,8.926,1171748.0
2026-02-28T14:00:00,8.927,9.17,8.914,9.144,1914124.0
2026-02-28T15:00:00,9.145,9.192,9.087,9.123,1309412.0
2026-02-28T16:00:00,9.123,9.268,9.123,9.202,875549.0
2026-02-28T17:00:00,9.202,9.21,9.123,9.162,557435.0
2026-02-28T18:00:00,9.161,9.214,9.129,9.135,648830.0
2026-02-28T19:00:00,9.135,9.338,9.054,9.268,1315914.0
2026-02-28T20:00:00,9.268,9.427,9.268,9.346,1249909.0
2026-02-28T21:00:00,9.346,9.38,9.234,9.26,665968.0
2026-02-28T22:00:00,9.26,9.283,9.181,9.263,528252.0
2026-02-28T23:00:00,9.264,9.299,9.257,9.261,323204.0
2026-03-01T00:00:00,9.26,9.269,9.159,9.181,622398.0
2026-03-01T01:00:00,9.181,9.231,9.154,9.213,318656.0
2026-03-01T02:00:00,9.214,9.253,9.121,9.136,745828.0
2026-03-01T03:00:00,9.136,9.223,9.098,9.138,668040.0
2026-03-01T04:00:00,9.138,9.185,9.097,9.159,501086.0
2026-03-01T05:00:00,9.159,9.174,9.108,9.122,349969.0
2026-03-01T06:00:00,9.121,9.142,9.063,9.069,612155.0
2026-03-01T07:00:00,9.068,9.214,9.024,9.162,1120902.0
2026-03-01T08:00:00,9.162,9.228,9.111,9.134,811866.0
2026-03-01T09:00:00,9.135,9.199,9.128,9.131,586172.0
2026-03-01T10:00:00,9.131,9.163,8.944,9.018,1275806.0
2026-03-01T11:00:00,9.017,9.041,8.942,9.0,956533.0
2026-03-01T12:00:00,9.0,9.102,8.998,9.032,631744.0
2026-03-01T13:00:00,9.033,9.034,8.936,8.947,563828.0
2026-03-01T14:00:00,8.946,8.954,8.838,8.863,1142830.0
2026-03-01T15:00:00,8.862,8.949,8.859,8.938,711576.0
2026-03-01T16:00:00,8.938,9.076,8.929,8.962,1029313.0
2026-03-01T17:00:00,8.962,9.065,8.948,9.029,579523.0
2026-03-01T18:00:00,9.029,9.135,9.003,9.089,925353.0
2026-03-01T19:00:00,9.09,9.197,9.078,9.102,838328.0
2026-03-01T20:00:00,9.102,9.117,9.016,9.048,681145.0
2026-03-01T21:00:00,9.048,9.147,9.028,9.12,591493.0
2026-03-01T22:00:00,9.12,9.138,9.08,9.096,374912.0
2026-03-01T23:00:00,9.095,9.11,9.05,9.063,336148.0
2026-03-02T00:00:00,9.063,9.066,8.933,8.952,662736.0
2026-03-02T01:00:00,8.951,8.951,8.877,8.929,578599.0
2026-03-02T02:00:00,8.93,8.977,8.859,8.967,915889.0
2026-03-02T03:00:00,8.966,9.03,8.959,8.96,569181.0
2026-03-02T04:00:00,8.959,8.97,8.92,8.96,428489.0
2026-03-02T05:00:00,8.961,9.001,8.925,8.972,430395.0
2026-03-02T06:00:00,8.972,8.981,8.932,8.949,334780.0
2026-03-02T07:00:00,8.949,8.972,8.9,8.908,569903.0
2026-03-02T08:00:00,8.908,9.152,8.893,9.141,1445318.0
2026-03-02T09:00:00,9.139,9.398,9.128,9.309,2609510.0
2026-03-02T10:00:00,9.31,9.477,9.31,9.365,2146263.0
2026-03-02T11:00:00,9.364,9.372,9.194,9.271,1285333.0
2026-03-02T12:00:00,9.271,9.291,9.197,9.231,850388.0
2026-03-02T13:00:00,9.231,9.255,9.181,9.236,823466.0
2026-03-02T14:00:00,9.235,9.282,9.185,9.218,734128.0
2026-03-02T15:00:00,9.217,9.226,9.167,9.211,583377.0
2026-03-02T16:00:00,9.212,9.283,9.211,9.263,397840.0
2026-03-02T17:00:00,9.264,9.269,9.145,9.171,553609.0
2026-03-02T18:00:00,9.17,9.234,9.141,9.207,635874.0
2026-03-02T19:00:00,9.207,9.254,9.153,9.156,524884.0
2026-03-02T20:00:00,9.155,9.177,9.072,9.153,788324.0
2026-03-02T21:00:00,9.153,9.17,9.101,9.148,314001.0
2026-03-02T22:00:00,9.149,9.174,9.103,9.11,295925.0
2026-03-02T23:00:00,9.109,9.189,9.072,9.098,586260.0
2026-03-03T00:00:00,9.097,9.111,9.063,9.096,351130.0
2026-03-03T01:00:00,9.096,9.14,9.087,9.108,305970.0
2026-03-03T02:00:00,9.108,9.126,8.987,8.996,972394.0
2026-03-03T03:00:00,8.995,9.044,8.953,8.986,660914.0
2026-03-03T04:00:00,8.986,9.0,8.937,8.981,598680.0
2026-03-03T05:00:00,8.982,9.016,8.965,9.01,433947.0
2026-03-03T06:00:00,9.009,9.113,9.002,9.053,487712.0
2026-03-03T07:00:00,9.054,9.06,8.943,8.962,534635.0
2026-03-03T08:00:00,8.961,9.068,8.891,8.959,1459579.0
2026-03-03T09:00:00,8.958,9.18,8.938,9.159,1450471.0
2026-03-03T10:00:00,9.158,9.332,9.088,9.205,2133448.0
2026-03-03T11:00:00,9.205,9.246,9.128,9.239,845403.0
2026-03-03T12:00:00,9.239,9.315,9.203,9.239,844841.0
2026-03-03T13:00:00,9.24,9.247,9.158,9.176,632570.0
2026-03-03T14:00:00,9.177,9.187,9.126,9.143,604698.0
2026-03-03T15:00:00,9.142,9.143,9.068,9.105,465213.0
2026-03-03T16:00:00,9.105,9.201,9.098,9.164,419457.0
2026-03-03T17:00:00,9.164,9.242,9.159,9.175,436217.0
2026-03-03T18:00:00,9.175,9.208,9.131,9.172,525396.0
2026-03-03T19:00:00,9.172,9.242,9.142,9.181,569944.0
2026-03-03T20:00:00,9.18,9.224,9.149,9.215,369244.0
2026-03-03T21:00:00,9.214,9.221,9.098,9.169,613289.0
2026-03-03T22:00:00,9.168,9.196,9.061,9.104,845391.0
2026-03-03T23:00:00,9.103,9.111,9.004,9.046,886672.0
2026-03-04T00:00:00,9.045,9.101,9.004,9.071,563695.0
2026-03-04T01:00:00,9.071,9.192,9.046,9.18,634881.0
2026-03-04T02:00:00,9.18,9.41,9.158,9.378,1449874.0
2026-03-04T03:00:00,9.378,9.5,9.35,9.39,1707187.0
2026-03-04T04:00:00,9.39,9.436,9.324,9.341,878959.0
2026-03-04T05:00:00,9.342,9.373,9.274,9.298,604931.0
2026-03-04T06:00:00,9.298,9.319,9.237,9.312,650704.0
2026-03-04T07:00:00,9.313,9.37,9.307,9.344,555330.0
2026-03-04T08:00:00,9.344,9.526,9.342,9.377,1548780.0
2026-03-04T09:00:00,9.376,9.723,9.373,9.713,2149952.0
2026-03-04T10:00:00,9.713,9.752,9.526,9.574,1537019.0
2026-03-04T11:00:00,9.574,9.639,9.506,9.603,855084.0
2026-03-04T12:00:00,9.602,9.636,9.525,9.633,693416.0
2026-03-04T13:00:00,9.633,9.781,9.614,9.665,1207001.0
2026-03-04T14:00:00,9.666,9.677,9.574,9.577,702805.0
2026-03-04T15:00:00,9.577,9.587,9.514,9.545,706497.0
2026-03-04T16:00:00,9.545,9.608,9.461,9.482,578535.0
2026-03-04T17:00:00,9.481,9.522,9.419,9.496,584378.0
2026-03-04T18:00:00,9.496,9.501,9.445,9.467,503771.0
2026-03-04T19:00:00,9.466,9.536,9.407,9.431,632288.0
2026-03-04T20:00:00,9.43,9.515,9.429,9.474,446160.0
2026-03-04T21:00:00,9.475,9.495,9.426,9.45,312277.0
2026-03-04T22:00:00,9.45,9.499,9.429,9.468,420634.0
2026-03-04T23:00:00,9.468,9.487,9.386,9.406,443389.0
2026-03-05T00:00:00,9.407,9.456,9.352,9.438,528618.0
2026-03-05T01:00:00,9.439,9.445,9.338,9.376,447452.0
2026-03-05T02:00:00,9.376,9.429,9.357,9.428,409551.0
2026-03-05T03:00:00,9.427,9.509,9.424,9.461,620174.0
2026-03-05T04:00:00,9.462,9.577,9.439,9.551,638108.0
2026-03-05T05:00:00,9.551,9.556,9.427,9.446,554716.0
2026-03-05T06:00:00,9.447,9.523,9.424,9.5,539545.0
2026-03-05T07:00:00,9.501,9.504,9.381,9.427,818097.0
2026-03-05T08:00:00,9.427,9.523,9.415,9.503,915627.0
2026-03-05T09:00:00,9.504,9.515,9.334,9.4,1244007.0
2026-03-05T10:00:00,9.401,9.404,9.274,9.365,1355230.0
2026-03-05T11:00:00,9.366,9.419,9.25,9.271,901252.0
2026-03-05T12:00:00,9.27,9.36,9.254,9.351,511719.0
2026-03-05T13:00:00,9.351,9.452,9.349,9.378,565082.0
2026-03-05T14:00:00,9.377,9.5,9.367,9.469,558765.0
2026-03-05T15:00:00,9.468,9.506,9.417,9.437,543905.0
2026-03-05T16:00:00,9.436,9.44,9.387,9.403,300792.0
2026-03-05T17:00:00,9.403,9.423,9.367,9.375,231953.0
2026-03-05T18:00:00,9.376,9.393,9.353,9.378,281094.0
2026-03-05T19:00:00,9.377,9.432,9.322,9.422,647341.0
2026-03-05T20:00:00,9.423,9.446,9.376,9.388,431778.0
2026-03-05T21:00:00,9.388,9.415,9.372,9.413,257510.0
2026-03-05T22:00:00,9.412,9.418,9.325,9.365,367754.0
2026-03-05T23:00:00,9.364,9.378,9.305,9.361,481644.0
2026-03-06T00:00:00,9.36,9.391,9.336,9.36,335199.0
2026-03-06T01:00:00,9.36,9.469,9.343,9.449,447175.0
2026-03-06T02:00:00,9.449,9.45,9.388,9.397,335223.0
2026-03-06T03:00:00,9.398,9.401,9.273,9.308,823803.0
2026-03-06T04:00:00,9.308,9.369,9.303,9.332,362170.0
2026-03-06T05:00:00,9.332,9.332,9.234,9.249,592431.0
2026-03-06T06:00:00,9.248,9.251,9.163,9.205,1227454.0
2026-03-06T07:00:00,9.205,9.238,9.065,9.087,1735615.0
2026-03-06T08:00:00,9.087,9.089,8.918,8.952,2484293.0
2026-03-06T09:00:00,8.951,9.038,8.94,8.966,1271615.0
2026-03-06T10:00:00,8.966,8.998,8.926,8.96,1038666.0
2026-03-06T11:00:00,8.959,8.981,8.873,8.912,1008649.0
2026-03-06T12:00:00,8.912,8.975,8.909,8.955,472818.0
2026-03-06T13:00:00,8.956,8.991,8.944,8.961,395523.0
2026-03-06T14:00:00,8.962,8.975,8.92,8.956,390777.0
2026-03-06T15:00:00,8.955,9.029,8.949,9.027,646846.0
2026-03-06T16:00:00,9.027,9.064,9.008,9.051,277554.0
2026-03-06T17:00:00,9.051,9.064,9.011,9.012,293283.0
2026-03-06T18:00:00,9.013,9.055,9.003,9.034,230753.0
2026-03-06T19:00:00,9.034,9.043,9.022,9.029,151244.0
2026-03-06T20:00:00,9.03,9.038,9.011,9.034,178421.0
2026-03-06T21:00:00,9.035,9.073,9.014,9.014,290449.0
2026-03-06T22:00:00,9.015,9.019,8.974,9.002,348657.0
2026-03-06T23:00:00,9.001,9.019,8.993,9.012,183000.0
2026-03-07T00:00:00,9.013,9.014,8.968,8.975,251076.0
2026-03-07T01:00:00,8.975,9.01,8.957,9.01,246863.0
2026-03-07T02:00:00,9.009,9.043,8.995,8.998,234794.0
2026-03-07T03:00:00,8.999,9.021,8.97,9.014,232303.0
2026-03-07T04:00:00,9.014,9.026,8.992,8.994,178732.0
2026-03-07T05:00:00,8.994,9.051,8.979,9.011,305188.0
2026-03-07T06:00:00,9.011,9.021,8.983,8.988,181139.0
2026-03-07T07:00:00,8.988,9.003,8.976,8.992,239051.0
2026-03-07T08:00:00,8.992,9.006,8.935,8.983,564702.0
2026-03-07T09:00:00,8.984,9.001,8.945,8.957,323149.0
2026-03-07T10:00:00,8.957,8.977,8.95,8.972,166918.0
2026-03-07T11:00:00,8.972,9.009,8.971,8.99,236875.0
2026-03-07T12:00:00,8.989,8.991,8.913,8.935,465847.0
2026-03-07T13:00:00,8.936,8.936,8.86,8.879,650702.0
2026-03-07T14:00:00,8.879,8.92,8.877,8.917,300769.0
2026-03-07T15:00:00,8.917,8.935,8.901,8.926,225642.0
2026-03-07T16:00:00,8.927,8.93,8.867,8.884,273369.0
2026-03-07T17:00:00,8.883,8.907,8.878,8.902,214845.0
2026-03-07T18:00:00,8.902,8.919,8.873,8.884,360816.0
2026-03-07T19:00:00,8.883,8.909,8.872,8.9,256292.0
2026-03-07T20:00:00,8.899,8.902,8.808,8.824,542559.0
2026-03-07T21:00:00,8.824,8.864,8.811,8.845,309536.0
2026-03-07T22:00:00,8.845,8.86,8.788,8.811,332310.0
2026-03-07T23:00:00,8.811,8.878,8.809,8.858,317357.0
2026-03-08T00:00:00,8.857,8.861,8.83,8.854,186215.0
2026-03-08T01:00:00,8.854,8.902,8.849,8.875,241963.0
2026-03-08T02:00:00,8.875,8.878,8.835,8.871,298031.0
2026-03-08T03:00:00,8.87,8.939,8.86,8.927,462874.0
2026-03-08T04:00:00,8.928,9.015,8.927,8.974,500386.0
2026-03-08T05:00:00,8.974,8.978,8.881,8.908,517273.0
2026-03-08T06:00:00,8.909,9.02,8.844,8.95,1115305.0
2026-03-08T07:00:00,8.951,8.962,8.839,8.89,755412.0
2026-03-08T08:00:00,8.89,8.923,8.863,8.893,314022.0
2026-03-08T09:00:00,8.894,8.897,8.841,8.865,358498.0
2026-03-08T10:00:00,8.864,8.87,8.806,8.83,424292.0
2026-03-08T11:00:00,8.831,8.876,8.823,8.852,325118.0
2026-03-08T12:00:00,8.853,8.856,8.813,8.842,298846.0
2026-03-08T13:00:00,8.842,8.977,8.842,8.956,637170.0
2026-03-08T14:00:00,8.955,8.989,8.918,8.928,391401.0
2026-03-08T15:00:00,8.929,8.939,8.855,8.901,429385.0
2026-03-08T16:00:00,8.901,8.901,8.673,8.837,2540977.0
2026-03-08T17:00:00,8.837,8.881,8.787,8.809,712906.0
2026-03-08T18:00:00,8.81,8.973,8.805,8.896,1114147.0
2026-03-08T19:00:00,8.897,8.926,8.841,8.842,821149.0
2026-03-08T20:00:00,8.842,8.939,8.807,8.91,771602.0
2026-03-08T21:00:00,8.91,9.091,8.899,8.969,1671411.0
2026-03-08T22:00:00,8.969,9.04,8.968,8.988,541583.0
2026-03-08T23:00:00,8.989,9.263,8.979,9.212,1752327.0
2026-03-09T00:00:00,9.212,9.289,9.117,9.125,1659461.0
2026-03-09T01:00:00,9.126,9.126,9.014,9.083,1188352.0
2026-03-09T02:00:00,9.083,9.154,9.069,9.08,842148.0
2026-03-09T03:00:00,9.081,9.171,9.036,9.103,847525.0
2026-03-09T04:00:00,9.102,9.112,9.038,9.056,539390.0
2026-03-09T05:00:00,9.057,9.092,9.009,9.079,540689.0
2026-03-09T06:00:00,9.08,9.162,9.075,9.126,631830.0
2026-03-09T07:00:00,9.127,9.328,9.118,9.281,1647435.0
2026-03-09T08:00:00,9.28,9.319,9.198,9.254,1311915.0
2026-03-09T09:00:00,9.255,9.285,9.211,9.273,719184.0
2026-03-09T10:00:00,9.274,9.338,9.269,9.289,823983.0
2026-03-09T11:00:00,9.29,9.325,9.233,9.252,685059.0
2026-03-09T12:00:00,9.252,9.304,9.207,9.245,583516.0
2026-03-09T13:00:00,9.245,9.53,9.231,9.386,1879449.0
2026-03-09T14:00:00,9.386,9.429,9.335,9.362,828539.0
2026-03-09T15:00:00,9.361,9.4,9.321,9.351,513733.0
2026-03-09T16:00:00,9.351,9.372,9.234,9.253,616816.0
2026-03-09T17:00:00,9.252,9.286,9.224,9.26,544333.0
2026-03-09T18:00:00,9.26,9.365,9.246,9.322,707329.0
2026-03-09T19:00:00,9.322,9.374,9.302,9.346,478229.0
2026-03-09T20:00:00,9.345,9.501,9.316,9.447,981563.0
2026-03-09T21:00:00,9.446,9.47,9.309,9.325,614621.0
2026-03-09T22:00:00,9.325,9.476,9.325,9.43,570563.0
2026-03-09T23:00:00,9.431,9.432,9.374,9.383,450320.0
2026-03-10T00:00:00,9.384,9.385,9.331,9.348,433219.0
2026-03-10T01:00:00,9.348,9.399,9.333,9.398,496493.0
2026-03-10T02:00:00,9.399,9.465,9.395,9.428,792740.0
2026-03-10T03:00:00,9.429,9.598,9.429,9.57,1165097.0
2026-03-10T04:00:00,9.571,9.586,9.491,9.532,569817.0
2026-03-10T05:00:00,9.533,9.591,9.48,9.491,768902.0
2026-03-10T06:00:00,9.492,9.503,9.403,9.432,693269.0
2026-03-10T07:00:00,9.433,9.483,9.329,9.373,1247271.0
2026-03-10T08:00:00,9.374,9.662,9.306,9.646,1895633.0
2026-03-10T09:00:00,9.646,9.809,9.623,9.764,3082180.0
2026-03-10T10:00:00,9.763,9.954,9.688,9.837,2385357.0
2026-03-10T11:00:00,9.837,9.955,9.814,9.874,1311349.0
2026-03-10T12:00:00,9.873,9.881,9.609,9.628,1423643.0
2026-03-10T13:00:00,9.628,9.651,9.547,9.599,741335.0
2026-03-10T14:00:00,9.598,9.651,9.592,9.623,359385.0
2026-03-10T15:00:00,9.622,9.657,9.503,9.539,632038.0
2026-03-10T16:00:00,9.539,9.582,9.502,9.504,448950.0
2026-03-10T17:00:00,9.504,9.533,9.487,9.528,465375.0
2026-03-10T18:00:00,9.528,9.58,9.493,9.549,797702.0
2026-03-10T19:00:00,9.55,9.563,9.498,9.549,398658.0
2026-03-10T20:00:00,9.55,9.557,9.466,9.557,502679.0
2026-03-10T21:00:00,9.558,9.596,9.536,9.54,415537.0
2026-03-10T22:00:00,9.541,9.694,9.524,9.69,611546.0
2026-03-10T23:00:00,9.691,9.736,9.486,9.498,720767.0
2026-03-11T00:00:00,9.497,9.631,9.493,9.613,551061.0
2026-03-11T01:00:00,9.614,9.614,9.481,9.512,554437.0
2026-03-11T02:00:00,9.512,9.565,9.489,9.544,484241.0
2026-03-11T03:00:00,9.544,9.565,9.5,9.511,381703.0
2026-03-11T04:00:00,9.511,9.599,9.506,9.577,327933.0
2026-03-11T05:00:00,9.578,9.616,9.54,9.55,408105.0
2026-03-11T06:00:00,9.551,9.685,9.519,9.598,878341.0
2026-03-11T07:00:00,9.598,9.858,9.595,9.708,1456239.0
2026-03-11T08:00:00,9.708,9.776,9.642,9.68,1094188.0
2026-03-11T09:00:00,9.68,9.689,9.499,9.596,1043637.0
2026-03-11T10:00:00,9.597,9.669,9.566,9.629,601817.0
2026-03-11T11:00:00,9.63,9.741,9.607,9.669,771385.0
2026-03-11T12:00:00,9.669,9.753,9.663,9.729,640425.0
2026-03-11T13:00:00,9.728,9.741,9.688,9.698,441642.0
2026-03-11T14:00:00,9.697,9.699,9.632,9.659,318224.0
2026-03-11T15:00:00,9.659,9.675,9.608,9.638,357336.0
2026-03-11T16:00:00,9.638,9.663,9.58,9.6,387827.0
2026-03-11T17:00:00,9.599,9.617,9.528,9.547,454269.0
2026-03-11T18:00:00,9.548,9.558,9.511,9.54,525351.0
2026-03-11T19:00:00,9.54,9.541,9.487,9.506,444438.0
2026-03-11T20:00:00,9.506,9.519,9.428,9.447,667077.0
2026-03-11T21:00:00,9.446,9.51,9.434,9.483,563726.0
2026-03-11T22:00:00,9.483,9.521,9.462,9.475,325693.0
2026-03-11T23:00:00,9.475,9.492,9.445,9.47,295981.0
2026-03-12T00:00:00,9.471,9.544,9.456,9.528,360173.0
2026-03-12T01:00:00,9.528,9.582,9.501,9.581,411849.0
2026-03-12T02:00:00,9.581,9.639,9.542,9.573,562836.0
2026-03-12T03:00:00,9.573,9.641,9.504,9.577,534616.0
2026-03-12T04:00:00,9.578,9.647,9.559,9.608,496416.0
2026-03-12T05:00:00,9.608,9.616,9.547,9.566,494007.0
2026-03-12T06:00:00,9.566,9.636,9.536,9.608,429144.0
2026-03-12T07:00:00,9.608,9.638,9.509,9.562,793641.0
2026-03-12T08:00:00,9.563,9.625,9.435,9.495,1142794.0
2026-03-12T09:00:00,9.494,9.624,9.482,9.581,1010602.0
2026-03-12T10:00:00,9.581,9.619,9.526,9.594,582377.0
2026-03-12T11:00:00,9.593,9.61,9.524,9.546,483474.0
2026-03-12T12:00:00,9.547,9.584,9.528,9.539,389614.0
2026-03-12T13:00:00,9.539,9.619,9.52,9.599,609072.0
2026-03-12T14:00:00,9.598,9.614,9.582,9.604,280576.0
2026-03-12T15:00:00,9.605,9.661,9.605,9.651,341508.0
2026-03-12T16:00:00,9.65,9.689,9.62,9.643,331129.0
2026-03-12T17:00:00,9.643,9.738,9.641,9.673,766411.0
2026-03-12T18:00:00,9.673,9.953,9.648,9.82,2204458.0
2026-03-12T19:00:00,9.82,9.968,9.819,9.954,794848.0
2026-03-12T20:00:00,9.953,10.007,9.868,9.896,1341063.0
2026-03-12T21:00:00,9.896,9.974,9.852,9.951,631265.0
2026-03-12T22:00:00,9.951,9.951,9.868,9.915,528519.0
2026-03-12T23:00:00,9.915,9.997,9.882,9.95,681995.0
2026-03-13T00:00:00,9.951,9.969,9.808,9.848,801819.0
2026-03-13T01:00:00,9.849,9.887,9.821,9.847,399206.0
2026-03-13T02:00:00,9.847,9.936,9.798,9.839,603725.0
2026-03-13T03:00:00,9.838,9.964,9.81,9.944,648248.0
2026-03-13T04:00:00,9.944,10.044,9.94,10.008,744248.0
2026-03-13T05:00:00,10.008,10.014,9.979,10.002,401151.0
2026-03-13T06:00:00,10.002,10.167,9.988,10.091,1847527.0
2026-03-13T07:00:00,10.091,10.28,10.069,10.208,2408002.0
2026-03-13T08:00:00,10.208,10.258,9.939,9.962,1532708.0
2026-03-13T09:00:00,9.963,10.038,9.866,9.892,1285613.0
2026-03-13T10:00:00,9.892,9.927,9.826,9.894,938675.0
2026-03-13T11:00:00,9.893,9.913,9.716,9.756,919147.0
2026-03-13T12:00:00,9.757,9.813,9.731,9.772,510775.0
2026-03-13T13:00:00,9.773,9.786,9.733,9.767,386947.0
2026-03-13T14:00:00,9.768,9.798,9.746,9.788,312255.0
2026-03-13T15:00:00,9.788,9.817,9.733,9.757,307083.0
2026-03-13T16:00:00,9.756,9.758,9.661,9.704,632697.0
2026-03-13T17:00:00,9.705,9.726,9.69,9.715,183724.0
2026-03-13T18:00:00,9.714,9.714,9.645,9.661,429048.0
2026-03-13T19:00:00,9.66,9.705,9.628,9.697,419277.0
2026-03-13T20:00:00,9.697,9.721,9.671,9.705,243382.0
2026-03-13T21:00:00,9.705,9.755,9.7,9.735,283347.0
2026-03-13T22:00:00,9.736,9.774,9.704,9.71,420380.0
2026-03-13T23:00:00,9.71,9.712,9.632,9.665,369781.0
2026-03-14T00:00:00,9.664,9.666,9.572,9.615,769877.0
2026-03-14T01:00:00,9.616,9.616,9.582,9.588,267339.0
2026-03-14T02:00:00,9.588,9.607,9.568,9.59,296343.0
2026-03-14T03:00:00,9.59,9.606,9.538,9.552,339305.0
2026-03-14T04:00:00,9.552,9.555,9.513,9.542,778403.0
2026-03-14T05:00:00,9.542,9.586,9.538,9.563,352035.0
2026-03-14T06:00:00,9.563,9.568,9.54,9.557,320676.0
2026-03-14T07:00:00,9.557,9.583,9.545,9.562,309806.0
2026-03-14T08:00:00,9.563,9.577,9.537,9.546,240264.0
2026-03-14T09:00:00,9.547,9.57,9.538,9.555,203648.0
2026-03-14T10:00:00,9.555,9.6,9.543,9.599,312189.0
2026-03-14T11:00:00,9.599,9.6,9.563,9.573,171598.0
2026-03-14T12:00:00,9.573,9.583,9.547,9.564,189629.0
2026-03-14T13:00:00,9.565,9.57,9.553,9.567,131663.0
2026-03-14T14:00:00,9.568,9.594,9.557,9.58,207768.0
2026-03-14T15:00:00,9.58,9.615,9.567,9.608,203771.0
2026-03-14T16:00:00,9.609,9.628,9.603,9.621,302398.0
2026-03-14T17:00:00,9.622,9.726,9.622,9.724,671435.0
2026-03-14T18:00:00,9.724,9.739,9.676,9.685,460463.0
2026-03-14T19:00:00,9.685,9.725,9.651,9.707,316343.0
2026-03-14T20:00:00,9.707,9.793,9.701,9.776,593783.0
2026-03-14T21:00:00,9.777,9.799,9.694,9.714,449689.0
2026-03-14T22:00:00,9.715,9.751,9.678,9.71,323438.0
2026-03-14T23:00:00,9.71,9.75,9.685,9.708,404202.0
2026-03-15T00:00:00,9.709,9.726,9.658,9.703,323818.0
2026-03-15T01:00:00,9.703,9.74,9.691,9.708,214842.0
2026-03-15T02:00:00,9.708,9.78,9.708,9.779,313020.0
2026-03-15T03:00:00,9.78,9.864,9.773,9.781,655333.0
2026-03-15T04:00:00,9.782,9.825,9.773,9.8,272907.0
2026-03-15T05:00:00,9.8,9.815,9.792,9.797,205929.0
2026-03-15T06:00:00,9.798,9.878,9.79,9.833,378926.0
2026-03-15T07:00:00,9.833,9.839,9.697,9.753,652182.0
2026-03-15T08:00:00,9.752,9.796,9.704,9.749,375244.0
2026-03-15T09:00:00,9.749,9.752,9.702,9.711,193685.0
2026-03-15T10:00:00,9.71,9.739,9.676,9.702,411718.0
2026-03-15T11:00:00,9.702,9.792,9.696,9.765,482990.0
2026-03-15T12:00:00,9.765,9.789,9.667,9.685,482177.0
2026-03-15T13:00:00,9.685,9.766,9.678,9.758,396475.0
2026-03-15T14:00:00,9.758,9.827,9.729,9.791,485602.0
2026-03-15T15:00:00,9.79,9.857,9.75,9.835,474239.0
2026-03-15T16:00:00,9.835,10.02,9.782,9.972,1333641.0
2026-03-15T17:00:00,9.972,10.042,9.872,9.945,1063536.0
2026-03-15T18:00:00,9.945,9.998,9.894,9.934,650711.0
2026-03-15T19:00:00,9.933,10.029,9.875,9.999,514886.0
2026-03-15T20:00:00,10.0,10.02,9.888,9.962,432152.0
2026-03-15T21:00:00,9.962,10.41,9.94,10.264,3065290.0
2026-03-15T22:00:00,10.264,10.468,10.263,10.419,1346767.0
2026-03-15T23:00:00,10.419,10.517,10.373,10.487,1122539.0
2026-03-16T00:00:00,10.488,10.503,10.387,10.406,660767.0
2026-03-16T01:00:00,10.407,10.452,10.344,10.366,697189.0
2026-03-16T02:00:00,10.366,10.446,10.231,10.246,1262746.0
2026-03-16T03:00:00,10.245,10.308,10.239,10.273,643333.0
2026-03-16T04:00:00,10.273,10.297,10.188,10.266,531810.0
2026-03-16T05:00:00,10.265,10.284,10.173,10.204,451580.0
2026-03-16T06:00:00,10.203,10.27,10.153,10.169,1018950.0
2026-03-16T07:00:00,10.169,10.271,10.142,10.189,1231574.0
2026-03-16T08:00:00,10.189,10.23,9.996,10.139,1699062.0
2026-03-16T09:00:00,10.139,10.187,10.057,10.072,1008263.0
2026-03-16T10:00:00,10.071,10.263,10.067,10.237,770690.0
2026-03-16T11:00:00,10.238,10.298,10.206,10.245,527636.0
2026-03-16T12:00:00,10.245,10.333,10.223,10.238,769499.0
2026-03-16T13:00:00,10.237,10.316,10.186,10.271,728407.0
2026-03-16T14:00:00,10.27,10.371,10.257,10.331,478252.0
2026-03-16T15:00:00,10.331,10.444,10.311,10.373,832884.0
2026-03-16T16:00:00,10.373,10.502,10.372,10.493,807227.0
2026-03-16T17:00:00,10.494,10.514,10.352,10.482,961923.0
2026-03-16T18:00:00,10.481,10.543,10.442,10.505,1534256.0
2026-03-16T19:00:00,10.505,10.517,10.44,10.49,906613.0
2026-03-16T20:00:00,10.491,10.504,10.443,10.466,551644.0
2026-03-16T21:00:00,10.465,10.467,10.272,10.346,925222.0
2026-03-16T22:00:00,10.346,10.384,10.237,10.282,676437.0
2026-03-16T23:00:00,10.282,10.321,10.236,10.273,496873.0
2026-03-17T00:00:00,10.272,10.377,10.24,10.288,479181.0
2026-03-17T01:00:00,10.288,10.395,10.282,10.307,375084.0
2026-03-17T02:00:00,10.307,10.349,10.271,10.286,369185.0
2026-03-17T03:00:00,10.286,10.3,10.245,10.267,509284.0
2026-03-17T04:00:00,10.267,10.287,10.201,10.258,759997.0
2026-03-17T05:00:00,10.259,10.298,10.251,10.256,565149.0
2026-03-17T06:00:00,10.256,10.279,10.194,10.233,620020.0
2026-03-17T07:00:00,10.233,10.297,10.22,10.25,746353.0
2026-03-17T08:00:00,10.25,10.304,10.223,10.272,582210.0
2026-03-17T09:00:00,10.273,10.333,10.212,10.256,723832.0
2026-03-17T10:00:00,10.256,10.323,10.248,10.263,414210.0
2026-03-17T11:00:00,10.263,10.302,10.249,10.296,306323.0
2026-03-17T12:00:00,10.296,10.319,10.27,10.296,228764.0
2026-03-17T13:00:00,10.296,10.301,10.241,10.244,228865.0
2026-03-17T14:00:00,10.244,10.288,10.238,10.283,207881.0
2026-03-17T15:00:00,10.282,10.326,10.266,10.305,213062.0
2026-03-17T16:00:00,10.304,10.337,10.208,10.255,430455.0
2026-03-17T17:00:00,10.254,10.259,10.167,10.189,540908.0
2026-03-17T18:00:00,10.19,10.219,10.152,10.198,538922.0
2026-03-17T19:00:00,10.198,10.234,10.19,10.212,245015.0
2026-03-17T20:00:00,10.211,10.284,10.208,10.257,326554.0
2026-03-17T21:00:00,10.257,10.357,10.251,10.306,426173.0
2026-03-17T22:00:00,10.307,10.316,10.224,10.243,298711.0
2026-03-17T23:00:00,10.244,10.328,10.218,10.241,453199.0
2026-03-18T00:00:00,10.241,10.315,10.24,10.261,288631.0
2026-03-18T01:00:00,10.261,10.261,10.22,10.242,257714.0
2026-03-18T02:00:00,10.242,10.288,10.232,10.242,319127.0
2026-03-18T03:00:00,10.242,10.277,10.236,10.248,267454.0
2026-03-18T04:00:00,10.249,10.252,10.195,10.21,480645.0
2026-03-18T05:00:00,10.21,10.236,9.922,9.971,2344679.0
2026-03-18T06:00:00,9.972,9.972,9.727,9.792,2536959.0
2026-03-18T07:00:00,9.793,9.826,9.746,9.788,739134.0
2026-03-18T08:00:00,9.789,9.794,9.556,9.566,1921700.0
2026-03-18T09:00:00,9.566,9.584,9.477,9.557,1165978.0
2026-03-18T10:00:00,9.556,9.556,9.484,9.527,905856.0
2026-03-18T11:00:00,9.526,9.639,9.512,9.618,772414.0
2026-03-18T12:00:00,9.618,9.713,9.557,9.586,1083465.0
2026-03-18T13:00:00,9.586,9.676,9.584,9.611,395425.0
2026-03-18T14:00:00,9.611,9.678,9.53,9.656,699694.0
2026-03-18T15:00:00,9.655,9.732,9.651,9.71,454789.0
2026-03-18T16:00:00,9.711,9.711,9.653,9.693,263826.0
2026-03-18T17:00:00,9.694,9.696,9.625,9.678,356788.0
2026-03-18T18:00:00,9.678,9.691,9.644,9.659,259389.0
2026-03-18T19:00:00,9.658,9.679,9.645,9.657,196438.0
2026-03-18T20:00:00,9.657,9.661,9.607,9.615,411670.0
2026-03-18T21:00:00,9.615,9.743,9.612,9.661,884481.0
2026-03-18T22:00:00,9.661,9.663,9.604,9.617,271261.0
2026-03-18T23:00:00,9.618,9.627,9.585,9.6,242504.0
2026-03-19T00:00:00,9.601,9.622,9.561,9.595,343789.0
2026-03-19T01:00:00,9.594,9.598,9.43,9.512,1025820.0
2026-03-19T02:00:00,9.511,9.545,9.48,9.513,403245.0
2026-03-19T03:00:00,9.513,9.601,9.505,9.597,465318.0
2026-03-19T04:00:00,9.597,9.607,9.534,9.537,272820.0
2026-03-19T05:00:00,9.537,9.571,9.523,9.542,212822.0
2026-03-19T06:00:00,9.541,9.542,9.422,9.43,738499.0
2026-03-19T07:00:00,9.43,9.483,9.357,9.466,1045313.0
2026-03-19T08:00:00,9.467,9.502,9.364,9.43,752473.0
2026-03-19T09:00:00,9.43,9.48,9.326,9.404,909014.0
2026-03-19T10:00:00,9.404,9.407,9.35,9.374,428479.0
2026-03-19T11:00:00,9.374,9.475,9.333,9.457,373027.0
2026-03-19T12:00:00,9.457,9.46,9.412,9.449,205217.0
2026-03-19T13:00:00,9.449,9.574,9.447,9.5,937073.0
2026-03-19T14:00:00,9.5,9.543,9.487,9.501,279400.0
2026-03-19T15:00:00,9.501,9.524,9.493,9.504,251744.0
2026-03-19T16:00:00,9.505,9.509,9.413,9.46,439265.0
2026-03-19T17:00:00,9.461,9.484,9.43,9.466,279236.0
2026-03-19T18:00:00,9.466,9.52,9.454,9.512,421612.0
2026-03-19T19:00:00,9.512,9.591,9.512,9.55,369279.0
2026-03-19T20:00:00,9.551,9.557,9.498,9.534,266723.0
2026-03-19T21:00:00,9.533,9.579,9.516,9.554,269679.0
2026-03-19T22:00:00,9.554,9.58,9.514,9.567,232507.0
2026-03-19T23:00:00,9.567,9.6,9.547,9.563,327035.0
2026-03-20T00:00:00,9.563,9.564,9.506,9.508,247301.0
2026-03-20T01:00:00,9.507,9.548,9.448,9.527,440482.0
2026-03-20T02:00:00,9.527,9.612,9.52,9.567,499194.0
2026-03-20T03:00:00,9.567,9.567,9.486,9.516,416341.0
2026-03-20T04:00:00,9.517,9.55,9.48,9.538,290813.0
2026-03-20T05:00:00,9.537,9.584,9.481,9.511,325973.0
2026-03-20T06:00:00,9.511,9.543,9.467,9.482,272357.0
2026-03-20T07:00:00,9.483,9.537,9.436,9.448,581404.0
2026-03-20T08:00:00,9.448,9.529,9.416,9.444,607922.0
2026-03-20T09:00:00,9.444,9.492,9.415,9.479,412904.0
2026-03-20T10:00:00,9.478,9.496,9.44,9.474,312544.0
2026-03-20T11:00:00,9.474,9.491,9.408,9.487,337667.0
2026-03-20T12:00:00,9.487,9.521,9.423,9.457,593774.0
2026-03-20T13:00:00,9.457,9.533,9.417,9.522,456091.0
2026-03-20T14:00:00,9.521,9.54,9.445,9.507,309158.0
2026-03-20T15:00:00,9.507,9.612,9.477,9.569,485870.0
2026-03-20T16:00:00,9.57,9.644,9.548,9.583,683896.0
2026-03-20T17:00:00,9.583,9.584,9.528,9.568,313862.0
2026-03-20T18:00:00,9.567,9.603,9.537,9.563,480913.0
2026-03-20T19:00:00,9.564,9.59,9.534,9.542,233013.0
2026-03-20T20:00:00,9.541,9.604,9.53,9.598,158312.0
2026-03-20T21:00:00,9.598,9.607,9.566,9.582,132518.0
2026-03-20T22:00:00,9.582,9.606,9.551,9.558,156734.0
2026-03-20T23:00:00,9.557,9.615,9.557,9.578,230125.0
2026-03-21T00:00:00,9.578,9.632,9.577,9.614,209982.0
2026-03-21T01:00:00,9.613,9.628,9.573,9.581,171568.0
2026-03-21T02:00:00,9.581,9.583,9.539,9.562,323488.0
2026-03-21T03:00:00,9.561,9.592,9.542,9.544,207053.0
2026-03-21T04:00:00,9.543,9.543,9.491,9.502,252471.0
2026-03-21T05:00:00,9.502,9.511,9.491,9.502,150060.0
2026-03-21T06:00:00,9.501,9.516,9.492,9.502,147494.0
2026-03-21T07:00:00,9.501,9.506,9.469,9.493,217999.0
2026-03-21T08:00:00,9.492,9.545,9.456,9.47,335798.0
2026-03-21T09:00:00,9.471,9.537,9.466,9.536,250630.0
2026-03-21T10:00:00,9.535,9.563,9.484,9.493,322145.0
2026-03-21T11:00:00,9.493,9.504,9.475,9.487,149940.0
2026-03-21T12:00:00,9.488,9.503,9.478,9.49,113577.0
2026-03-21T13:00:00,9.49,9.492,9.471,9.487,137127.0
2026-03-21T14:00:00,9.487,9.523,9.482,9.518,131369.0
2026-03-21T15:00:00,9.519,9.528,9.5,9.5,97202.0
2026-03-21T16:00:00,9.501,9.512,9.48,9.486,223034.0
2026-03-21T17:00:00,9.486,9.487,9.148,9.208,2337959.0
2026-03-21T18:00:00,9.208,9.261,9.041,9.218,2038050.0
2026-03-21T19:00:00,9.219,9.254,9.193,9.228,544906.0
2026-03-21T20:00:00,9.228,9.316,9.217,9.282,354338.0
2026-03-21T21:00:00,9.282,9.358,9.249,9.275,383804.0
2026-03-21T22:00:00,9.274,9.312,9.26,9.297,285950.0
2026-03-21T23:00:00,9.297,9.298,9.238,9.241,232190.0
2026-03-22T00:00:00,9.241,9.246,9.213,9.238,235940.0
2026-03-22T01:00:00,9.238,9.251,9.186,9.189,331295.0
2026-03-22T02:00:00,9.19,9.19,9.089,9.147,1026769.0
2026-03-22T03:00:00,9.146,9.177,9.112,9.129,288235.0
2026-03-22T04:00:00,9.129,9.13,9.084,9.096,272267.0
2026-03-22T05:00:00,9.096,9.107,9.054,9.056,385643.0
2026-03-22T06:00:00,9.056,9.142,9.054,9.109,377772.0
2026-03-22T07:00:00,9.11,9.141,9.069,9.098,391218.0
2026-03-22T08:00:00,9.098,9.131,9.064,9.082,276276.0
2026-03-22T09:00:00,9.082,9.108,9.064,9.091,339309.0
2026-03-22T10:00:00,9.091,9.106,9.073,9.08,211187.0
2026-03-22T11:00:00,9.08,9.087,9.054,9.069,341445.0
2026-03-22T12:00:00,9.069,9.076,8.986,9.034,505354.0
2026-03-22T13:00:00,9.033,9.034,8.944,8.972,645325.0
2026-03-22T14:00:00,8.971,9.029,8.96,8.978,395753.0
2026-03-22T15:00:00,8.978,8.983,8.867,8.973,890283.0
2026-03-22T16:00:00,8.973,9.09,8.915,9.041,907183.0
2026-03-22T17:00:00,9.04,9.081,9.005,9.019,313998.0
2026-03-22T18:00:00,9.019,9.06,8.979,9.037,541521.0
2026-03-22T19:00:00,9.036,9.105,9.02,9.063,337044.0
2026-03-22T20:00:00,9.064,9.141,9.044,9.11,463503.0
2026-03-22T21:00:00,9.111,9.188,9.085,9.098,517508.0
2026-03-22T22:00:00,9.099,9.153,9.097,9.148,199662.0
2026-03-22T23:00:00,9.148,9.177,9.113,9.15,336427.0
2026-03-23T00:00:00,9.149,9.152,8.991,9.025,673142.0
2026-03-23T01:00:00,9.025,9.052,8.953,9.018,530084.0
2026-03-23T02:00:00,9.019,9.059,8.968,8.978,410107.0
2026-03-23T03:00:00,8.978,9.012,8.914,9.004,488418.0
2026-03-23T04:00:00,9.005,9.053,8.976,9.001,344855.0
2026-03-23T05:00:00,9.001,9.584,8.999,9.38,6235201.0
2026-03-23T06:00:00,9.38,9.485,9.34,9.457,1389452.0
2026-03-23T07:00:00,9.458,9.639,9.425,9.618,1295863.0
2026-03-23T08:00:00,9.618,9.754,9.579,9.635,2186846.0
2026-03-23T09:00:00,9.635,9.676,9.386,9.418,1408027.0
2026-03-23T10:00:00,9.418,9.474,9.357,9.451,916243.0
2026-03-23T11:00:00,9.452,9.552,9.426,9.52,694570.0
2026-03-23T12:00:00,9.52,9.542,9.428,9.522,856865.0
2026-03-23T13:00:00,9.521,9.569,9.45,9.458,438203.0
2026-03-23T14:00:00,9.457,9.531,9.441,9.527,271206.0
2026-03-23T15:00:00,9.526,9.574,9.514,9.556,378510.0
2026-03-23T16:00:00,9.556,9.581,9.497,9.551,786921.0
2026-03-23T17:00:00,9.551,9.566,9.49,9.561,389391.0
2026-03-23T18:00:00,9.561,9.59,9.47,9.528,561168.0
2026-03-23T19:00:00,9.528,9.539,9.451,9.501,491644.0
2026-03-23T20:00:00,9.5,9.573,9.489,9.509,434265.0
2026-03-23T21:00:00,9.509,9.591,9.505,9.572,267553.0
2026-03-23T22:00:00,9.572,9.616,9.492,9.517,407069.0
2026-03-23T23:00:00,9.518,9.551,9.47,9.528,384966.0
2026-03-24T00:00:00,9.527,9.546,9.494,9.543,297450.0
2026-03-24T01:00:00,9.544,9.611,9.533,9.599,683045.0
2026-03-24T02:00:00,9.6,9.628,9.547,9.582,801722.0
2026-03-24T03:00:00,9.582,9.608,9.535,9.592,508084.0
2026-03-24T04:00:00,9.592,9.593,9.541,9.556,293051.0
2026-03-24T05:00:00,9.556,9.568,9.508,9.542,402999.0
2026-03-24T06:00:00,9.542,9.557,9.51,9.543,350913.0
2026-03-24T07:00:00,9.543,9.558,9.42,9.452,816141.0
2026-03-24T08:00:00,9.453,9.492,9.386,9.464,1081320.0
2026-03-24T09:00:00,9.465,9.491,9.436,9.438,534303.0
2026-03-24T10:00:00,9.437,9.469,9.398,9.404,487055.0
2026-03-24T11:00:00,9.404,9.413,9.35,9.378,759861.0
2026-03-24T12:00:00,9.378,9.445,9.371,9.404,418464.0
2026-03-24T13:00:00,9.403,9.431,9.377,9.388,350104.0
2026-03-24T14:00:00,9.387,9.575,9.38,9.552,949785.0
2026-03-24T15:00:00,9.553,9.577,9.508,9.555,536686.0
2026-03-24T16:00:00,9.555,9.588,9.538,9.574,484439.0
2026-03-24T17:00:00,9.574,9.641,9.559,9.62,406314.0
2026-03-24T18:00:00,9.619,9.657,9.578,9.63,592470.0
2026-03-24T19:00:00,9.63,9.653,9.596,9.597,421341.0
2026-03-24T20:00:00,9.597,9.611,9.573,9.58,246048.0
2026-03-24T21:00:00,9.581,9.617,9.554,9.612,297516.0
2026-03-24T22:00:00,9.611,9.653,9.602,9.641,266888.0
2026-03-24T23:00:00,9.64,9.687,9.624,9.64,465644.0
2026-03-25T00:00:00,9.64,9.679,9.613,9.638,331865.0
2026-03-25T01:00:00,9.638,9.711,9.629,9.648,359487.0
2026-03-25T02:00:00,9.648,9.733,9.621,9.69,518548.0
2026-03-25T03:00:00,9.69,9.711,9.651,9.7,347846.0
2026-03-25T04:00:00,9.7,9.737,9.692,9.713,321932.0
2026-03-25T05:00:00,9.712,9.78,9.691,9.739,601402.0
2026-03-25T06:00:00,9.74,9.792,9.667,9.729,634718.0
2026-03-25T07:00:00,9.73,9.771,9.708,9.726,473528.0
2026-03-25T08:00:00,9.727,9.734,9.692,9.695,362846.0
2026-03-25T09:00:00,9.696,9.707,9.591,9.663,641111.0
2026-03-25T10:00:00,9.663,9.756,9.641,9.698,656740.0
2026-03-25T11:00:00,9.699,9.708,9.635,9.653,304752.0
2026-03-25T12:00:00,9.652,9.694,9.644,9.665,253128.0
2026-03-25T13:00:00,9.665,9.699,9.651,9.681,214610.0
2026-03-25T14:00:00,9.681,9.683,9.609,9.648,259773.0
2026-03-25T15:00:00,9.648,9.666,9.63,9.643,202255.0
2026-03-25T16:00:00,9.643,9.722,9.634,9.68,302878.0
2026-03-25T17:00:00,9.68,9.689,9.655,9.676,187533.0
2026-03-25T18:00:00,9.675,9.689,9.641,9.67,287790.0
2026-03-25T19:00:00,9.669,9.684,9.643,9.659,232772.0
2026-03-25T20:00:00,9.659,9.66,9.561,9.591,447001.0
2026-03-25T21:00:00,9.59,9.608,9.535,9.568,299602.0
2026-03-25T22:00:00,9.568,9.568,9.524,9.552,341562.0
2026-03-25T23:00:00,9.552,9.554,9.434,9.443,701192.0
2026-03-26T00:00:00,9.443,9.45,9.409,9.43,498993.0
2026-03-26T01:00:00,9.43,9.451,9.397,9.433,380403.0
2026-03-26T02:00:00,9.433,9.44,9.383,9.405,357773.0
2026-03-26T03:00:00,9.406,9.41,9.267,9.288,921224.0
2026-03-26T04:00:00,9.288,9.288,9.231,9.263,774326.0
2026-03-26T05:00:00,9.263,9.276,9.227,9.231,402117.0
2026-03-26T06:00:00,9.23,9.248,9.201,9.241,495622.0
2026-03-26T07:00:00,9.242,9.33,9.235,9.295,656505.0
2026-03-26T08:00:00,9.295,9.312,9.214,9.241,471044.0
2026-03-26T09:00:00,9.24,9.241,9.122,9.177,874449.0
2026-03-26T10:00:00,9.177,9.2,9.133,9.133,496899.0
2026-03-26T11:00:00,9.134,9.159,9.02,9.053,1133711.0
2026-03-26T12:00:00,9.052,9.063,8.981,9.018,833223.0
2026-03-26T13:00:00,9.018,9.024,8.986,9.008,315596.0
2026-03-26T14:00:00,9.008,9.139,8.989,9.092,995815.0
2026-03-26T15:00:00,9.092,9.135,9.073,9.097,339801.0
2026-03-26T16:00:00,9.098,9.117,9.061,9.112,345634.0
2026-03-26T17:00:00,9.112,9.129,9.076,9.095,373494.0
2026-03-26T18:00:00,9.095,9.111,9.067,9.106,347101.0
2026-03-26T19:00:00,9.106,9.131,9.069,9.126,401245.0
2026-03-26T20:00:00,9.127,9.143,9.108,9.115,206740.0
2026-03-26T21:00:00,9.115,9.125,9.062,9.075,292137.0
2026-03-26T22:00:00,9.074,9.078,8.991,9.047,587537.0
2026-03-26T23:00:00,9.047,9.089,9.035,9.07,284808.0
2026-03-27T00:00:00,9.07,9.088,9.048,9.078,290700.0
2026-03-27T01:00:00,9.078,9.092,9.031,9.061,347417.0
2026-03-27T02:00:00,9.062,9.077,8.904,8.972,1041417.0
2026-03-27T03:00:00,8.971,8.979,8.908,8.931,465561.0
2026-03-27T04:00:00,8.931,8.949,8.698,8.71,1951188.0
2026-03-27T05:00:00,8.711,8.756,8.658,8.75,888219.0
2026-03-27T06:00:00,8.75,8.78,8.726,8.777,552838.0
2026-03-27T07:00:00,8.776,8.829,8.738,8.776,826099.0
2026-03-27T08:00:00,8.776,8.82,8.721,8.791,577090.0
2026-03-27T09:00:00,8.791,8.879,8.776,8.802,726394.0
2026-03-27T10:00:00,8.802,8.807,8.746,8.761,390545.0
2026-03-27T11:00:00,8.762,8.816,8.716,8.719,412018.0
2026-03-27T12:00:00,8.719,8.734,8.66,8.721,635169.0
2026-03-27T13:00:00,8.721,8.766,8.687,8.761,314098.0
2026-03-27T14:00:00,8.76,8.776,8.719,8.762,288754.0
2026-03-27T15:00:00,8.763,8.799,8.762,8.77,270143.0
2026-03-27T16:00:00,8.771,8.781,8.732,8.754,174484.0
2026-03-27T17:00:00,8.754,8.796,8.74,8.785,216794.0
2026-03-27T18:00:00,8.785,8.787,8.755,8.759,200739.0
2026-03-27T19:00:00,8.759,8.762,8.698,8.743,296862.0
2026-03-27T20:00:00,8.743,8.772,8.713,8.731,187288.0
2026-03-27T21:00:00,8.73,8.749,8.725,8.735,133622.0
2026-03-27T22:00:00,8.734,8.738,8.705,8.735,148321.0
2026-03-27T23:00:00,8.735,8.764,8.717,8.759,178465.0
2026-03-28T00:00:00,8.758,8.792,8.743,8.777,246348.0
2026-03-28T01:00:00,8.778,8.833,8.772,8.826,217574.0
2026-03-28T02:00:00,8.827,8.845,8.8,8.804,267473.0
2026-03-28T03:00:00,8.803,8.805,8.783,8.792,125567.0
2026-03-28T04:00:00,8.792,8.831,8.77,8.792,182542.0
2026-03-28T05:00:00,8.793,8.814,8.786,8.81,141948.0
2026-03-28T06:00:00,8.811,8.834,8.777,8.779,251051.0
2026-03-28T07:00:00,8.778,8.936,8.763,8.887,892952.0
2026-03-28T08:00:00,8.888,8.919,8.845,8.873,469311.0
2026-03-28T09:00:00,8.872,8.996,8.864,8.928,566013.0
2026-03-28T10:00:00,8.929,8.943,8.893,8.913,258150.0
2026-03-28T11:00:00,8.914,8.935,8.854,8.878,267018.0
2026-03-28T12:00:00,8.878,8.915,8.872,8.901,245855.0
2026-03-28T13:00:00,8.9,8.9,8.854,8.878,153459.0
2026-03-28T14:00:00,8.877,8.905,8.873,8.884,179585.0
2026-03-28T15:00:00,8.884,8.884,8.814,8.833,286748.0
2026-03-28T16:00:00,8.832,8.843,8.81,8.832,251054.0
2026-03-28T17:00:00,8.831,8.831,8.714,8.752,670504.0
2026-03-28T18:00:00,8.752,8.772,8.722,8.744,328605.0
2026-03-28T19:00:00,8.745,8.78,8.729,8.758,221533.0
2026-03-28T20:00:00,8.759,8.781,8.746,8.771,141492.0
2026-03-28T21:00:00,8.771,8.815,8.757,8.792,179210.0
2026-03-28T22:00:00,8.793,8.799,8.763,8.772,142852.0
2026-03-28T23:00:00,8.773,8.774,8.728,8.764,214859.0
2026-03-29T00:00:00,8.763,8.784,8.746,8.75,183206.0
2026-03-29T01:00:00,8.75,8.756,8.723,8.742,163268.0
2026-03-29T02:00:00,8.742,8.752,8.726,8.744,144042.0
2026-03-29T03:00:00,8.744,8.751,8.705,8.717,200039.0
2026-03-29T04:00:00,8.716,8.716,8.662,8.69,338790.0
2026-03-29T05:00:00,8.691,8.748,8.688,8.722,236961.0
2026-03-29T06:00:00,8.723,8.723,8.674,8.7,210040.0
2026-03-29T07:00:00,8.701,8.704,8.611,8.648,712961.0
2026-03-29T08:00:00,8.647,8.708,8.638,8.682,395117.0
2026-03-29T09:00:00,8.683,8.704,8.634,8.656,380471.0
2026-03-29T10:00:00,8.656,8.678,8.622,8.628,407762.0
2026-03-29T11:00:00,8.629,8.647,8.558,8.611,621123.0
2026-03-29T12:00:00,8.61,8.638,8.588,8.62,239834.0
2026-03-29T13:00:00,8.619,8.631,8.598,8.599,140270.0
2026-03-29T14:00:00,8.599,8.679,8.596,8.643,215740.0
2026-03-29T15:00:00,8.643,8.666,8.636,8.659,170488.0
2026-03-29T16:00:00,8.66,8.66,8.365,8.553,1783060.0
2026-03-29T17:00:00,8.553,8.626,8.519,8.594,895037.0
2026-03-29T18:00:00,8.595,8.777,8.557,8.665,1188072.0
2026-03-29T19:00:00,8.666,8.739,8.665,8.722,526813.0
2026-03-29T20:00:00,8.723,8.855,8.708,8.791,889651.0
2026-03-29T21:00:00,8.791,8.828,8.76,8.801,309491.0
2026-03-29T22:00:00,8.801,8.859,8.801,8.842,398635.0
2026-03-29T23:00:00,8.843,8.884,8.816,8.832,477695.0
2026-03-30T00:00:00,8.832,8.851,8.804,8.815,219151.0
2026-03-30T01:00:00,8.815,8.923,8.811,8.914,471755.0
2026-03-30T02:00:00,8.914,9.079,8.913,9.002,1614970.0
2026-03-30T03:00:00,9.003,9.01,8.908,8.908,574799.0
2026-03-30T04:00:00,8.909,8.937,8.887,8.93,448988.0
2026-03-30T05:00:00,8.931,9.043,8.929,8.983,838937.0
2026-03-30T06:00:00,8.983,9.006,8.962,9.0,386022.0
2026-03-30T07:00:00,9.001,9.032,8.928,8.942,732229.0
2026-03-30T08:00:00,8.942,8.984,8.867,8.97,615656.0
2026-03-30T09:00:00,8.969,8.985,8.903,8.945,451077.0
2026-03-30T10:00:00,8.944,8.956,8.879,8.915,449680.0
2026-03-30T11:00:00,8.915,8.935,8.81,8.843,501223.0
2026-03-30T12:00:00,8.843,8.852,8.766,8.784,531069.0
2026-03-30T13:00:00,8.783,8.804,8.733,8.797,444745.0
2026-03-30T14:00:00,8.797,8.824,8.774,8.793,271274.0
2026-03-30T15:00:00,8.793,8.872,8.78,8.836,283693.0
2026-03-30T16:00:00,8.837,8.85,8.797,8.816,227395.0
2026-03-30T17:00:00,8.816,8.818,8.756,8.806,264567.0
2026-03-30T18:00:00,8.807,8.874,8.787,8.849,410490.0
2026-03-30T19:00:00,8.85,9.069,8.837,8.996,1116106.0
2026-03-30T20:00:00,8.997,9.067,8.978,9.023,570478.0
2026-03-30T21:00:00,9.022,9.028,8.957,8.967,371444.0
2026-03-30T22:00:00,8.968,8.997,8.927,8.932,550387.0
2026-03-30T23:00:00,8.933,8.958,8.896,8.944,316858.0
2026-03-31T00:00:00,8.945,8.962,8.895,8.947,364508.0
2026-03-31T01:00:00,8.948,8.957,8.882,8.917,326047.0
2026-03-31T02:00:00,8.917,8.919,8.792,8.812,578713.0
2026-03-31T03:00:00,8.812,8.831,8.688,8.719,732562.0
2026-03-31T04:00:00,8.718,8.746,8.697,8.721,452199.0
2026-03-31T05:00:00,8.721,8.789,8.71,8.762,878652.0
2026-03-31T06:00:00,8.763,8.799,8.737,8.767,427894.0
2026-03-31T07:00:00,8.768,8.895,8.767,8.868,621254.0
2026-03-31T08:00:00,8.868,8.955,8.737,8.77,815727.0
2026-03-31T09:00:00,8.769,8.874,8.735,8.739,636111.0
2026-03-31T10:00:00,8.738,8.903,8.711,8.861,939124.0
2026-03-31T11:00:00,8.86,8.957,8.801,8.822,909807.0
2026-03-31T12:00:00,8.821,8.903,8.821,8.902,353756.0
2026-03-31T13:00:00,8.901,8.922,8.872,8.898,280496.0
2026-03-31T14:00:00,8.897,8.957,8.894,8.936,391084.0
2026-03-31T15:00:00,8.936,8.951,8.873,8.9,357115.0
2026-03-31T16:00:00,8.899,8.907,8.842,8.884,264408.0
2026-03-31T17:00:00,8.885,8.922,8.874,8.907,199548.0
2026-03-31T18:00:00,8.907,8.973,8.893,8.965,426035.0
2026-03-31T19:00:00,8.966,8.976,8.882,8.897,377984.0
2026-03-31T20:00:00,8.897,8.914,8.862,8.878,258363.0
2026-03-31T21:00:00,8.878,8.977,8.878,8.952,348055.0
2026-03-31T22:00:00,8.953,8.986,8.942,8.971,350339.0
2026-03-31T23:00:00,8.971,9.114,8.945,9.08,1142533.0
2026-04-01T00:00:00,9.081,9.431,9.081,9.384,2663110.0
2026-04-01T01:00:00,9.384,9.48,9.329,9.34,1248477.0
2026-04-01T02:00:00,9.34,9.355,9.233,9.242,1029340.0
2026-04-01T03:00:00,9.242,9.245,9.182,9.214,624381.0
2026-04-01T04:00:00,9.215,9.226,9.147,9.175,439543.0
2026-04-01T05:00:00,9.175,9.224,9.155,9.196,283001.0
2026-04-01T06:00:00,9.196,9.307,9.189,9.227,923617.0
2026-04-01T07:00:00,9.228,9.254,9.138,9.163,769080.0
2026-04-01T08:00:00,9.163,9.21,9.142,9.201,473741.0
2026-04-01T09:00:00,9.202,9.222,9.166,9.211,373297.0
2026-04-01T10:00:00,9.212,9.254,9.16,9.232,584712.0
2026-04-01T11:00:00,9.233,9.302,9.179,9.18,832346.0
2026-04-01T12:00:00,9.18,9.186,9.117,9.126,618771.0
2026-04-01T13:00:00,9.127,9.183,9.119,9.162,316714.0
2026-04-01T14:00:00,9.161,9.169,9.087,9.122,488293.0
2026-04-01T15:00:00,9.122,9.212,9.12,9.174,385001.0
2026-04-01T16:00:00,9.173,9.184,9.106,9.113,316744.0
2026-04-01T17:00:00,9.114,9.136,9.102,9.123,225740.0
2026-04-01T18:00:00,9.123,9.186,9.117,9.18,397473.0
2026-04-01T19:00:00,9.181,9.181,8.854,8.917,2549524.0
2026-04-01T20:00:00,8.917,8.933,8.764,8.797,1115595.0
2026-04-01T21:00:00,8.797,8.825,8.716,8.765,967310.0
2026-04-01T22:00:00,8.765,8.779,8.654,8.677,1160942.0
2026-04-01T23:00:00,8.677,8.711,8.651,8.703,636167.0
2026-04-02T00:00:00,8.704,8.727,8.682,8.702,425902.0
2026-04-02T01:00:00,8.702,8.745,8.671,8.739,491112.0
2026-04-02T02:00:00,8.739,8.739,8.659,8.662,410275.0
2026-04-02T03:00:00,8.661,8.674,8.628,8.658,481134.0
2026-04-02T04:00:00,8.659,8.68,8.629,8.672,320717.0
2026-04-02T05:00:00,8.673,8.696,8.635,8.675,391836.0
2026-04-02T06:00:00,8.675,8.692,8.649,8.656,394071.0
2026-04-02T07:00:00,8.656,8.688,8.612,8.683,797949.0
2026-04-02T08:00:00,8.683,8.844,8.65,8.809,1431790.0
2026-04-02T09:00:00,8.809,8.812,8.707,8.733,698188.0
2026-04-02T10:00:00,8.732,8.785,8.683,8.729,608915.0
2026-04-02T11:00:00,8.728,8.775,8.64,8.643,654155.0
2026-04-02T12:00:00,8.643,8.711,8.631,8.689,525634.0
2026-04-02T13:00:00,8.689,8.715,8.656,8.699,449770.0
2026-04-02T14:00:00,8.699,8.746,8.663,8.709,366847.0
2026-04-02T15:00:00,8.708,8.722,8.677,8.715,250133.0
2026-04-02T16:00:00,8.714,8.747,8.695,8.727,278222.0
2026-04-02T17:00:00,8.728,8.757,8.704,8.746,285403.0
2026-04-02T18:00:00,8.747,8.782,8.734,8.781,316515.0
2026-04-02T19:00:00,8.782,8.802,8.736,8.755,341558.0
2026-04-02T20:00:00,8.755,8.816,8.732,8.774,424662.0
2026-04-02T21:00:00,8.775,8.814,8.761,8.8,266352.0
2026-04-02T22:00:00,8.801,8.841,8.771,8.824,282562.0
2026-04-02T23:00:00,8.824,8.947,8.793,8.888,720461.0
2026-04-03T00:00:00,8.889,8.944,8.862,8.91,608113.0
2026-04-03T01:00:00,8.91,8.938,8.876,8.896,430035.0
2026-04-03T02:00:00,8.897,8.924,8.882,8.902,282522.0
2026-04-03T03:00:00,8.903,8.956,8.891,8.928,288522.0
2026-04-03T04:00:00,8.929,8.949,8.909,8.937,296381.0
2026-04-03T05:00:00,8.938,8.969,8.919,8.953,270834.0
2026-04-03T06:00:00,8.954,9.07,8.934,8.959,849324.0
2026-04-03T07:00:00,8.959,8.981,8.928,8.98,501166.0
2026-04-03T08:00:00,8.98,9.046,8.954,9.021,485663.0
2026-04-03T09:00:00,9.021,9.054,8.996,9.013,559883.0
2026-04-03T10:00:00,9.013,9.119,9.01,9.112,646636.0
2026-04-03T11:00:00,9.112,9.144,9.002,9.03,906043.0
2026-04-03T12:00:00,9.03,9.046,8.982,8.993,471930.0
2026-04-03T13:00:00,8.993,9.002,8.927,8.964,513490.0
2026-04-03T14:00:00,8.963,8.984,8.938,8.946,256182.0
2026-04-03T15:00:00,8.945,8.975,8.928,8.946,197501.0
2026-04-03T16:00:00,8.946,8.951,8.89,8.905,314363.0
2026-04-03T17:00:00,8.906,8.913,8.877,8.91,300032.0
2026-04-03T18:00:00,8.91,8.918,8.852,8.864,410921.0
2026-04-03T19:00:00,8.863,8.896,8.851,8.889,280806.0
2026-04-03T20:00:00,8.888,8.912,8.872,8.889,149883.0
2026-04-03T21:00:00,8.888,8.904,8.877,8.891,140206.0
2026-04-03T22:00:00,8.89,8.911,8.868,8.898,183536.0
2026-04-03T23:00:00,8.898,8.898,8.861,8.861,184175.0
2026-04-04T00:00:00,8.861,8.91,8.855,8.897,237991.0
2026-04-04T01:00:00,8.898,8.902,8.869,8.871,161893.0
2026-04-04T02:00:00,8.871,8.886,8.843,8.85,250801.0
2026-04-04T03:00:00,8.85,8.877,8.837,8.849,260741.0
2026-04-04T04:00:00,8.85,8.897,8.845,8.891,212699.0
2026-04-04T05:00:00,8.892,8.898,8.873,8.888,137387.0
2026-04-04T06:00:00,8.888,8.905,8.874,8.887,196563.0
2026-04-04T07:00:00,8.887,8.898,8.852,8.863,413954.0
2026-04-04T08:00:00,8.863,8.891,8.831,8.889,325238.0
2026-04-04T09:00:00,8.89,8.969,8.882,8.947,779250.0
2026-04-04T10:00:00,8.947,9.009,8.93,8.933,731949.0
2026-04-04T11:00:00,8.933,9.048,8.917,9.041,631944.0
2026-04-04T12:00:00,9.041,9.071,9.01,9.019,538632.0
2026-04-04T13:00:00,9.019,9.108,9.002,9.014,784592.0
2026-04-04T14:00:00,9.013,9.03,8.979,8.99,257766.0
2026-04-04T15:00:00,8.991,9.024,8.978,9.003,206303.0
2026-04-04T16:00:00,9.002,9.011,8.986,8.989,151134.0
2026-04-04T17:00:00,8.989,8.99,8.965,8.985,168676.0
2026-04-04T18:00:00,8.986,9.013,8.982,9.009,224087.0
2026-04-04T19:00:00,9.009,9.023,8.964,8.977,242257.0
2026-04-04T20:00:00,8.976,8.989,8.953,8.97,230264.0
2026-04-04T21:00:00,8.969,8.983,8.941,8.953,183162.0
2026-04-04T22:00:00,8.952,8.959,8.923,8.928,216003.0
2026-04-04T23:00:00,8.929,8.931,8.86,8.871,338753.0
2026-04-05T00:00:00,8.872,8.873,8.784,8.814,1134629.0
2026-04-05T01:00:00,8.814,8.834,8.776,8.797,415888.0
2026-04-05T02:00:00,8.796,8.83,8.782,8.819,518318.0
2026-04-05T03:00:00,8.82,8.84,8.804,8.82,233291.0
2026-04-05T04:00:00,8.82,8.855,8.8,8.806,203235.0
2026-04-05T05:00:00,8.805,8.825,8.787,8.814,267416.0
2026-04-05T06:00:00,8.814,8.816,8.741,8.782,499376.0
2026-04-05T07:00:00,8.782,8.812,8.748,8.811,339542.0
2026-04-05T08:00:00,8.811,8.836,8.798,8.813,237334.0
2026-04-05T09:00:00,8.812,8.955,8.795,8.872,896551.0
2026-04-05T10:00:00,8.873,8.878,8.835,8.841,355566.0
2026-04-05T11:00:00,8.842,8.868,8.809,8.862,322719.0
2026-04-05T12:00:00,8.861,8.865,8.825,8.847,236998.0
2026-04-05T13:00:00,8.847,8.882,8.816,8.843,225713.0
2026-04-05T14:00:00,8.843,8.889,8.842,8.88,238619.0
2026-04-05T15:00:00,8.88,8.883,8.826,8.854,234679.0
2026-04-05T16:00:00,8.854,8.967,8.808,8.956,634959.0
2026-04-05T17:00:00,8.957,9.083,8.938,9.065,1248560.0
2026-04-05T18:00:00,9.065,9.432,9.065,9.423,2954932.0
2026-04-05T19:00:00,9.424,9.612,9.396,9.427,2730681.0
2026-04-05T20:00:00,9.427,9.663,9.427,9.596,1870433.0
2026-04-05T21:00:00,9.595,9.625,9.435,9.451,1264462.0
2026-04-05T22:00:00,9.451,9.513,9.404,9.488,966531.0
2026-04-05T23:00:00,9.488,9.536,9.459,9.466,611844.0
2026-04-06T00:00:00,9.466,9.518,9.371,9.393,1188003.0
2026-04-06T01:00:00,9.393,9.424,9.368,9.384,707850.0
2026-04-06T02:00:00,9.385,9.446,9.377,9.411,543325.0
2026-04-06T03:00:00,9.411,9.505,9.405,9.443,959511.0
2026-04-06T04:00:00,9.444,9.493,9.435,9.456,615473.0
2026-04-06T05:00:00,9.455,9.474,9.437,9.448,449325.0
2026-04-06T06:00:00,9.449,9.463,9.399,9.411,417161.0
2026-04-06T07:00:00,9.411,9.415,9.335,9.361,813608.0
2026-04-06T08:00:00,9.36,9.402,9.318,9.358,794939.0
2026-04-06T09:00:00,9.357,9.384,9.332,9.378,463067.0
2026-04-06T10:00:00,9.378,9.395,9.313,9.333,553974.0
2026-04-06T11:00:00,9.332,9.348,9.273,9.32,718509.0
2026-04-06T12:00:00,9.32,9.357,9.3,9.343,355652.0
2026-04-06T13:00:00,9.343,9.344,9.285,9.315,318438.0
2026-04-06T14:00:00,9.315,9.35,9.305,9.332,272052.0
2026-04-06T15:00:00,9.331,9.331,9.265,9.277,281436.0
2026-04-06T16:00:00,9.277,9.277,9.112,9.116,971674.0
2026-04-06T17:00:00,9.116,9.116,8.794,8.892,4170863.0
2026-04-06T18:00:00,8.892,8.911,8.796,8.816,1550404.0
2026-04-06T19:00:00,8.816,8.816,8.683,8.702,1690913.0
2026-04-06T20:00:00,8.701,8.704,8.625,8.658,1649041.0
2026-04-06T21:00:00,8.659,8.7,8.638,8.678,882531.0
2026-04-06T22:00:00,8.678,8.724,8.651,8.699,859211.0
2026-04-06T23:00:00,8.698,8.7,8.525,8.551,1551351.0
2026-04-07T00:00:00,8.551,8.581,8.46,8.576,1789979.0
2026-04-07T01:00:00,8.575,8.65,8.567,8.64,923955.0
2026-04-07T02:00:00,8.64,8.702,8.63,8.685,747494.0
2026-04-07T03:00:00,8.685,8.727,8.666,8.688,788494.0
2026-04-07T04:00:00,8.688,8.699,8.606,8.616,932797.0
2026-04-07T05:00:00,8.616,8.63,8.574,8.608,653979.0
2026-04-07T06:00:00,8.608,8.673,8.546,8.654,1132417.0
2026-04-07T07:00:00,8.655,8.678,8.591,8.592,1190070.0
2026-04-07T08:00:00,8.593,8.608,8.522,8.558,1047301.0
2026-04-07T09:00:00,8.558,8.614,8.541,8.58,812693.0
2026-04-07T10:00:00,8.579,8.626,8.558,8.562,608913.0
2026-04-07T11:00:00,8.562,8.695,8.554,8.595,721884.0
2026-04-07T12:00:00,8.596,8.652,8.593,8.635,512508.0
2026-04-07T13:00:00,8.635,8.813,8.627,8.791,1395578.0
2026-04-07T14:00:00,8.791,8.879,8.736,8.76,1697490.0
2026-04-07T15:00:00,8.759,9.132,8.746,9.042,2620113.0
2026-04-07T16:00:00,9.041,9.356,9.041,9.355,3177947.0
2026-04-07T17:00:00,9.356,9.619,9.356,9.428,4179478.0
2026-04-07T18:00:00,9.429,9.479,9.342,9.369,1804211.0
2026-04-07T19:00:00,9.37,9.446,9.325,9.42,807531.0
2026-04-07T20:00:00,9.42,9.525,9.411,9.43,926453.0
2026-04-07T21:00:00,9.429,9.479,9.418,9.437,611706.0
2026-04-07T22:00:00,9.438,9.561,9.438,9.459,1082454.0
2026-04-07T23:00:00,9.46,9.515,9.421,9.467,1149247.0
2026-04-08T00:00:00,9.468,9.484,9.406,9.415,569249.0
2026-04-08T01:00:00,9.415,9.447,9.369,9.395,619968.0
2026-04-08T02:00:00,9.395,9.403,9.357,9.376,485948.0
2026-04-08T03:00:00,9.376,9.405,9.353,9.365,369520.0
2026-04-08T04:00:00,9.365,9.389,9.346,9.355,426003.0
2026-04-08T05:00:00,9.354,9.36,9.281,9.307,972200.0
2026-04-08T06:00:00,9.308,9.367,9.267,9.353,906254.0
2026-04-08T07:00:00,9.354,9.438,9.315,9.326,1467327.0
2026-04-08T08:00:00,9.325,9.342,9.143,9.175,1658471.0
2026-04-08T09:00:00,9.175,9.229,9.164,9.216,575289.0
2026-04-08T10:00:00,9.216,9.242,9.176,9.221,441509.0
2026-04-08T11:00:00,9.222,9.292,9.203,9.271,447264.0
2026-04-08T12:00:00,9.272,9.283,9.125,9.144,777175.0
2026-04-08T13:00:00,9.143,9.189,9.115,9.186,707937.0
2026-04-08T14:00:00,9.185,9.21,9.132,9.145,386150.0
2026-04-08T15:00:00,9.145,9.216,9.129,9.19,539168.0
2026-04-08T16:00:00,9.19,9.195,9.107,9.114,623886.0
2026-04-08T17:00:00,9.114,9.114,9.033,9.049,887246.0
2026-04-08T18:00:00,9.05,9.05,8.935,8.961,1152087.0
2026-04-08T19:00:00,8.96,8.981,8.908,8.977,703713.0
2026-04-08T20:00:00,8.976,9.047,8.956,9.029,530448.0
2026-04-08T21:00:00,9.029,9.053,9.009,9.023,369539.0
2026-04-08T22:00:00,9.022,9.066,9.013,9.04,310947.0
2026-04-08T23:00:00,9.04,9.053,9.0,9.009,440372.0
2026-04-09T00:00:00,9.01,9.046,9.009,9.045,291895.0
2026-04-09T01:00:00,9.046,9.086,9.046,9.076,405203.0
2026-04-09T02:00:00,9.076,9.161,9.048,9.152,702187.0
2026-04-09T03:00:00,9.152,9.153,9.056,9.122,705300.0
2026-04-09T04:00:00,9.122,9.148,9.099,9.103,393775.0
2026-04-09T05:00:00,9.103,9.106,9.043,9.081,459942.0
2026-04-09T06:00:00,9.081,9.122,9.061,9.1,408426.0
2026-04-09T07:00:00,9.1,9.112,9.056,9.094,627581.0
2026-04-09T08:00:00,9.094,9.176,9.046,9.153,815587.0
2026-04-09T09:00:00,9.153,9.365,9.13,9.336,1638965.0
2026-04-09T10:00:00,9.337,9.388,9.24,9.286,1206109.0
2026-04-09T11:00:00,9.286,9.386,9.278,9.362,752783.0
2026-04-09T12:00:00,9.363,9.367,9.252,9.277,768811.0
2026-04-09T13:00:00,9.277,9.34,9.244,9.299,824908.0
2026-04-09T14:00:00,9.3,9.34,9.279,9.321,595206.0
2026-04-09T15:00:00,9.321,9.454,9.309,9.414,758669.0
2026-04-09T16:00:00,9.415,9.7,9.392,9.474,2440573.0
2026-04-09T17:00:00,9.474,9.516,9.336,9.361,1246063.0
2026-04-09T18:00:00,9.361,9.396,9.309,9.328,773742.0
2026-04-09T19:00:00,9.328,9.407,9.266,9.338,701501.0
2026-04-09T20:00:00,9.338,9.375,9.307,9.32,344814.0
2026-04-09T21:00:00,9.32,9.346,9.273,9.304,607950.0
2026-04-09T22:00:00,9.304,9.407,9.298,9.379,506304.0
2026-04-09T23:00:00,9.379,9.415,9.358,9.369,517520.0
2026-04-10T00:00:00,9.369,9.399,9.275,9.302,446875.0
2026-04-10T01:00:00,9.303,9.31,9.261,9.27,438539.0
2026-04-10T02:00:00,9.27,9.325,9.24,9.269,387663.0
2026-04-10T03:00:00,9.268,9.316,9.265,9.302,364211.0
2026-04-10T04:00:00,9.303,9.305,9.255,9.266,292072.0
2026-04-10T05:00:00,9.266,9.335,9.26,9.299,491843.0
2026-04-10T06:00:00,9.3,9.385,9.289,9.375,824490.0
2026-04-10T07:00:00,9.375,9.407,9.319,9.365,734615.0
2026-04-10T08:00:00,9.365,9.468,9.332,9.441,928634.0
2026-04-10T09:00:00,9.441,9.514,9.388,9.421,868744.0
2026-04-10T10:00:00,9.422,9.456,9.391,9.42,521447.0
2026-04-10T11:00:00,9.42,9.42,9.348,9.391,393961.0
2026-04-10T12:00:00,9.392,9.56,9.377,9.511,1457348.0
2026-04-10T13:00:00,9.51,9.552,9.494,9.523,464575.0
2026-04-10T14:00:00,9.523,9.552,9.483,9.508,574830.0
2026-04-10T15:00:00,9.509,9.512,9.396,9.453,757776.0
2026-04-10T16:00:00,9.452,9.455,9.39,9.411,326145.0
2026-04-10T17:00:00,9.41,9.412,9.373,9.39,324889.0
2026-04-10T18:00:00,9.39,9.398,9.352,9.352,361049.0
2026-04-10T19:00:00,9.351,9.356,9.305,9.34,419736.0
2026-04-10T20:00:00,9.339,9.376,9.326,9.341,292404.0
2026-04-10T21:00:00,9.341,9.367,9.309,9.32,302114.0
2026-04-10T22:00:00,9.319,9.344,9.289,9.302,302273.0
2026-04-10T23:00:00,9.302,9.303,9.246,9.257,777397.0
2026-04-11T00:00:00,9.258,9.278,9.225,9.265,418653.0
2026-04-11T01:00:00,9.265,9.3,9.262,9.279,247680.0
2026-04-11T02:00:00,9.28,9.309,9.271,9.274,261089.0
2026-04-11T03:00:00,9.275,9.308,9.253,9.278,395534.0
2026-04-11T04:00:00,9.278,9.28,9.245,9.26,214994.0
2026-04-11T05:00:00,9.261,9.283,9.25,9.275,193259.0
2026-04-11T06:00:00,9.275,9.291,9.262,9.267,290345.0
2026-04-11T07:00:00,9.267,9.27,9.184,9.232,686295.0
2026-04-11T08:00:00,9.233,9.275,9.23,9.264,300495.0
2026-04-11T09:00:00,9.265,9.335,9.261,9.326,371091.0
2026-04-11T10:00:00,9.327,9.467,9.327,9.442,839930.0
2026-04-11T11:00:00,9.443,9.45,9.376,9.387,571414.0
2026-04-11T12:00:00,9.387,9.519,9.357,9.489,916140.0
2026-04-11T13:00:00,9.488,9.605,9.48,9.58,987469.0
2026-04-11T14:00:00,9.58,9.61,9.436,9.466,913278.0
2026-04-11T15:00:00,9.465,9.495,9.431,9.459,351366.0
2026-04-11T16:00:00,9.458,9.513,9.389,9.412,623285.0
2026-04-11T17:00:00,9.411,9.412,9.327,9.371,494754.0
2026-04-11T18:00:00,9.372,9.378,9.32,9.362,381160.0
2026-04-11T19:00:00,9.362,9.386,9.025,9.072,2384106.0
2026-04-11T20:00:00,9.073,9.13,9.02,9.12,1133744.0
2026-04-11T21:00:00,9.12,9.127,9.077,9.078,393033.0
2026-04-11T22:00:00,9.077,9.089,9.052,9.064,276101.0
2026-04-11T23:00:00,9.064,9.078,9.043,9.065,384467.0
2026-04-12T00:00:00,9.066,9.079,9.038,9.047,310236.0
2026-04-12T01:00:00,9.047,9.047,8.989,9.016,757429.0
2026-04-12T02:00:00,9.016,9.046,9.001,9.03,368429.0
2026-04-12T03:00:00,9.031,9.039,8.998,9.014,293124.0
2026-04-12T04:00:00,9.015,9.036,8.974,8.986,474800.0
2026-04-12T05:00:00,8.986,9.038,8.981,9.024,248593.0
2026-04-12T06:00:00,9.024,9.055,9.002,9.018,734618.0
2026-04-12T07:00:00,9.018,9.039,8.956,8.959,646657.0
2026-04-12T08:00:00,8.96,8.999,8.955,8.972,414530.0
2026-04-12T09:00:00,8.972,8.986,8.924,8.956,481344.0
2026-04-12T10:00:00,8.956,9.016,8.948,9.01,467951.0
2026-04-12T11:00:00,9.011,9.121,9.009,9.105,616738.0
2026-04-12T12:00:00,9.106,9.164,9.089,9.096,836886.0
2026-04-12T13:00:00,9.095,9.111,9.064,9.081,267305.0
2026-04-12T14:00:00,9.08,9.148,9.058,9.129,341045.0
2026-04-12T15:00:00,9.13,9.168,9.109,9.152,386555.0
2026-04-12T16:00:00,9.152,9.152,9.013,9.061,1037352.0
2026-04-12T17:00:00,9.06,9.06,8.999,9.025,385270.0
2026-04-12T18:00:00,9.026,9.118,9.01,9.091,460450.0
2026-04-12T19:00:00,9.092,9.165,9.089,9.131,466994.0
2026-04-12T20:00:00,9.131,9.142,9.048,9.053,471321.0
2026-04-12T21:00:00,9.054,9.077,9.036,9.067,223695.0
2026-04-12T22:00:00,9.066,9.108,9.044,9.049,294276.0
2026-04-12T23:00:00,9.049,9.063,9.01,9.062,412281.0
2026-04-13T00:00:00,9.063,9.192,9.056,9.15,738412.0
2026-04-13T01:00:00,9.15,9.158,9.042,9.061,709109.0
2026-04-13T02:00:00,9.061,9.063,9.01,9.025,400533.0
2026-04-13T03:00:00,9.025,9.083,9.021,9.071,261588.0
2026-04-13T04:00:00,9.071,9.081,8.978,8.986,434147.0
2026-04-13T05:00:00,8.987,9.077,8.961,9.057,809211.0
2026-04-13T06:00:00,9.056,9.188,9.033,9.15,829037.0
2026-04-13T07:00:00,9.15,9.279,9.101,9.262,1319873.0
2026-04-13T08:00:00,9.262,9.319,9.139,9.314,1238301.0
2026-04-13T09:00:00,9.314,9.325,9.153,9.202,1114903.0
2026-04-13T10:00:00,9.202,9.307,9.144,9.281,1006429.0
2026-04-13T11:00:00,9.281,9.387,9.244,9.253,922248.0
2026-04-13T12:00:00,9.253,9.263,9.172,9.26,835024.0
2026-04-13T13:00:00,9.26,9.416,9.252,9.404,1369422.0
2026-04-13T14:00:00,9.403,9.418,9.272,9.288,1016066.0
2026-04-13T15:00:00,9.289,9.324,9.243,9.311,672707.0
2026-04-13T16:00:00,9.311,9.627,9.301,9.594,2299972.0
2026-04-13T17:00:00,9.594,9.716,9.567,9.659,1807776.0
2026-04-13T18:00:00,9.659,9.705,9.493,9.509,1335735.0
2026-04-13T19:00:00,9.508,9.529,9.464,9.492,513722.0
2026-04-13T20:00:00,9.493,9.497,9.427,9.456,426297.0
2026-04-13T21:00:00,9.457,9.482,9.435,9.448,272326.0
2026-04-13T22:00:00,9.449,9.467,9.424,9.443,230872.0
2026-04-13T23:00:00,9.444,9.445,9.366,9.382,428310.0
2026-04-14T00:00:00,9.383,9.433,9.383,9.417,363322.0
2026-04-14T01:00:00,9.417,9.452,9.391,9.409,377950.0
2026-04-14T02:00:00,9.41,9.448,9.386,9.433,365321.0
2026-04-14T03:00:00,9.434,9.441,9.382,9.416,360348.0
2026-04-14T04:00:00,9.416,9.438,9.396,9.4,248453.0
2026-04-14T05:00:00,9.4,9.409,9.372,9.381,337556.0
2026-04-14T06:00:00,9.381,9.396,9.354,9.371,343314.0
2026-04-14T07:00:00,9.371,9.495,9.366,9.491,910353.0
2026-04-14T08:00:00,9.491,9.531,9.387,9.388,1219290.0
2026-04-14T09:00:00,9.389,9.461,9.272,9.424,1805493.0
2026-04-14T10:00:00,9.424,9.486,9.37,9.391,1998397.0
2026-04-14T11:00:00,9.39,9.442,9.315,9.374,871968.0
2026-04-14T12:00:00,9.374,9.398,9.206,9.253,965934.0
2026-04-14T13:00:00,9.252,9.348,9.242,9.345,1023038.0
2026-04-14T14:00:00,9.346,9.372,9.302,9.316,463550.0
2026-04-14T15:00:00,9.316,9.377,9.316,9.355,750160.0
2026-04-14T16:00:00,9.355,9.381,9.286,9.307,570669.0
2026-04-14T17:00:00,9.306,9.328,9.269,9.296,357199.0
2026-04-14T18:00:00,9.296,9.371,9.293,9.329,456283.0
2026-04-14T19:00:00,9.329,9.384,9.319,9.357,400768.0
2026-04-14T20:00:00,9.358,9.382,9.278,9.313,302697.0
2026-04-14T21:00:00,9.313,9.352,9.286,9.341,334223.0
2026-04-14T22:00:00,9.342,9.455,9.337,9.404,1108481.0
2026-04-14T23:00:00,9.403,9.452,9.319,9.34,554248.0
2026-04-15T00:00:00,9.34,9.342,9.287,9.299,341022.0
2026-04-15T01:00:00,9.299,9.322,9.254,9.265,525557.0
2026-04-15T02:00:00,9.265,9.392,9.255,9.349,531805.0
2026-04-15T03:00:00,9.349,9.361,9.303,9.317,235423.0
2026-04-15T04:00:00,9.317,9.388,9.287,9.331,388092.0
2026-04-15T05:00:00,9.331,9.454,9.33,9.419,544907.0
2026-04-15T06:00:00,9.419,9.436,9.381,9.427,459271.0
2026-04-15T07:00:00,9.428,9.444,9.361,9.394,489297.0
2026-04-15T08:00:00,9.393,9.46,9.366,9.447,614171.0
2026-04-15T09:00:00,9.447,9.456,9.321,9.362,830031.0
2026-04-15T10:00:00,9.363,9.45,9.349,9.431,618595.0
2026-04-15T11:00:00,9.43,9.476,9.403,9.447,629926.0
2026-04-15T12:00:00,9.446,9.486,9.437,9.47,387399.0
2026-04-15T13:00:00,9.47,9.567,9.449,9.527,878495.0
2026-04-15T14:00:00,9.527,9.53,9.453,9.469,715193.0
2026-04-15T15:00:00,9.469,9.503,9.424,9.491,437978.0
2026-04-15T16:00:00,9.49,9.556,9.479,9.481,510669.0
2026-04-15T17:00:00,9.48,9.481,9.382,9.43,575463.0
2026-04-15T18:00:00,9.431,9.446,9.364,9.403,420581.0
2026-04-15T19:00:00,9.402,9.403,9.336,9.366,350031.0
2026-04-15T20:00:00,9.366,9.496,9.364,9.44,722535.0
2026-04-15T21:00:00,9.44,9.511,9.41,9.48,559842.0
2026-04-15T22:00:00,9.48,9.55,9.461,9.483,636758.0
2026-04-15T23:00:00,9.483,9.513,9.455,9.492,274643.0
2026-04-16T00:00:00,9.493,9.563,9.492,9.562,420060.0
2026-04-16T01:00:00,9.563,9.618,9.486,9.508,885281.0
2026-04-16T02:00:00,9.509,9.514,9.435,9.439,580390.0
2026-04-16T03:00:00,9.439,9.504,9.426,9.427,521033.0
2026-04-16T04:00:00,9.428,9.437,9.338,9.396,829208.0
2026-04-16T05:00:00,9.395,9.464,9.374,9.46,465620.0
2026-04-16T06:00:00,9.46,9.556,9.459,9.504,970182.0
2026-04-16T07:00:00,9.504,9.613,9.301,9.407,1601098.0
2026-04-16T08:00:00,9.408,9.42,9.257,9.399,1777357.0
2026-04-16T09:00:00,9.399,9.601,9.386,9.582,2045050.0
2026-04-16T10:00:00,9.582,9.647,9.414,9.455,1899004.0
2026-04-16T11:00:00,9.456,9.551,9.404,9.525,1047655.0
2026-04-16T12:00:00,9.526,9.848,9.488,9.774,2698850.0
2026-04-16T13:00:00,9.773,9.866,9.74,9.85,1632469.0
2026-04-16T14:00:00,9.849,9.883,9.657,9.695,1334646.0
2026-04-16T15:00:00,9.694,9.733,9.64,9.723,731687.0
2026-04-16T16:00:00,9.723,9.766,9.681,9.712,404895.0
2026-04-16T17:00:00,9.711,9.779,9.684,9.723,383144.0
2026-04-16T18:00:00,9.724,9.747,9.666,9.69,424183.0
2026-04-16T19:00:00,9.689,9.714,9.594,9.628,669475.0
2026-04-16T20:00:00,9.627,9.648,9.55,9.587,535750.0
2026-04-16T21:00:00,9.586,9.587,9.537,9.555,332258.0
2026-04-16T22:00:00,9.556,9.584,9.529,9.546,552329.0
2026-04-16T23:00:00,9.547,9.55,9.441,9.451,802976.0
2026-04-17T00:00:00,9.45,9.576,9.443,9.555,775546.0
2026-04-17T01:00:00,9.556,9.623,9.554,9.623,547457.0
2026-04-17T02:00:00,9.623,9.704,9.605,9.669,705474.0
2026-04-17T03:00:00,9.669,9.719,9.601,9.674,963801.0
2026-04-17T04:00:00,9.674,9.699,9.497,9.541,913423.0
2026-04-17T05:00:00,9.542,9.675,9.525,9.65,733082.0
2026-04-17T06:00:00,9.651,9.756,9.607,9.728,949803.0
2026-04-17T07:00:00,9.728,9.908,9.709,9.893,2123508.0
2026-04-17T08:00:00,9.893,10.006,9.86,9.929,1386699.0
2026-04-17T09:00:00,9.929,9.933,9.746,9.808,1062154.0
2026-04-17T10:00:00,9.809,9.95,9.799,9.923,684125.0
2026-04-17T11:00:00,9.924,9.926,9.769,9.831,898189.0
2026-04-17T12:00:00,9.831,9.848,9.734,9.77,697604.0
2026-04-17T13:00:00,9.77,9.828,9.745,9.787,437001.0
2026-04-17T14:00:00,9.787,9.821,9.715,9.781,462577.0
2026-04-17T15:00:00,9.781,9.841,9.755,9.79,431240.0
2026-04-17T16:00:00,9.789,9.839,9.765,9.795,276763.0
2026-04-17T17:00:00,9.795,9.795,9.683,9.715,505666.0
2026-04-17T18:00:00,9.715,9.767,9.696,9.741,329929.0
2026-04-17T19:00:00,9.741,9.779,9.673,9.698,322622.0
2026-04-17T20:00:00,9.697,9.738,9.671,9.709,296639.0
2026-04-17T21:00:00,9.708,9.71,9.622,9.642,386163.0
2026-04-17T22:00:00,9.642,9.678,9.615,9.651,658549.0
2026-04-17T23:00:00,9.652,9.715,9.651,9.692,437105.0
2026-04-18T00:00:00,9.692,9.719,9.652,9.686,345506.0
2026-04-18T01:00:00,9.686,9.73,9.68,9.699,266646.0
2026-04-18T02:00:00,9.699,9.702,9.509,9.553,1126423.0
2026-04-18T03:00:00,9.554,9.555,9.474,9.518,804513.0
2026-04-18T04:00:00,9.519,9.521,9.409,9.423,913543.0
2026-04-18T05:00:00,9.424,9.428,9.341,9.386,1047609.0
2026-04-18T06:00:00,9.385,9.412,9.369,9.408,544157.0
2026-04-18T07:00:00,9.408,9.421,9.326,9.385,553430.0
2026-04-18T08:00:00,9.386,9.434,9.364,9.415,430609.0
2026-04-18T09:00:00,9.415,9.442,9.383,9.399,399920.0
2026-04-18T10:00:00,9.399,9.437,9.353,9.384,636702.0
2026-04-18T11:00:00,9.384,9.416,9.344,9.391,430616.0
2026-04-18T12:00:00,9.392,9.393,9.291,9.332,824709.0
2026-04-18T13:00:00,9.332,9.388,9.326,9.371,456492.0
2026-04-18T14:00:00,9.371,9.41,9.348,9.392,351870.0
2026-04-18T15:00:00,9.392,9.404,9.366,9.391,210185.0
2026-04-18T16:00:00,9.392,9.393,9.345,9.377,267909.0
2026-04-18T17:00:00,9.377,9.397,9.327,9.336,176383.0
