timestamp,open,high,low,close,volume
2026-01-18T18:00:00,932.73,932.73,900.67,918.97,239337.72
2026-01-18T19:00:00,918.97,922.34,916.48,919.95,37516.61
2026-01-18T20:00:00,919.96,922.2,917.43,920.97,27839.0
2026-01-18T21:00:00,920.97,925.8,920.63,925.17,22971.39
2026-01-18T22:00:00,925.18,927.71,922.83,926.38,24534.75
2026-01-18T23:00:00,926.38,928.0,923.18,925.11,24663.37
2026-01-19T00:00:00,925.11,926.3,923.0,925.24,17872.36
2026-01-19T01:00:00,925.25,927.97,923.47,927.33,13672.19
2026-01-19T02:00:00,927.34,929.0,925.11,926.91,22571.92
2026-01-19T03:00:00,926.9,928.47,924.44,928.34,13491.93
2026-01-19T04:00:00,928.33,929.98,926.49,926.69,19947.95
2026-01-19T05:00:00,926.7,929.16,925.59,928.15,17152.05
2026-01-19T06:00:00,928.15,928.41,925.28,927.88,26739.74
2026-01-19T07:00:00,927.87,929.85,925.61,928.66,32111.6
2026-01-19T08:00:00,928.67,929.39,923.57,924.59,45878.56
2026-01-19T09:00:00,924.59,926.77,924.59,925.79,11686.46
2026-01-19T10:00:00,925.78,929.4,925.38,928.98,11674.65
2026-01-19T11:00:00,928.99,928.99,927.05,928.09,8188.87
2026-01-19T12:00:00,928.08,928.16,925.7,927.55,6613.87
2026-01-19T13:00:00,927.55,929.62,926.73,927.1,6600.29
2026-01-19T14:00:00,927.1,928.25,925.83,926.7,9570.23
2026-01-19T15:00:00,926.7,927.91,925.15,925.48,5935.49
2026-01-19T16:00:00,925.48,927.04,922.03,922.12,12793.73
2026-01-19T17:00:00,922.11,926.15,919.72,924.13,21630.23
2026-01-19T18:00:00,924.12,931.48,923.88,929.59,35443.89
2026-01-19T19:00:00,929.59,933.6,928.25,932.73,21606.12
2026-01-19T20:00:00,932.73,932.95,927.2,928.72,19789.55
2026-01-19T21:00:00,928.71,929.74,927.0,927.88,16941.13
2026-01-19T22:00:00,927.88,928.92,926.5,926.97,10236.2
2026-01-19T23:00:00,926.96,926.97,920.28,922.68,39747.26
2026-01-20T00:00:00,922.67,922.83,914.44,915.87,39606.27
2026-01-20T01:00:00,915.86,919.86,915.03,918.13,18043.73
2026-01-20T02:00:00,918.13,918.23,909.02,914.82,47026.85
2026-01-20T03:00:00,914.81,915.0,913.06,913.62,13679.63
2026-01-20T04:00:00,913.63,916.37,913.0,914.77,14273.84
2026-01-20T05:00:00,914.76,915.88,912.66,913.19,11585.9
2026-01-20T06:00:00,913.19,916.49,912.89,914.32,11888.63
2026-01-20T07:00:00,914.32,914.45,906.08,906.7,34882.57
2026-01-20T08:00:00,906.7,911.58,903.0,903.92,47945.53
2026-01-20T09:00:00,903.91,906.29,896.94,905.84,71700.92
2026-01-20T10:00:00,905.84,908.92,896.69,897.01,44355.17
2026-01-20T11:00:00,897.01,900.4,887.01,890.7,54803.17
2026-01-20T12:00:00,890.7,895.33,890.62,892.39,22152.61
2026-01-20T13:00:00,892.38,896.99,891.87,896.11,20600.27
2026-01-20T14:00:00,896.11,898.5,894.72,896.38,12978.26
2026-01-20T15:00:00,896.38,896.94,894.09,894.96,7196.38
2026-01-20T16:00:00,894.96,897.71,885.48,891.5,42420.14
2026-01-20T17:00:00,891.51,891.64,884.44,884.71,32305.39
2026-01-20T18:00:00,884.71,884.71,867.57,881.75,95148.0
2026-01-20T19:00:00,881.75,884.35,879.03,880.24,29687.15
2026-01-20T20:00:00,880.24,882.55,877.2,877.74,20029.72
2026-01-20T21:00:00,877.73,882.7,875.9,881.99,24332.96
2026-01-20T22:00:00,881.99,883.21,879.82,880.12,17554.36
2026-01-20T23:00:00,880.12,886.63,879.34,884.5,31784.63
2026-01-21T00:00:00,884.5,885.3,878.1,878.66,19824.83
2026-01-21T01:00:00,878.67,880.0,874.71,875.67,19459.55
2026-01-21T02:00:00,875.66,875.69,870.0,873.17,42398.72
2026-01-21T03:00:00,873.16,875.74,872.38,872.93,20244.18
2026-01-21T04:00:00,872.94,876.36,872.46,873.57,13577.99
2026-01-21T05:00:00,873.57,875.17,870.09,870.81,16701.73
2026-01-21T06:00:00,870.81,871.76,864.5,871.63,42783.63
2026-01-21T07:00:00,871.63,876.29,871.32,874.09,24824.46
2026-01-21T08:00:00,874.08,884.72,873.41,883.91,50466.56
2026-01-21T09:00:00,883.9,894.06,883.64,892.78,66527.16
2026-01-21T10:00:00,892.78,893.04,867.75,868.11,76158.22
2026-01-21T11:00:00,868.11,874.54,865.86,869.96,43313.91
2026-01-21T12:00:00,869.96,875.77,867.6,873.73,20960.59
2026-01-21T13:00:00,873.74,890.24,871.48,890.07,48619.91
2026-01-21T14:00:00,890.08,890.42,882.58,888.78,29264.69
2026-01-21T15:00:00,888.78,891.08,887.48,889.68,12916.33
2026-01-21T16:00:00,889.68,892.78,886.57,887.94,14044.99
2026-01-21T17:00:00,887.94,890.6,882.57,883.68,17606.73
2026-01-21T18:00:00,883.69,890.92,883.68,889.48,18361.99
2026-01-21T19:00:00,889.48,892.82,889.02,892.29,12941.04
2026-01-21T20:00:00,892.3,894.63,889.69,889.79,15421.07
2026-01-21T21:00:00,889.78,892.88,889.03,891.6,9456.79
2026-01-21T22:00:00,891.59,893.38,891.15,892.4,11669.31
2026-01-21T23:00:00,892.41,893.3,890.23,891.49,6450.24
2026-01-22T00:00:00,891.48,893.25,889.49,890.95,11850.3
2026-01-22T01:00:00,890.95,891.27,887.89,888.96,10415.51
2026-01-22T02:00:00,888.96,892.68,888.96,892.27,14047.35
2026-01-22T03:00:00,892.28,896.72,891.72,895.84,17736.82
2026-01-22T04:00:00,895.75,897.78,895.14,896.6,12690.1
2026-01-22T05:00:00,896.61,897.26,892.52,893.16,15197.77
2026-01-22T06:00:00,893.16,894.33,892.29,892.88,9313.54
2026-01-22T07:00:00,892.88,895.49,886.56,888.56,23855.32
2026-01-22T08:00:00,888.55,889.32,881.51,883.46,29461.24
2026-01-22T09:00:00,883.43,887.52,878.52,883.32,33273.85
2026-01-22T10:00:00,883.32,888.26,882.19,885.59,17686.47
2026-01-22T11:00:00,885.59,888.66,884.0,888.33,11321.63
2026-01-22T12:00:00,888.33,888.91,884.21,884.59,10295.29
2026-01-22T13:00:00,884.58,889.32,883.27,888.73,8419.92
2026-01-22T14:00:00,888.73,889.84,886.57,887.8,10179.94
2026-01-22T15:00:00,887.81,890.41,887.21,888.6,7471.33
2026-01-22T16:00:00,888.59,892.5,887.3,887.95,13867.84
2026-01-22T17:00:00,887.95,888.47,885.74,888.45,6975.22
2026-01-22T18:00:00,888.45,890.77,888.0,889.94,13667.15
2026-01-22T19:00:00,889.94,892.3,889.3,892.3,7384.4
2026-01-22T20:00:00,892.3,892.67,888.88,889.22,9220.27
2026-01-22T21:00:00,889.23,892.55,889.13,891.97,6553.98
2026-01-22T22:00:00,891.98,893.82,891.43,892.48,9209.8
2026-01-22T23:00:00,892.47,892.49,889.75,891.7,7497.54
2026-01-23T00:00:00,891.7,893.3,889.5,890.76,8765.91
2026-01-23T01:00:00,890.76,892.78,890.63,891.7,6535.56
2026-01-23T02:00:00,891.71,892.17,888.26,889.05,11262.11
2026-01-23T03:00:00,889.04,890.69,887.02,887.85,13263.1
2026-01-23T04:00:00,887.84,889.98,886.1,889.08,10216.23
2026-01-23T05:00:00,889.09,890.61,887.5,887.89,7966.41
2026-01-23T06:00:00,887.88,888.83,886.93,887.9,7702.95
2026-01-23T07:00:00,887.91,889.18,886.69,888.44,7179.8
2026-01-23T08:00:00,888.45,891.54,883.47,887.55,36396.88
2026-01-23T09:00:00,887.56,893.08,884.27,892.58,22754.93
2026-01-23T10:00:00,892.58,899.45,892.45,896.57,33630.74
2026-01-23T11:00:00,896.56,905.78,894.88,899.89,38043.75
2026-01-23T12:00:00,899.89,903.69,899.0,900.58,22651.81
2026-01-23T13:00:00,900.59,900.74,891.0,894.42,23302.19
2026-01-23T14:00:00,894.44,895.67,889.09,891.39,16207.62
2026-01-23T15:00:00,891.38,893.17,890.33,890.44,6472.28
2026-01-23T16:00:00,890.44,893.82,890.29,893.24,5461.82
2026-01-23T17:00:00,893.24,893.24,890.97,892.1,4978.41
2026-01-23T18:00:00,892.09,892.94,889.78,890.33,11765.93
2026-01-23T19:00:00,890.34,891.24,889.82,890.8,6656.88
2026-01-23T20:00:00,890.81,893.8,890.67,893.12,8305.1
2026-01-23T21:00:00,893.13,894.68,892.23,893.36,9887.12
2026-01-23T22:00:00,893.35,894.66,892.64,893.19,4551.8
2026-01-23T23:00:00,893.19,894.15,892.89,893.31,4903.76
2026-01-24T00:00:00,893.32,893.87,892.5,892.75,3751.99
2026-01-24T01:00:00,892.75,893.49,891.85,892.52,5218.18
2026-01-24T02:00:00,892.52,893.0,891.69,892.86,5339.88
2026-01-24T03:00:00,892.86,893.14,892.19,892.69,4269.44
2026-01-24T04:00:00,892.69,893.13,892.02,892.59,4351.03
2026-01-24T05:00:00,892.59,894.46,892.59,893.11,6997.21
2026-01-24T06:00:00,893.1,893.1,892.19,892.7,3999.58
2026-01-24T07:00:00,892.7,892.81,891.22,891.23,4385.64
2026-01-24T08:00:00,891.22,893.27,891.16,892.1,7645.82
2026-01-24T09:00:00,892.1,893.08,889.17,889.21,12066.76
2026-01-24T10:00:00,889.2,889.25,886.91,888.12,14290.98
2026-01-24T11:00:00,888.13,890.09,887.84,889.77,5340.37
2026-01-24T12:00:00,889.77,890.84,889.15,889.36,4023.4
2026-01-24T13:00:00,889.36,889.45,888.36,888.58,3221.73
2026-01-24T14:00:00,888.59,889.31,887.86,888.27,2844.5
2026-01-24T15:00:00,888.27,889.0,887.66,888.99,2149.32
2026-01-24T16:00:00,889.0,890.11,888.59,889.15,3224.13
2026-01-24T17:00:00,889.16,889.47,887.37,887.65,4026.57
2026-01-24T18:00:00,887.65,888.08,886.0,886.43,8248.9
2026-01-24T19:00:00,886.43,886.77,884.19,885.11,8208.57
2026-01-24T20:00:00,885.12,885.62,884.02,884.41,6893.3
2026-01-24T21:00:00,884.42,884.95,880.35,881.63,15785.21
2026-01-24T22:00:00,881.63,884.08,881.39,882.77,8530.55
2026-01-24T23:00:00,882.78,883.29,881.0,882.69,5841.51
2026-01-25T00:00:00,882.69,882.8,880.17,882.31,6554.88
2026-01-25T01:00:00,882.31,882.32,879.76,880.0,6265.13
2026-01-25T02:00:00,880.0,882.5,877.54,878.86,13202.49
2026-01-25T03:00:00,878.86,882.77,878.56,881.49,8650.16
2026-01-25T04:00:00,881.49,883.78,880.96,882.56,7744.26
2026-01-25T05:00:00,882.56,883.3,880.13,880.93,7095.64
2026-01-25T06:00:00,880.93,881.52,879.76,881.43,9108.07
2026-01-25T07:00:00,881.43,882.0,879.11,881.03,7518.6
2026-01-25T08:00:00,881.03,881.33,877.02,879.13,11739.07
2026-01-25T09:00:00,879.13,880.44,877.18,878.05,6769.75
2026-01-25T10:00:00,878.05,878.11,868.12,871.11,58570.58
2026-01-25T11:00:00,871.11,871.71,867.65,869.84,14097.12
2026-01-25T12:00:00,869.84,870.37,862.13,866.9,32628.13
2026-01-25T13:00:00,866.91,867.98,856.03,859.28,56534.36
2026-01-25T14:00:00,859.28,861.9,856.14,861.24,23365.6
2026-01-25T15:00:00,861.25,865.08,860.3,864.3,24030.02
2026-01-25T16:00:00,864.3,864.49,860.2,862.47,13251.28
2026-01-25T17:00:00,862.48,867.25,859.69,866.63,14336.53
2026-01-25T18:00:00,866.64,870.41,865.45,868.07,19125.7
2026-01-25T19:00:00,868.07,876.52,867.98,874.59,27438.77
2026-01-25T20:00:00,874.59,875.5,870.97,872.23,16960.0
2026-01-25T21:00:00,872.22,873.36,867.36,868.7,13499.97
2026-01-25T22:00:00,868.7,874.31,868.49,872.71,12566.2
2026-01-25T23:00:00,872.71,873.33,871.69,872.46,6184.01
2026-01-26T00:00:00,872.46,874.24,870.64,873.4,7126.54
2026-01-26T01:00:00,873.4,875.31,871.75,875.08,8973.53
2026-01-26T02:00:00,875.09,878.5,873.48,873.94,21162.33
2026-01-26T03:00:00,873.93,874.04,869.78,870.65,13208.42
2026-01-26T04:00:00,870.66,873.4,870.65,872.84,5748.05
2026-01-26T05:00:00,872.84,873.75,871.81,873.51,6057.44
2026-01-26T06:00:00,873.51,876.0,872.12,873.12,10982.87
2026-01-26T07:00:00,873.12,875.15,872.59,874.91,6489.19
2026-01-26T08:00:00,874.91,877.14,870.01,874.78,28681.97
2026-01-26T09:00:00,874.78,878.88,870.02,872.52,30663.13
2026-01-26T10:00:00,872.53,875.74,870.31,873.53,16533.99
2026-01-26T11:00:00,873.52,875.37,869.0,874.5,20829.95
2026-01-26T12:00:00,874.51,879.74,874.08,878.53,22136.48
2026-01-26T13:00:00,878.53,879.28,874.51,874.85,8522.2
2026-01-26T14:00:00,874.85,875.94,872.14,873.35,9299.41
2026-01-26T15:00:00,873.36,879.38,872.72,877.14,10511.11
2026-01-26T16:00:00,877.13,879.45,876.69,878.49,8529.08
2026-01-26T17:00:00,878.49,882.0,877.16,879.94,12322.3
2026-01-26T18:00:00,879.94,880.17,877.0,878.17,9338.35
2026-01-26T19:00:00,878.17,882.15,876.69,881.67,10943.31
2026-01-26T20:00:00,881.68,885.74,881.6,885.38,18871.13
2026-01-26T21:00:00,885.39,886.39,884.51,885.17,10803.2
2026-01-26T22:00:00,885.18,888.55,884.65,885.71,16673.49
2026-01-26T23:00:00,885.72,886.0,882.63,885.1,8745.11
2026-01-27T00:00:00,885.1,885.86,882.81,883.76,7768.15
2026-01-27T01:00:00,883.76,886.09,883.52,884.01,8228.24
2026-01-27T02:00:00,884.01,885.64,883.74,884.99,9129.0
2026-01-27T03:00:00,884.98,884.98,881.85,881.86,11199.83
2026-01-27T04:00:00,881.85,882.36,877.45,877.8,16680.6
2026-01-27T05:00:00,877.8,880.87,877.23,880.8,11637.68
2026-01-27T06:00:00,880.79,882.42,880.71,881.22,8231.26
2026-01-27T07:00:00,881.21,883.67,879.79,882.73,13122.81
2026-01-27T08:00:00,882.74,885.92,881.1,882.28,23474.87
2026-01-27T09:00:00,882.29,886.69,881.52,886.19,18765.28
2026-01-27T10:00:00,886.19,897.38,886.19,895.61,54169.36
2026-01-27T11:00:00,895.6,898.44,885.2,887.71,43911.31
2026-01-27T12:00:00,887.71,895.34,886.84,893.02,17909.42
2026-01-27T13:00:00,893.02,894.18,890.36,892.51,9769.26
2026-01-27T14:00:00,892.51,899.57,892.11,899.12,20926.54
2026-01-27T15:00:00,899.13,899.9,895.52,896.33,13693.06
2026-01-27T16:00:00,896.33,900.6,896.33,899.69,10666.46
2026-01-27T17:00:00,899.69,901.8,898.5,898.86,13075.57
2026-01-27T18:00:00,898.85,901.52,898.18,900.58,11356.34
2026-01-27T19:00:00,900.58,901.58,895.79,897.04,14208.33
2026-01-27T20:00:00,897.04,897.58,895.0,897.53,8787.56
2026-01-27T21:00:00,897.52,898.27,895.3,897.41,8586.18
2026-01-27T22:00:00,897.4,899.74,895.8,899.45,8930.32
2026-01-27T23:00:00,899.44,901.4,898.48,901.28,10031.4
2026-01-28T00:00:00,901.29,905.3,900.14,904.15,22990.44
2026-01-28T01:00:00,904.15,904.63,902.37,903.78,10560.89
2026-01-28T02:00:00,903.78,906.57,902.79,902.94,15285.12
2026-01-28T03:00:00,902.93,909.15,902.93,909.02,17597.89
2026-01-28T04:00:00,909.02,909.98,905.77,906.01,11092.98
2026-01-28T05:00:00,906.01,908.61,903.37,908.17,16801.66
2026-01-28T06:00:00,908.17,908.22,904.3,905.61,14861.44
2026-01-28T07:00:00,905.62,908.75,905.61,906.45,12591.64
2026-01-28T08:00:00,906.46,906.5,901.1,902.35,20156.36
2026-01-28T09:00:00,902.35,904.41,897.45,903.25,22066.71
2026-01-28T10:00:00,903.25,904.16,898.35,900.41,15880.8
2026-01-28T11:00:00,900.41,907.72,898.7,904.91,16738.36
2026-01-28T12:00:00,904.9,905.19,900.88,903.01,12714.41
2026-01-28T13:00:00,903.01,905.9,900.43,904.57,16569.64
2026-01-28T14:00:00,904.57,908.1,902.8,903.28,14149.21
2026-01-28T15:00:00,903.28,905.22,900.33,904.83,10935.79
2026-01-28T16:00:00,904.83,905.77,903.0,904.9,5701.54
2026-01-28T17:00:00,904.89,905.57,902.15,903.46,7124.78
2026-01-28T18:00:00,903.46,904.7,900.94,904.16,8541.53
2026-01-28T19:00:00,904.15,905.37,899.32,900.03,15057.0
2026-01-28T20:00:00,900.03,901.73,893.71,895.22,30408.88
2026-01-28T21:00:00,895.22,899.57,894.36,897.09,22161.42
2026-01-28T22:00:00,897.09,902.0,895.73,901.14,14231.31
2026-01-28T23:00:00,901.13,903.29,898.48,899.07,15001.6
2026-01-29T00:00:00,899.07,901.92,899.06,901.87,7221.24
2026-01-29T01:00:00,901.88,907.11,901.88,905.14,30115.84
2026-01-29T02:00:00,905.13,905.95,902.5,903.95,32422.73
2026-01-29T03:00:00,903.94,905.72,902.79,903.82,41702.9
2026-01-29T04:00:00,903.82,904.55,895.65,895.67,72524.79
2026-01-29T05:00:00,895.67,897.14,893.75,894.73,23534.2
2026-01-29T06:00:00,894.73,895.05,890.27,891.7,25290.07
2026-01-29T07:00:00,891.69,893.0,890.61,890.85,13551.59
2026-01-29T08:00:00,890.85,891.92,878.02,878.18,58476.68
2026-01-29T09:00:00,878.19,878.64,857.01,864.34,158859.15
2026-01-29T10:00:00,864.35,866.07,857.06,865.76,62608.24
2026-01-29T11:00:00,865.76,870.65,862.97,863.71,41143.35
2026-01-29T12:00:00,863.71,867.94,856.37,858.35,52548.22
2026-01-29T13:00:00,858.35,862.96,853.11,860.52,43980.2
2026-01-29T14:00:00,860.53,865.86,859.7,864.68,18038.53
2026-01-29T15:00:00,864.72,867.45,862.71,865.59,23701.68
2026-01-29T16:00:00,865.58,867.67,863.3,867.67,11379.51
2026-01-29T17:00:00,867.66,869.62,865.41,868.9,10976.78
2026-01-29T18:00:00,868.91,869.98,864.5,865.51,21621.43
2026-01-29T19:00:00,865.52,865.75,835.26,847.8,118035.85
2026-01-29T20:00:00,847.8,847.91,835.47,842.6,63478.46
2026-01-29T21:00:00,842.6,846.99,842.46,845.79,24941.58
2026-01-29T22:00:00,845.78,854.59,845.76,850.74,26250.48
2026-01-29T23:00:00,850.74,852.1,847.59,847.67,14783.43
2026-01-30T00:00:00,847.68,847.77,836.25,840.28,41738.93
2026-01-30T01:00:00,840.29,848.6,840.29,847.49,27898.34
2026-01-30T02:00:00,847.5,848.18,840.22,841.96,28766.4
2026-01-30T03:00:00,841.96,843.56,833.01,834.51,41000.35
2026-01-30T04:00:00,834.51,838.94,833.14,838.92,23446.79
2026-01-30T05:00:00,838.92,845.07,837.04,842.84,22794.11
2026-01-30T06:00:00,842.83,843.6,836.3,837.88,24814.54
2026-01-30T07:00:00,837.89,851.97,837.57,845.21,59043.33
2026-01-30T08:00:00,845.21,856.24,845.21,850.85,46010.31
2026-01-30T09:00:00,850.85,855.59,845.2,850.18,44382.57
2026-01-30T10:00:00,850.17,854.59,848.0,851.13,25876.52
2026-01-30T11:00:00,851.13,853.44,847.69,848.93,19746.77
2026-01-30T12:00:00,848.92,852.66,832.0,850.73,80939.95
2026-01-30T13:00:00,850.73,856.19,850.72,854.52,29258.43
2026-01-30T14:00:00,854.53,862.57,846.57,859.67,67458.5
2026-01-30T15:00:00,859.67,860.39,853.85,859.17,25978.39
2026-01-30T16:00:00,859.17,860.48,857.09,860.32,9582.69
2026-01-30T17:00:00,860.32,861.89,856.61,859.11,13379.57
2026-01-30T18:00:00,859.11,861.11,856.68,856.92,14566.31
2026-01-30T19:00:00,856.92,859.13,854.0,854.59,29462.51
2026-01-30T20:00:00,854.58,855.52,852.05,854.47,11111.45
2026-01-30T21:00:00,854.47,856.46,852.68,853.32,7906.13
2026-01-30T22:00:00,853.32,854.8,851.2,851.79,13662.32
2026-01-30T23:00:00,851.8,853.35,850.56,851.38,12452.1
2026-01-31T00:00:00,851.39,852.61,849.1,851.28,9148.65
2026-01-31T01:00:00,851.29,851.46,845.99,847.97,13572.43
2026-01-31T02:00:00,847.98,848.0,832.8,836.32,51126.06
2026-01-31T03:00:00,836.33,841.47,835.74,839.12,19797.14
2026-01-31T04:00:00,839.12,840.63,836.82,839.0,11877.31
2026-01-31T05:00:00,839.01,839.01,835.93,837.04,11233.34
2026-01-31T06:00:00,837.03,837.69,833.22,833.87,17466.61
2026-01-31T07:00:00,833.87,834.4,828.7,830.06,39303.29
2026-01-31T08:00:00,830.05,831.92,805.0,812.16,150392.69
2026-01-31T09:00:00,812.17,817.04,801.72,803.19,72059.88
2026-01-31T10:00:00,803.2,810.38,790.08,793.3,146582.59
2026-01-31T11:00:00,793.31,796.07,773.18,781.57,178005.69
2026-01-31T12:00:00,781.57,784.15,749.21,772.4,197379.2
2026-01-31T13:00:00,772.41,781.55,767.6,771.15,71641.63
2026-01-31T14:00:00,771.15,775.82,766.01,770.75,39675.58
2026-01-31T15:00:00,770.75,777.62,766.44,776.22,47507.72
2026-01-31T16:00:00,776.22,778.32,772.0,774.3,23808.94
2026-01-31T17:00:00,774.3,785.89,773.13,781.33,55523.45
2026-01-31T18:00:00,781.33,786.55,779.53,785.17,37739.85
2026-01-31T19:00:00,785.17,785.76,779.01,784.95,25202.92
2026-01-31T20:00:00,784.95,789.67,783.76,787.02,25391.77
2026-01-31T21:00:00,787.02,787.41,779.56,783.64,24638.12
2026-01-31T22:00:00,783.64,785.18,781.75,782.02,15231.88
2026-01-31T23:00:00,782.02,784.32,779.19,780.72,28365.71
2026-02-01T00:00:00,780.72,783.37,777.56,777.56,18507.74
2026-02-01T01:00:00,777.57,782.9,774.0,778.32,31144.54
2026-02-01T02:00:00,778.31,782.94,775.18,779.14,24206.19
2026-02-01T03:00:00,779.15,782.55,777.11,781.88,17944.97
2026-02-01T04:00:00,781.88,782.64,769.44,769.82,41009.4
2026-02-01T05:00:00,769.82,775.88,768.4,774.23,32467.18
2026-02-01T06:00:00,774.23,774.29,767.0,769.34,30192.28
2026-02-01T07:00:00,769.34,773.68,763.55,765.52,38242.42
2026-02-01T08:00:00,765.51,767.41,745.5,762.8,128344.38
2026-02-01T09:00:00,762.81,762.9,742.53,749.99,109269.96
2026-02-01T10:00:00,749.98,757.41,745.76,753.54,91404.7
2026-02-01T11:00:00,753.54,756.42,749.34,756.06,38315.17
2026-02-01T12:00:00,756.06,766.83,755.99,763.22,63699.7
2026-02-01T13:00:00,763.22,764.5,754.0,757.15,26431.04
2026-02-01T14:00:00,757.15,764.05,751.7,757.76,35674.07
2026-02-01T15:00:00,757.75,758.6,751.23,753.89,37058.18
2026-02-01T16:00:00,753.89,765.67,753.89,761.95,32707.15
2026-02-01T17:00:00,761.94,766.45,739.63,758.69,121387.62
2026-02-01T18:00:00,758.7,770.75,753.92,764.33,51747.1
2026-02-01T19:00:00,764.34,769.72,753.46,765.35,53421.96
2026-02-01T20:00:00,765.36,767.33,757.68,758.69,33549.3
2026-02-01T21:00:00,758.69,759.27,728.54,751.93,191062.16
2026-02-01T22:00:00,751.97,760.83,743.73,751.74,66946.41
2026-02-01T23:00:00,751.75,753.49,735.64,738.04,79878.26
2026-02-02T00:00:00,738.03,755.31,728.53,748.15,136641.93
2026-02-02T01:00:00,748.15,757.2,746.86,752.72,47347.3
2026-02-02T02:00:00,752.71,760.64,752.67,758.62,32046.95
2026-02-02T03:00:00,758.62,767.72,755.45,764.3,47164.18
2026-02-02T04:00:00,764.3,765.68,759.6,760.43,29695.29
2026-02-02T05:00:00,760.43,766.31,760.42,762.76,23510.32
2026-02-02T06:00:00,762.76,769.85,762.76,766.78,28890.64
2026-02-02T07:00:00,766.78,769.77,763.91,767.8,23906.92
2026-02-02T08:00:00,767.79,775.32,761.7,769.27,78491.41
2026-02-02T09:00:00,769.27,781.22,767.19,777.83,60508.92
2026-02-02T10:00:00,777.83,781.69,774.6,775.54,39814.33
2026-02-02T11:00:00,775.53,778.37,772.72,774.93,22650.58
2026-02-02T12:00:00,774.92,777.75,772.06,774.71,24293.85
2026-02-02T13:00:00,774.7,776.19,769.88,770.41,15324.35
2026-02-02T14:00:00,770.4,773.63,767.57,769.78,31915.06
2026-02-02T15:00:00,769.79,775.12,769.48,773.86,16945.14
2026-02-02T16:00:00,773.87,776.27,773.56,776.03,8299.64
2026-02-02T17:00:00,776.04,777.12,773.81,774.22,12431.93
2026-02-02T18:00:00,774.22,774.83,769.88,774.66,20909.5
2026-02-02T19:00:00,774.66,775.37,770.29,773.91,16618.96
2026-02-02T20:00:00,773.91,774.06,763.59,764.2,25638.98
2026-02-02T21:00:00,764.2,773.64,762.69,772.47,36435.77
2026-02-02T22:00:00,772.47,779.16,770.92,777.82,27917.29
2026-02-02T23:00:00,777.81,778.57,773.65,774.23,15279.39
2026-02-03T00:00:00,774.23,779.04,771.14,778.01,23798.82
2026-02-03T01:00:00,778.0,783.78,776.97,782.2,23641.45
2026-02-03T02:00:00,782.2,782.96,777.96,779.77,28809.85
2026-02-03T03:00:00,779.77,780.82,769.41,772.02,56968.06
2026-02-03T04:00:00,772.03,773.62,765.29,767.79,28442.88
2026-02-03T05:00:00,767.8,770.86,767.21,768.84,13745.65
2026-02-03T06:00:00,768.85,775.83,767.82,774.46,21143.49
2026-02-03T07:00:00,774.46,776.72,772.98,775.22,16751.65
2026-02-03T08:00:00,775.22,776.57,765.18,765.2,34966.73
2026-02-03T09:00:00,765.24,778.56,764.0,776.96,69346.87
2026-02-03T10:00:00,776.96,777.0,763.21,763.95,55137.67
2026-02-03T11:00:00,763.98,765.12,751.05,751.3,64023.75
2026-02-03T12:00:00,751.31,753.61,736.28,737.12,128322.72
2026-02-03T13:00:00,737.12,760.19,736.45,758.19,114958.94
2026-02-03T14:00:00,758.18,775.97,752.53,771.86,92705.12
2026-02-03T15:00:00,771.87,775.77,764.35,765.04,35696.15
2026-02-03T16:00:00,765.05,765.49,755.39,757.37,29245.94
2026-02-03T17:00:00,757.36,760.17,752.44,755.16,28475.99
2026-02-03T18:00:00,755.16,757.68,751.86,754.23,23120.53
2026-02-03T19:00:00,754.23,762.98,754.23,759.86,24135.89
2026-02-03T20:00:00,759.86,761.59,752.22,755.09,21127.58
2026-02-03T21:00:00,755.08,764.71,754.48,762.13,22943.96
2026-02-03T22:00:00,762.13,763.63,758.54,759.01,15426.96
2026-02-03T23:00:00,759.0,759.69,754.56,756.41,13422.05
2026-02-04T00:00:00,756.41,764.2,755.98,762.89,17256.29
2026-02-04T01:00:00,762.88,765.9,760.23,764.66,17611.6
2026-02-04T02:00:00,764.65,764.68,758.83,762.58,17415.9
2026-02-04T03:00:00,762.57,762.64,755.45,756.07,19963.23
2026-02-04T04:00:00,756.08,757.4,755.25,756.41,12730.93
2026-02-04T05:00:00,756.42,756.44,747.52,750.75,47278.09
2026-02-04T06:00:00,750.76,752.67,748.24,752.16,19138.34
2026-02-04T07:00:00,752.16,752.78,740.63,740.63,45839.41
2026-02-04T08:00:00,740.64,747.97,733.51,735.84,114509.16
2026-02-04T09:00:00,735.84,740.3,727.16,733.94,173764.77
2026-02-04T10:00:00,733.95,736.59,726.24,729.5,95755.73
2026-02-04T11:00:00,729.5,732.22,715.11,716.02,105432.43
2026-02-04T12:00:00,716.06,723.52,707.06,711.34,133207.88
2026-02-04T13:00:00,711.34,719.75,709.48,718.28,71059.01
2026-02-04T14:00:00,718.28,719.23,711.77,712.94,34885.51
2026-02-04T15:00:00,712.95,714.4,698.84,702.24,62018.32
2026-02-04T16:00:00,702.25,703.75,687.21,691.4,117123.89
2026-02-04T17:00:00,691.4,702.64,690.36,697.49,52233.04
2026-02-04T18:00:00,697.48,700.23,694.62,696.14,42653.72
2026-02-04T19:00:00,696.14,703.25,691.1,698.66,74257.95
2026-02-04T20:00:00,698.66,702.46,692.6,694.6,64292.27
2026-02-04T21:00:00,694.59,699.39,692.04,694.27,50827.3
2026-02-04T22:00:00,694.27,697.54,689.53,692.79,58477.69
2026-02-04T23:00:00,692.78,699.47,685.82,692.64,80226.75
2026-02-05T00:00:00,692.64,694.25,688.41,691.74,52735.78
2026-02-05T01:00:00,691.74,700.4,690.39,691.54,53424.98
2026-02-05T02:00:00,691.55,697.55,690.95,691.76,34002.82
2026-02-05T03:00:00,691.76,700.49,691.66,697.94,35713.67
2026-02-05T04:00:00,697.94,699.69,689.18,691.45,40352.42
2026-02-05T05:00:00,691.45,691.78,674.51,683.61,140640.24
2026-02-05T06:00:00,683.62,688.22,672.79,677.27,118006.97
2026-02-05T07:00:00,677.26,679.55,669.57,674.62,74389.1
2026-02-05T08:00:00,674.63,688.8,674.27,676.39,103901.74
2026-02-05T09:00:00,676.38,678.37,646.58,658.72,310530.4
2026-02-05T10:00:00,658.73,674.35,655.71,670.08,139946.66
2026-02-05T11:00:00,670.08,671.5,652.22,655.12,114140.21
2026-02-05T12:00:00,655.11,658.78,634.04,654.09,163204.77
2026-02-05T13:00:00,654.09,655.08,638.38,641.62,78684.0
2026-02-05T14:00:00,641.63,645.55,611.66,617.73,288340.39
2026-02-05T15:00:00,617.74,632.15,606.36,611.24,236688.8
2026-02-05T16:00:00,611.24,624.88,602.3,617.55,156536.62
2026-02-05T17:00:00,617.54,628.75,604.87,608.55,126066.65
2026-02-05T18:00:00,608.54,621.0,572.0,614.92,542386.69
2026-02-05T19:00:00,614.91,630.52,613.88,630.33,141114.23
2026-02-05T20:00:00,630.33,636.08,619.54,622.92,103084.71
2026-02-05T21:00:00,622.92,625.84,612.0,615.58,80975.9
2026-02-05T22:00:00,615.58,625.0,613.52,620.69,79231.35
2026-02-05T23:00:00,620.68,642.72,620.02,639.55,100948.32
2026-02-06T00:00:00,639.54,642.18,626.18,626.75,71516.61
2026-02-06T01:00:00,626.75,629.42,620.79,623.14,71975.47
2026-02-06T02:00:00,623.13,625.86,616.86,619.71,65165.35
2026-02-06T03:00:00,619.71,631.65,617.18,629.41,62845.15
2026-02-06T04:00:00,629.42,636.5,627.19,633.65,48363.69
2026-02-06T05:00:00,633.65,638.69,632.2,636.1,41040.46
2026-02-06T06:00:00,636.1,637.19,632.38,636.76,28108.68
2026-02-06T07:00:00,636.76,647.99,636.14,643.95,74025.61
2026-02-06T08:00:00,643.96,654.79,638.02,650.53,105488.28
2026-02-06T09:00:00,650.54,654.5,644.34,651.32,88087.09
2026-02-06T10:00:00,651.28,663.16,649.07,659.39,98078.31
2026-02-06T11:00:00,659.39,669.51,657.09,661.78,106415.71
2026-02-06T12:00:00,661.79,662.55,648.7,653.92,85506.25
2026-02-06T13:00:00,653.92,660.08,652.09,658.63,39317.07
2026-02-06T14:00:00,658.62,665.18,655.76,657.0,45637.9
2026-02-06T15:00:00,657.0,664.35,654.85,662.2,33970.82
2026-02-06T16:00:00,662.21,667.39,660.38,665.28,30264.65
2026-02-06T17:00:00,665.27,668.49,656.85,657.0,39153.24
2026-02-06T18:00:00,656.99,657.19,651.68,653.19,43660.28
2026-02-06T19:00:00,653.18,658.15,650.0,657.69,26415.16
2026-02-06T20:00:00,657.68,658.04,654.33,656.85,16659.02
2026-02-06T21:00:00,656.84,661.75,656.48,659.12,23924.93
2026-02-06T22:00:00,659.12,663.91,654.03,656.74,38424.41
2026-02-06T23:00:00,656.74,659.23,652.86,654.37,28599.55
2026-02-07T00:00:00,654.37,656.12,642.8,643.21,43149.02
2026-02-07T01:00:00,643.22,645.35,632.15,638.58,105484.93
2026-02-07T02:00:00,638.57,641.61,636.19,640.18,35730.46
2026-02-07T03:00:00,640.19,641.21,634.6,636.25,28405.32
2026-02-07T04:00:00,636.24,637.39,631.0,634.34,33967.13
2026-02-07T05:00:00,634.34,636.63,633.55,635.74,18381.97
2026-02-07T06:00:00,635.74,647.11,635.13,639.16,68461.76
2026-02-07T07:00:00,639.17,640.67,635.7,638.45,25140.6
2026-02-07T08:00:00,638.46,639.94,633.84,634.61,26655.18
2026-02-07T09:00:00,634.61,644.19,633.82,642.29,34912.0
2026-02-07T10:00:00,642.3,650.62,639.1,643.29,211653.55
2026-02-07T11:00:00,643.3,648.8,640.1,647.54,23339.62
2026-02-07T12:00:00,647.53,655.53,646.34,652.46,30742.0
2026-02-07T13:00:00,652.47,653.62,649.8,650.37,17570.46
2026-02-07T14:00:00,650.38,654.1,649.33,653.22,12917.1
2026-02-07T15:00:00,653.22,653.99,649.28,650.2,12191.49
2026-02-07T16:00:00,650.2,652.0,647.97,649.12,9722.43
2026-02-07T17:00:00,649.12,649.32,644.0,647.07,16874.17
2026-02-07T18:00:00,647.08,648.79,645.66,647.32,16459.36
2026-02-07T19:00:00,647.32,650.8,647.07,649.52,13127.37
2026-02-07T20:00:00,649.53,651.34,645.15,646.74,20085.97
2026-02-07T21:00:00,646.74,647.52,642.46,642.83,17963.66
2026-02-07T22:00:00,642.83,643.88,640.2,643.84,19714.88
2026-02-07T23:00:00,643.84,644.91,641.83,642.94,12411.89
2026-02-08T00:00:00,642.94,644.26,640.37,640.59,13524.56
2026-02-08T01:00:00,640.59,643.35,639.0,643.04,21003.27
2026-02-08T02:00:00,643.04,650.91,640.6,650.03,44790.11
2026-02-08T03:00:00,650.04,650.68,640.14,641.61,42081.1
2026-02-08T04:00:00,641.61,645.01,637.27,639.47,33313.38
2026-02-08T05:00:00,639.47,646.07,639.12,645.52,29789.92
2026-02-08T06:00:00,645.52,645.9,642.22,644.91,26142.82
2026-02-08T07:00:00,644.91,646.4,641.3,644.76,31720.84
2026-02-08T08:00:00,644.77,647.05,643.17,646.66,26570.83
2026-02-08T09:00:00,646.67,648.23,640.82,643.59,35435.58
2026-02-08T10:00:00,643.58,645.15,631.95,634.71,40352.25
2026-02-08T11:00:00,634.69,639.72,634.51,638.93,22684.07
2026-02-08T12:00:00,638.92,649.67,638.64,646.27,31484.04
2026-02-08T13:00:00,646.28,649.45,645.5,648.51,13719.45
2026-02-08T14:00:00,648.52,648.69,643.09,643.7,13684.31
2026-02-08T15:00:00,643.69,646.39,640.04,641.7,13202.81
2026-02-08T16:00:00,641.7,644.63,641.52,643.82,9049.88
2026-02-08T17:00:00,643.82,653.13,636.17,639.86,60563.89
2026-02-08T18:00:00,639.85,643.05,635.54,639.81,31592.41
2026-02-08T19:00:00,639.8,643.38,633.54,636.78,32407.84
2026-02-08T20:00:00,636.77,643.86,635.45,640.38,25901.86
2026-02-08T21:00:00,640.37,646.31,640.37,645.0,26432.85
2026-02-08T22:00:00,644.99,645.39,641.63,642.39,14804.68
2026-02-08T23:00:00,642.38,642.43,640.24,641.63,13976.88
2026-02-09T00:00:00,641.64,641.64,633.63,635.74,33096.7
2026-02-09T01:00:00,635.74,637.26,630.85,631.85,34447.71
2026-02-09T02:00:00,631.85,633.51,622.06,625.64,56819.67
2026-02-09T03:00:00,625.65,628.45,623.67,625.09,32878.66
2026-02-09T04:00:00,625.08,626.61,615.97,618.37,60599.81
2026-02-09T05:00:00,618.36,623.0,618.35,621.78,33283.05
2026-02-09T06:00:00,621.78,627.94,621.56,626.98,26173.98
2026-02-09T07:00:00,626.99,631.37,625.08,625.29,33330.3
2026-02-09T08:00:00,625.29,631.76,622.03,628.1,61869.26
2026-02-09T09:00:00,628.09,632.57,625.02,630.96,42786.05
2026-02-09T10:00:00,630.95,638.61,627.02,635.56,49286.75
2026-02-09T11:00:00,635.56,642.85,631.93,640.26,43262.31
2026-02-09T12:00:00,640.26,643.5,636.36,640.37,29663.19
2026-02-09T13:00:00,640.37,643.01,639.06,642.57,17758.66
2026-02-09T14:00:00,642.56,644.13,638.17,640.82,21670.79
2026-02-09T15:00:00,640.82,641.24,633.3,638.31,28261.97
2026-02-09T16:00:00,638.32,640.39,637.24,637.97,13217.29
2026-02-09T17:00:00,637.96,639.99,635.84,636.42,13226.77
2026-02-09T18:00:00,636.43,638.25,635.59,636.34,13531.58
2026-02-09T19:00:00,636.35,641.89,636.35,640.9,17191.1
2026-02-09T20:00:00,640.9,641.0,637.28,638.19,10929.47
2026-02-09T21:00:00,638.2,638.89,630.0,633.18,39937.57
2026-02-09T22:00:00,633.18,637.96,632.93,637.53,18952.31
2026-02-09T23:00:00,637.53,639.63,635.51,637.61,19923.41
2026-02-10T00:00:00,637.61,638.16,628.03,629.74,43003.2
2026-02-10T01:00:00,629.75,633.7,629.4,631.64,25982.78
2026-02-10T02:00:00,631.64,633.92,628.92,633.44,25606.22
2026-02-10T03:00:00,633.43,635.24,627.36,629.8,39866.88
2026-02-10T04:00:00,629.8,630.23,626.27,626.86,18001.07
2026-02-10T05:00:00,626.87,630.19,625.0,626.11,27083.36
2026-02-10T06:00:00,626.11,628.65,624.39,624.47,25832.15
2026-02-10T07:00:00,624.48,627.12,622.68,624.63,32587.81
2026-02-10T08:00:00,624.63,626.97,613.35,617.21,79124.63
2026-02-10T09:00:00,617.21,622.24,615.17,619.0,51413.17
2026-02-10T10:00:00,619.0,623.33,616.39,620.87,34357.13
2026-02-10T11:00:00,620.87,625.33,618.75,623.48,27404.98
2026-02-10T12:00:00,623.48,624.0,613.5,615.37,36149.18
2026-02-10T13:00:00,615.37,618.9,613.65,616.81,23884.35
2026-02-10T14:00:00,616.81,618.62,615.12,617.56,13704.77
2026-02-10T15:00:00,617.56,619.13,614.0,615.76,15577.98
2026-02-10T16:00:00,615.76,619.55,615.76,618.96,12188.69
2026-02-10T17:00:00,618.96,620.25,617.58,619.48,11064.3
2026-02-10T18:00:00,619.47,623.19,619.13,622.48,22686.91
2026-02-10T19:00:00,622.48,622.94,620.0,620.56,11541.11
2026-02-10T20:00:00,620.55,624.0,619.58,619.9,15034.75
2026-02-10T21:00:00,619.91,620.56,615.12,617.36,24490.22
2026-02-10T22:00:00,617.35,618.49,609.15,610.55,49072.01
2026-02-10T23:00:00,610.55,612.84,607.24,608.17,29453.17
2026-02-11T00:00:00,608.17,608.86,597.21,599.18,110744.5
2026-02-11T01:00:00,599.17,602.77,598.4,600.42,32928.76
2026-02-11T02:00:00,600.43,601.9,594.26,595.61,53692.32
2026-02-11T03:00:00,595.61,598.95,592.44,593.45,32691.48
2026-02-11T04:00:00,593.45,593.72,587.03,587.67,68069.41
2026-02-11T05:00:00,587.66,593.38,587.43,592.59,36911.8
2026-02-11T06:00:00,592.58,594.37,590.82,591.58,36321.14
2026-02-11T07:00:00,591.59,598.35,589.74,597.66,64123.29
2026-02-11T08:00:00,597.66,611.68,595.9,597.35,139437.8
2026-02-11T09:00:00,597.36,599.96,588.35,593.48,110627.22
2026-02-11T10:00:00,593.48,602.49,592.65,593.67,66477.44
2026-02-11T11:00:00,593.67,606.12,591.86,603.23,62396.05
2026-02-11T12:00:00,603.23,610.49,599.52,610.08,59246.76
2026-02-11T13:00:00,610.07,613.65,609.02,610.5,33446.01
2026-02-11T14:00:00,610.49,611.36,606.32,610.01,24121.15
2026-02-11T15:00:00,610.02,618.12,609.14,613.74,44902.51
2026-02-11T16:00:00,613.75,613.92,608.59,608.98,18866.69
2026-02-11T17:00:00,608.98,610.3,604.37,608.19,24500.24
2026-02-11T18:00:00,608.19,612.92,608.19,611.5,23957.0
2026-02-11T19:00:00,611.5,614.18,611.27,611.77,17707.94
2026-02-11T20:00:00,611.76,616.21,610.79,613.15,18856.5
2026-02-11T21:00:00,613.14,617.35,612.57,616.66,17448.44
2026-02-11T22:00:00,616.67,618.32,613.49,613.68,24428.26
2026-02-11T23:00:00,613.68,616.0,611.38,615.72,21084.45
2026-02-12T00:00:00,615.73,618.29,615.09,615.93,13898.47
2026-02-12T01:00:00,615.93,618.0,614.42,615.29,20120.84
2026-02-12T02:00:00,615.3,616.12,610.88,611.6,23637.79
2026-02-12T03:00:00,611.61,616.84,610.53,614.54,28892.54
2026-02-12T04:00:00,614.54,619.17,613.55,619.07,23170.67
2026-02-12T05:00:00,619.07,620.79,616.23,617.59,27702.5
2026-02-12T06:00:00,617.6,618.05,614.06,615.32,22190.05
2026-02-12T07:00:00,615.32,618.2,613.15,618.12,23824.24
2026-02-12T08:00:00,618.12,618.18,610.76,612.02,44701.37
2026-02-12T09:00:00,612.02,614.29,607.46,608.93,60453.93
2026-02-12T10:00:00,608.94,609.91,600.42,604.05,77904.85
2026-02-12T11:00:00,604.04,609.0,603.01,603.39,31558.42
2026-02-12T12:00:00,603.39,607.69,601.86,606.82,23164.51
2026-02-12T13:00:00,606.83,612.32,604.75,608.04,28930.64
2026-02-12T14:00:00,608.04,609.84,603.72,604.78,19361.18
2026-02-12T15:00:00,604.77,608.33,604.73,607.32,12204.77
2026-02-12T16:00:00,607.32,612.58,605.82,612.25,15277.7
2026-02-12T17:00:00,612.25,615.71,611.5,614.36,27847.72
2026-02-12T18:00:00,614.36,616.67,609.82,610.96,30913.77
2026-02-12T19:00:00,610.95,616.39,610.82,615.58,16856.1
2026-02-12T20:00:00,615.58,616.25,609.13,610.38,33669.27
2026-02-12T21:00:00,610.39,612.21,607.64,609.01,24272.97
2026-02-12T22:00:00,609.01,609.67,605.84,606.06,19327.22
2026-02-12T23:00:00,606.06,606.35,598.52,598.98,39259.92
2026-02-13T00:00:00,598.97,599.04,592.3,597.86,57849.71
2026-02-13T01:00:00,597.85,601.28,596.06,598.09,32525.03
2026-02-13T02:00:00,598.09,604.3,597.6,602.3,27805.65
2026-02-13T03:00:00,602.31,603.21,599.26,602.05,24336.45
2026-02-13T04:00:00,602.04,602.7,599.1,601.26,27170.1
2026-02-13T05:00:00,601.25,601.54,598.04,601.48,23410.43
2026-02-13T06:00:00,601.48,601.5,597.03,598.96,21047.35
2026-02-13T07:00:00,598.95,603.43,595.54,598.5,50814.48
2026-02-13T08:00:00,598.51,605.16,595.23,602.53,94110.02
2026-02-13T09:00:00,602.54,615.49,600.45,610.16,140048.87
2026-02-13T10:00:00,610.15,619.17,608.95,615.98,71430.84
2026-02-13T11:00:00,615.97,618.55,613.32,615.91,35129.15
2026-02-13T12:00:00,615.9,618.81,614.03,617.65,32233.55
2026-02-13T13:00:00,617.65,621.31,617.01,618.08,29620.98
2026-02-13T14:00:00,618.08,618.99,615.56,618.29,20324.28
2026-02-13T15:00:00,618.3,622.99,618.07,621.13,29671.74
2026-02-13T16:00:00,621.13,621.48,617.51,620.17,21822.53
2026-02-13T17:00:00,620.17,621.14,618.25,618.99,17824.83
2026-02-13T18:00:00,619.0,623.94,618.49,623.21,28155.53
2026-02-13T19:00:00,623.22,625.66,622.81,624.06,27871.47
2026-02-13T20:00:00,624.07,624.07,620.34,620.98,15268.16
2026-02-13T21:00:00,620.98,621.59,616.91,617.8,18884.97
2026-02-13T22:00:00,617.8,617.85,616.1,617.27,14406.57
2026-02-13T23:00:00,617.26,618.61,615.76,616.66,11266.46
2026-02-14T00:00:00,616.67,619.57,616.01,619.56,12228.17
2026-02-14T01:00:00,619.57,622.57,619.01,622.37,22493.31
2026-02-14T02:00:00,622.38,627.93,622.15,627.22,38365.14
2026-02-14T03:00:00,627.23,629.5,626.26,629.03,26412.22
2026-02-14T04:00:00,629.04,629.09,626.37,627.61,15973.16
2026-02-14T05:00:00,627.61,633.82,627.42,633.45,37156.07
2026-02-14T06:00:00,633.45,634.44,626.75,627.73,43633.46
2026-02-14T07:00:00,627.74,631.11,627.0,630.14,35644.54
2026-02-14T08:00:00,630.15,637.56,629.61,636.11,36581.4
2026-02-14T09:00:00,636.1,637.04,633.67,634.84,25151.18
2026-02-14T10:00:00,634.83,634.84,629.33,633.45,38832.57
2026-02-14T11:00:00,633.46,634.72,631.42,632.25,13635.52
2026-02-14T12:00:00,632.24,633.15,631.21,631.99,10457.74
2026-02-14T13:00:00,631.99,633.53,630.03,633.04,12672.58
2026-02-14T14:00:00,633.03,633.99,630.63,632.55,11406.07
2026-02-14T15:00:00,632.55,634.83,628.5,631.21,29767.13
2026-02-14T16:00:00,631.21,633.71,630.88,632.43,11998.73
2026-02-14T17:00:00,632.43,634.57,631.56,632.88,23340.82
2026-02-14T18:00:00,632.88,633.58,629.78,631.99,18658.04
2026-02-14T19:00:00,631.99,634.1,629.05,633.05,25781.24
2026-02-14T20:00:00,633.05,634.13,627.14,630.6,32227.2
2026-02-14T21:00:00,630.6,634.14,627.37,633.73,28025.69
2026-02-14T22:00:00,633.72,639.57,633.72,635.9,38751.4
2026-02-14T23:00:00,635.91,638.77,635.53,636.62,20018.36
2026-02-15T00:00:00,636.62,638.49,634.85,636.57,16121.55
2026-02-15T01:00:00,636.57,642.7,635.91,639.95,25646.87
2026-02-15T02:00:00,639.96,641.34,628.28,631.6,54512.55
2026-02-15T03:00:00,631.61,633.67,629.72,630.72,20257.88
2026-02-15T04:00:00,630.71,630.99,626.07,629.85,38242.82
2026-02-15T05:00:00,629.85,631.15,628.79,629.28,18471.67
2026-02-15T06:00:00,629.29,630.05,619.35,619.44,67115.98
2026-02-15T07:00:00,619.45,624.39,615.51,617.6,67776.31
2026-02-15T08:00:00,617.6,622.11,617.16,621.1,29855.95
2026-02-15T09:00:00,621.09,622.94,619.57,621.57,20557.61
2026-02-15T10:00:00,621.57,621.57,617.65,619.79,24179.01
2026-02-15T11:00:00,619.79,620.75,610.05,613.92,52071.13
2026-02-15T12:00:00,613.92,615.3,610.76,611.49,31221.49
2026-02-15T13:00:00,611.49,613.52,608.77,611.76,32443.87
2026-02-15T14:00:00,611.75,614.47,609.85,613.67,18586.33
2026-02-15T15:00:00,613.68,617.41,613.35,615.74,16855.03
2026-02-15T16:00:00,615.74,617.0,614.42,616.65,11588.33
2026-02-15T17:00:00,616.65,616.74,611.49,615.16,17837.43
2026-02-15T18:00:00,615.17,616.82,613.66,616.17,17773.12
2026-02-15T19:00:00,616.19,618.31,612.46,614.82,14332.83
2026-02-15T20:00:00,614.83,616.44,611.59,612.26,15582.73
2026-02-15T21:00:00,612.26,613.47,611.18,613.29,10880.7
2026-02-15T22:00:00,613.29,618.13,613.24,618.07,14144.3
2026-02-15T23:00:00,618.08,618.75,610.39,612.19,19857.82
2026-02-16T00:00:00,612.19,613.82,610.05,612.58,13083.17
2026-02-16T01:00:00,612.58,614.9,611.28,613.16,16266.12
2026-02-16T02:00:00,613.17,614.95,612.49,614.61,12231.33
2026-02-16T03:00:00,614.62,619.76,614.52,618.43,29839.84
2026-02-16T04:00:00,618.42,619.09,616.37,618.58,14270.12
2026-02-16T05:00:00,618.59,619.87,613.37,618.52,23548.83
2026-02-16T06:00:00,618.51,629.05,618.51,628.01,69362.04
2026-02-16T07:00:00,628.02,631.29,614.23,616.0,95316.03
2026-02-16T08:00:00,616.0,618.0,612.22,613.52,42273.86
2026-02-16T09:00:00,613.52,616.33,604.2,607.31,88349.15
2026-02-16T10:00:00,607.31,613.0,607.0,612.74,36095.38
2026-02-16T11:00:00,612.74,616.93,611.86,615.33,24287.79
2026-02-16T12:00:00,615.34,618.27,614.11,614.43,18023.43
2026-02-16T13:00:00,614.44,617.62,614.12,616.6,10503.44
2026-02-16T14:00:00,616.6,622.56,615.81,622.2,29056.67
2026-02-16T15:00:00,622.2,626.64,621.12,626.34,24883.97
2026-02-16T16:00:00,626.34,628.38,624.97,626.1,23142.73
2026-02-16T17:00:00,626.1,628.07,625.26,627.15,13271.62
2026-02-16T18:00:00,627.16,628.48,625.85,626.59,18489.05
2026-02-16T19:00:00,626.6,628.4,624.1,624.6,16148.52
2026-02-16T20:00:00,624.6,632.0,621.31,629.24,52339.19
2026-02-16T21:00:00,629.23,629.68,626.32,627.13,18008.55
2026-02-16T22:00:00,627.13,628.44,625.06,626.39,20415.48
2026-02-16T23:00:00,626.39,627.48,620.38,623.19,27466.96
2026-02-17T00:00:00,623.18,625.38,623.18,624.94,11535.77
2026-02-17T01:00:00,624.94,624.94,622.18,622.99,13959.54
2026-02-17T02:00:00,622.99,624.1,619.58,620.12,17230.83
2026-02-17T03:00:00,620.11,620.88,618.18,619.63,14931.81
2026-02-17T04:00:00,619.63,620.18,615.23,616.66,22985.38
2026-02-17T05:00:00,616.65,618.66,615.88,618.41,14797.27
2026-02-17T06:00:00,618.41,621.72,618.01,619.54,18613.59
2026-02-17T07:00:00,619.54,625.41,618.44,623.91,23951.46
2026-02-17T08:00:00,623.92,626.31,609.57,611.94,82924.33
2026-02-17T09:00:00,611.94,615.37,609.21,615.27,43245.47
2026-02-17T10:00:00,615.26,622.46,614.55,618.37,45398.15
2026-02-17T11:00:00,618.38,619.81,612.16,614.9,28782.45
2026-02-17T12:00:00,614.9,624.14,614.22,622.27,30163.56
2026-02-17T13:00:00,622.27,624.37,619.69,620.2,20038.54
2026-02-17T14:00:00,620.19,620.96,616.67,618.67,14949.22
2026-02-17T15:00:00,618.68,620.52,616.57,618.72,9638.15
2026-02-17T16:00:00,618.72,619.64,617.68,617.85,6211.13
2026-02-17T17:00:00,617.84,618.17,615.88,617.73,10915.0
2026-02-17T18:00:00,617.74,619.16,616.22,616.33,13406.25
2026-02-17T19:00:00,616.33,616.58,613.18,614.57,20702.21
2026-02-17T20:00:00,614.56,617.85,614.38,617.0,10945.79
2026-02-17T21:00:00,617.0,619.64,616.5,618.84,10666.03
2026-02-17T22:00:00,618.84,619.03,616.45,617.23,12548.4
2026-02-17T23:00:00,617.24,618.1,615.82,616.05,10183.15
2026-02-18T00:00:00,616.05,618.29,616.05,616.47,12029.52
2026-02-18T01:00:00,616.47,621.38,614.72,620.9,24922.01
2026-02-18T02:00:00,620.9,626.88,620.05,623.46,53865.5
2026-02-18T03:00:00,623.47,624.34,622.66,622.91,12151.78
2026-02-18T04:00:00,622.92,623.91,618.82,619.19,16041.65
2026-02-18T05:00:00,619.19,619.6,613.5,614.17,32988.82
2026-02-18T06:00:00,614.17,616.72,613.69,615.72,16683.04
2026-02-18T07:00:00,615.73,616.95,608.38,610.72,45874.59
2026-02-18T08:00:00,610.72,612.8,607.53,612.05,47448.23
2026-02-18T09:00:00,612.05,623.2,611.75,618.16,59190.52
2026-02-18T10:00:00,618.17,618.56,613.41,616.34,34721.71
2026-02-18T11:00:00,616.35,620.58,616.02,616.43,27253.22
2026-02-18T12:00:00,616.44,617.08,609.05,610.42,37399.74
2026-02-18T13:00:00,610.42,612.08,600.88,602.84,77796.85
2026-02-18T14:00:00,602.85,606.18,602.43,603.35,28922.34
2026-02-18T15:00:00,603.36,605.77,601.54,603.91,16502.89
2026-02-18T16:00:00,603.92,605.47,602.08,604.52,15862.18
2026-02-18T17:00:00,604.54,605.17,603.28,604.43,11875.23
2026-02-18T18:00:00,604.43,605.37,602.5,602.56,16362.97
2026-02-18T19:00:00,602.56,606.7,602.46,606.69,20541.36
2026-02-18T20:00:00,606.69,607.15,603.68,605.86,17622.21
2026-02-18T21:00:00,605.87,607.87,604.44,607.54,11107.78
2026-02-18T22:00:00,607.55,610.26,607.19,608.7,19282.86
2026-02-18T23:00:00,608.7,609.62,606.3,608.2,12714.44
2026-02-19T00:00:00,608.2,614.62,608.01,613.31,27956.37
2026-02-19T01:00:00,613.32,613.81,610.1,610.59,14717.97
2026-02-19T02:00:00,610.59,610.68,605.08,606.33,23079.08
2026-02-19T03:00:00,606.34,608.52,604.34,606.1,24460.66
2026-02-19T04:00:00,606.1,607.59,605.05,605.8,17181.73
2026-02-19T05:00:00,605.8,606.77,603.29,603.87,20985.27
2026-02-19T06:00:00,603.86,606.12,603.04,605.19,16778.06
2026-02-19T07:00:00,605.19,605.97,595.26,598.02,63667.53
2026-02-19T08:00:00,598.02,603.92,597.13,601.9,57438.04
2026-02-19T09:00:00,601.91,604.59,597.31,600.0,41054.01
2026-02-19T10:00:00,600.0,601.52,595.79,599.6,35234.91
2026-02-19T11:00:00,599.61,604.66,596.89,598.69,37615.64
2026-02-19T12:00:00,598.69,606.62,598.26,605.67,35709.38
2026-02-19T13:00:00,605.66,606.7,601.72,604.36,20399.25
2026-02-19T14:00:00,604.37,607.59,602.8,607.05,22940.09
2026-02-19T15:00:00,607.04,609.18,606.53,607.78,13849.3
2026-02-19T16:00:00,607.78,607.79,604.84,606.35,11455.42
2026-02-19T17:00:00,606.34,607.88,605.55,607.56,11134.64
2026-02-19T18:00:00,607.57,610.45,606.86,608.19,19780.76
2026-02-19T19:00:00,608.19,608.61,606.23,607.35,18545.07
2026-02-19T20:00:00,607.36,608.24,606.0,606.59,10301.87
2026-02-19T21:00:00,606.58,608.6,606.05,607.75,11419.53
2026-02-19T22:00:00,607.75,609.14,605.05,608.51,19203.8
2026-02-19T23:00:00,608.51,613.85,607.98,611.8,26484.72
2026-02-20T00:00:00,611.8,612.66,610.04,611.9,14558.34
2026-02-20T01:00:00,611.89,612.63,610.78,611.95,10083.2
2026-02-20T02:00:00,611.96,613.35,610.78,611.71,15279.52
2026-02-20T03:00:00,611.7,614.28,611.65,613.31,22367.64
2026-02-20T04:00:00,613.31,615.35,611.68,612.18,20149.15
2026-02-20T05:00:00,612.18,612.23,607.62,608.5,25547.65
2026-02-20T06:00:00,608.51,610.38,608.26,609.55,15485.73
2026-02-20T07:00:00,609.55,609.55,601.0,604.14,57861.03
2026-02-20T08:00:00,604.13,610.97,603.61,609.37,40151.11
2026-02-20T09:00:00,609.38,618.37,608.95,616.93,87399.58
2026-02-20T10:00:00,616.93,620.8,616.57,620.12,51810.02
2026-02-20T11:00:00,620.12,624.01,616.08,623.56,57281.8
2026-02-20T12:00:00,623.56,627.72,622.07,627.41,46971.05
2026-02-20T13:00:00,627.41,628.52,624.89,626.39,21360.7
2026-02-20T14:00:00,626.39,629.34,625.7,629.09,26231.63
2026-02-20T15:00:00,629.08,629.95,626.99,627.25,15451.24
2026-02-20T16:00:00,627.24,628.0,625.07,627.35,16382.37
2026-02-20T17:00:00,627.34,628.0,625.16,626.09,12494.75
2026-02-20T18:00:00,626.08,628.48,624.26,624.97,19478.8
2026-02-20T19:00:00,624.97,628.51,624.9,628.18,19326.11
2026-02-20T20:00:00,628.18,628.96,627.17,627.83,14570.85
2026-02-20T21:00:00,627.83,627.9,624.81,625.5,12366.17
2026-02-20T22:00:00,625.49,627.46,625.0,627.32,7193.07
2026-02-20T23:00:00,627.32,628.29,627.03,627.36,7635.69
2026-02-21T00:00:00,627.36,627.6,625.44,625.97,7855.21
2026-02-21T01:00:00,625.96,628.0,625.42,626.12,25203.76
2026-02-21T02:00:00,626.12,628.48,625.94,628.08,12489.47
2026-02-21T03:00:00,628.09,630.99,627.84,628.85,31323.26
2026-02-21T04:00:00,628.84,630.41,628.82,630.1,9035.27
2026-02-21T05:00:00,630.1,631.82,629.78,630.42,16288.39
2026-02-21T06:00:00,630.42,631.08,628.88,630.87,16825.46
2026-02-21T07:00:00,630.87,634.18,630.45,633.78,18960.84
2026-02-21T08:00:00,633.78,635.12,632.37,632.98,30778.94
2026-02-21T09:00:00,632.97,633.5,627.63,627.95,34825.01
2026-02-21T10:00:00,627.95,628.48,624.28,626.16,38535.27
2026-02-21T11:00:00,626.15,628.48,625.5,627.8,11588.58
2026-02-21T12:00:00,627.79,629.81,627.25,628.86,14325.69
2026-02-21T13:00:00,628.85,628.86,626.86,627.22,8577.2
2026-02-21T14:00:00,627.21,627.89,625.09,625.37,10565.79
2026-02-21T15:00:00,625.37,627.0,624.38,627.0,8619.52
2026-02-21T16:00:00,626.99,627.47,625.56,626.16,6997.4
2026-02-21T17:00:00,626.16,626.82,624.5,625.82,18490.58
2026-02-21T18:00:00,625.83,626.18,623.12,624.59,18076.8
2026-02-21T19:00:00,624.6,627.0,624.58,626.72,9939.82
2026-02-21T20:00:00,626.72,627.2,623.58,623.91,11447.35
2026-02-21T21:00:00,623.9,624.59,621.0,621.57,23291.56
2026-02-21T22:00:00,621.57,622.47,620.69,621.22,12377.26
2026-02-21T23:00:00,621.21,621.44,618.85,619.72,15664.34
2026-02-22T00:00:00,619.71,622.28,619.54,622.05,14338.16
2026-02-22T01:00:00,622.06,623.87,621.37,622.6,19457.88
2026-02-22T02:00:00,622.61,623.12,621.28,621.9,10049.16
2026-02-22T03:00:00,621.9,624.36,621.68,623.96,9846.79
2026-02-22T04:00:00,623.96,625.0,623.46,623.78,8888.85
2026-02-22T05:00:00,623.79,624.99,623.61,624.67,9743.91
2026-02-22T06:00:00,624.68,624.74,620.52,620.9,16488.87
2026-02-22T07:00:00,620.89,622.24,618.14,619.72,36052.12
2026-02-22T08:00:00,619.72,620.33,617.13,618.22,22742.58
2026-02-22T09:00:00,618.22,618.52,613.66,616.06,35074.28
2026-02-22T10:00:00,616.06,616.34,612.4,614.0,23316.4
2026-02-22T11:00:00,614.0,614.03,610.1,611.17,23931.36
2026-02-22T12:00:00,611.16,613.2,610.85,611.6,15478.97
2026-02-22T13:00:00,611.59,612.75,610.62,612.62,7512.42
2026-02-22T14:00:00,612.62,612.66,611.03,611.44,8508.11
2026-02-22T15:00:00,611.45,614.75,611.45,614.07,8721.2
2026-02-22T16:00:00,614.07,616.36,613.84,615.89,14484.41
2026-02-22T17:00:00,615.89,616.13,613.64,614.97,13684.61
2026-02-22T18:00:00,614.97,616.16,606.04,606.29,39431.91
2026-02-22T19:00:00,606.29,606.56,582.77,586.12,227486.22
2026-02-22T20:00:00,586.12,589.31,584.25,587.05,53916.04
2026-02-22T21:00:00,587.06,590.74,585.67,589.77,39115.65
2026-02-22T22:00:00,589.77,590.11,585.76,587.08,24982.93
2026-02-22T23:00:00,587.08,595.56,587.02,593.31,46472.7
2026-02-23T00:00:00,593.31,599.53,593.21,598.44,41231.48
2026-02-23T01:00:00,598.45,599.56,596.25,598.91,25656.51
2026-02-23T02:00:00,598.9,599.15,596.13,598.96,26272.42
2026-02-23T03:00:00,598.96,610.5,598.96,609.12,70095.38
2026-02-23T04:00:00,609.13,610.21,606.26,607.3,30610.19
2026-02-23T05:00:00,607.3,608.83,605.77,606.44,20453.89
2026-02-23T06:00:00,606.45,612.45,604.45,610.56,41211.14
2026-02-23T07:00:00,610.55,611.98,608.25,610.18,29885.81
2026-02-23T08:00:00,610.18,611.2,606.0,608.57,39705.0
2026-02-23T09:00:00,608.58,610.41,604.37,604.7,41901.15
2026-02-23T10:00:00,604.69,606.34,601.05,602.4,47286.65
2026-02-23T11:00:00,602.41,603.9,591.45,597.31,67575.75
2026-02-23T12:00:00,597.32,601.29,595.43,597.56,37839.02
2026-02-23T13:00:00,597.57,598.41,591.6,592.19,37586.55
2026-02-23T14:00:00,592.18,595.59,590.09,595.17,39811.38
2026-02-23T15:00:00,595.17,597.5,594.75,596.13,19176.43
2026-02-23T16:00:00,596.14,598.61,595.67,596.71,17623.48
2026-02-23T17:00:00,596.71,598.33,595.2,596.22,21332.5
2026-02-23T18:00:00,596.22,602.75,595.99,602.27,37220.11
2026-02-23T19:00:00,602.27,602.34,589.53,597.77,99464.86
2026-02-23T20:00:00,597.78,601.45,596.87,598.1,24673.21
2026-02-23T21:00:00,598.1,598.1,591.01,593.15,43236.98
2026-02-23T22:00:00,593.15,593.73,588.83,591.97,39206.25
2026-02-23T23:00:00,591.97,594.0,588.24,590.41,42202.12
2026-02-24T00:00:00,590.41,591.27,586.31,586.95,31251.3
2026-02-24T01:00:00,586.95,590.22,585.86,589.47,25651.87
2026-02-24T02:00:00,589.48,592.71,588.25,591.95,22211.22
2026-02-24T03:00:00,591.94,592.5,586.57,589.0,22417.18
2026-02-24T04:00:00,588.99,589.44,587.2,588.63,15048.06
2026-02-24T05:00:00,588.64,589.07,585.65,586.79,18724.09
2026-02-24T06:00:00,586.79,588.18,585.24,585.83,21837.58
2026-02-24T07:00:00,585.83,586.46,578.51,582.33,74569.44
2026-02-24T08:00:00,582.32,585.52,576.61,581.72,83936.13
2026-02-24T09:00:00,581.73,587.04,580.13,585.8,48926.37
2026-02-24T10:00:00,585.79,589.33,583.51,587.44,45578.04
2026-02-24T11:00:00,587.45,589.53,585.42,586.25,27592.51
2026-02-24T12:00:00,586.25,589.33,584.4,587.83,29864.87
2026-02-24T13:00:00,587.83,590.0,586.31,588.37,17862.32
2026-02-24T14:00:00,588.38,590.21,587.79,588.24,13989.83
2026-02-24T15:00:00,588.24,588.24,583.05,584.29,20421.1
2026-02-24T16:00:00,584.28,586.6,583.67,585.31,14028.21
2026-02-24T17:00:00,585.31,585.56,582.18,583.4,22165.92
2026-02-24T18:00:00,583.41,584.94,581.2,584.09,19872.12
2026-02-24T19:00:00,584.09,600.18,583.5,597.31,116450.25
2026-02-24T20:00:00,597.31,601.99,597.24,597.95,43843.21
2026-02-24T21:00:00,597.95,598.82,592.84,593.88,32778.46
2026-02-24T22:00:00,593.89,596.2,590.76,595.21,30116.49
2026-02-24T23:00:00,595.21,595.74,589.55,592.2,41180.95
2026-02-25T00:00:00,592.2,595.29,591.91,593.39,19242.5
2026-02-25T01:00:00,593.4,596.44,592.85,595.9,18053.58
2026-02-25T02:00:00,595.91,600.59,595.55,600.23,30811.68
2026-02-25T03:00:00,600.22,603.39,599.95,603.02,28557.46
2026-02-25T04:00:00,603.03,603.93,600.48,602.69,23897.26
2026-02-25T05:00:00,602.7,605.35,601.81,604.94,26270.28
2026-02-25T06:00:00,604.93,612.49,604.51,611.04,50487.51
2026-02-25T07:00:00,611.04,616.49,611.04,614.3,55176.94
2026-02-25T08:00:00,614.29,619.2,613.22,618.78,53456.38
2026-02-25T09:00:00,618.76,623.48,615.97,621.54,70878.25
2026-02-25T10:00:00,621.54,626.17,621.14,625.77,59927.83
2026-02-25T11:00:00,625.78,629.61,625.21,629.2,56894.16
2026-02-25T12:00:00,629.19,634.53,626.76,632.84,53104.01
2026-02-25T13:00:00,632.84,633.53,628.65,632.45,39179.71
2026-02-25T14:00:00,632.45,633.56,630.15,632.01,20190.61
2026-02-25T15:00:00,632.01,641.12,629.83,635.32,59630.91
2026-02-25T16:00:00,635.33,637.43,628.25,632.28,45254.89
2026-02-25T17:00:00,632.27,635.37,624.57,629.81,62177.27
2026-02-25T18:00:00,629.81,634.27,627.84,630.39,48987.35
2026-02-25T19:00:00,630.4,632.69,627.34,628.0,26771.57
2026-02-25T20:00:00,627.99,629.23,625.77,628.41,28711.53
2026-02-25T21:00:00,628.41,629.06,626.7,628.25,16521.56
2026-02-25T22:00:00,628.25,632.86,627.8,630.92,22925.57
2026-02-25T23:00:00,630.92,631.08,626.53,628.79,17101.03
2026-02-26T00:00:00,628.8,629.99,626.15,626.96,16861.44
2026-02-26T01:00:00,626.96,628.84,625.63,625.98,15523.5
2026-02-26T02:00:00,625.99,629.5,625.92,626.59,21300.69
2026-02-26T03:00:00,626.58,630.58,626.08,629.82,23898.63
2026-02-26T04:00:00,629.81,630.66,625.23,626.32,23640.29
2026-02-26T05:00:00,626.33,627.17,623.08,623.21,23886.96
2026-02-26T06:00:00,623.21,627.1,623.02,626.8,17808.86
2026-02-26T07:00:00,626.79,628.4,625.31,626.68,16431.67
2026-02-26T08:00:00,626.68,628.82,621.35,625.61,55923.8
2026-02-26T09:00:00,625.6,626.36,618.91,623.57,63447.45
2026-02-26T10:00:00,623.56,625.21,614.43,614.96,63841.47
2026-02-26T11:00:00,614.95,619.41,614.55,616.87,31043.67
2026-02-26T12:00:00,616.86,621.0,614.49,620.29,32789.87
2026-02-26T13:00:00,620.28,625.65,620.05,624.75,30708.71
2026-02-26T14:00:00,624.74,626.53,621.54,622.25,17413.74
2026-02-26T15:00:00,622.25,624.32,621.05,623.87,8859.74
2026-02-26T16:00:00,623.88,626.61,623.35,626.44,10860.72
2026-02-26T17:00:00,626.44,627.19,624.55,626.03,12617.4
2026-02-26T18:00:00,626.02,626.58,623.5,625.46,17890.83
2026-02-26T19:00:00,625.46,626.61,622.68,626.03,26530.28
2026-02-26T20:00:00,626.03,630.59,625.93,629.96,20688.23
2026-02-26T21:00:00,629.97,630.35,628.14,629.43,17977.77
2026-02-26T22:00:00,629.44,633.75,629.04,632.1,38565.39
2026-02-26T23:00:00,632.11,634.0,630.22,632.04,14534.68
2026-02-27T00:00:00,632.03,632.04,628.63,628.96,23322.59
2026-02-27T01:00:00,628.95,629.05,625.11,627.35,28822.38
2026-02-27T02:00:00,627.35,629.59,626.49,628.57,16504.14
2026-02-27T03:00:00,628.57,630.21,624.27,624.52,18882.51
2026-02-27T04:00:00,624.52,625.08,616.33,616.81,51334.97
2026-02-27T05:00:00,616.81,619.7,613.18,614.86,45806.81
2026-02-27T06:00:00,614.86,617.06,613.27,614.65,34053.9
2026-02-27T07:00:00,614.65,616.25,609.45,614.13,41081.26
2026-02-27T08:00:00,614.13,615.57,610.8,611.62,34019.68
2026-02-27T09:00:00,611.61,615.46,610.45,614.39,30807.12
2026-02-27T10:00:00,614.39,614.73,610.0,610.07,28526.71
2026-02-27T11:00:00,610.07,612.64,606.71,612.25,37723.74
2026-02-27T12:00:00,612.26,612.89,609.84,610.2,13346.12
2026-02-27T13:00:00,610.2,610.45,607.64,609.78,18914.6
2026-02-27T14:00:00,609.78,611.91,609.52,611.09,10787.51
2026-02-27T15:00:00,611.1,612.94,609.9,611.16,11405.66
2026-02-27T16:00:00,611.16,612.17,605.34,611.85,22592.38
2026-02-27T17:00:00,611.84,614.4,611.75,614.03,17783.75
2026-02-27T18:00:00,614.03,615.32,612.25,614.45,14994.79
2026-02-27T19:00:00,614.46,614.9,612.18,612.43,10188.86
2026-02-27T20:00:00,612.43,615.21,612.19,615.05,10619.59
2026-02-27T21:00:00,615.06,615.66,613.24,614.89,12766.36
2026-02-27T22:00:00,614.89,615.35,610.39,612.43,15927.96
2026-02-27T23:00:00,612.43,613.27,610.22,611.08,12576.81
2026-02-28T00:00:00,611.07,611.07,590.63,592.42,128192.19
2026-02-28T01:00:00,592.41,601.53,590.51,597.29,76539.32
2026-02-28T02:00:00,597.29,597.29,590.38,591.12,45011.42
2026-02-28T03:00:00,591.12,594.48,589.06,591.36,41078.5
2026-02-28T04:00:00,591.36,595.0,588.39,594.22,49634.25
2026-02-28T05:00:00,594.21,598.36,593.77,594.38,36949.08
2026-02-28T06:00:00,594.39,598.0,593.84,596.71,26708.76
2026-02-28T07:00:00,596.71,603.63,594.85,603.02,68721.23
2026-02-28T08:00:00,603.03,605.67,599.15,600.37,71260.52
2026-02-28T09:00:00,600.36,604.66,598.16,603.86,33395.99
2026-02-28T10:00:00,603.86,604.96,601.91,603.54,19668.53
2026-02-28T11:00:00,603.54,606.43,601.0,605.53,23067.78
2026-02-28T12:00:00,605.53,613.53,604.31,611.71,49282.21
2026-02-28T13:00:00,611.7,614.68,608.01,613.06,43415.27
2026-02-28T14:00:00,613.06,619.5,611.85,618.03,48593.99
2026-02-28T15:00:00,618.02,618.46,613.89,616.16,27150.56
2026-02-28T16:00:00,616.16,621.6,615.95,618.01,23070.43
2026-02-28T17:00:00,618.01,618.34,615.26,617.14,17948.14
2026-02-28T18:00:00,617.13,618.25,615.52,618.12,19078.05
2026-02-28T19:00:00,618.12,628.39,614.56,625.14,61089.21
2026-02-28T20:00:00,625.15,631.76,625.04,630.01,63305.39
2026-02-28T21:00:00,630.0,632.34,628.2,628.76,35022.14
2026-02-28T22:00:00,628.77,631.61,625.95,630.01,41036.81
2026-02-28T23:00:00,630.01,631.3,627.94,628.05,20887.77
2026-03-01T00:00:00,628.05,628.5,623.28,625.44,32853.28
2026-03-01T01:00:00,625.43,626.38,623.72,625.68,14374.06
2026-03-01T02:00:00,625.67,626.72,619.48,620.39,28122.65
2026-03-01T03:00:00,620.39,623.82,619.05,620.43,31638.96
2026-03-01T04:00:00,620.42,623.83,619.3,623.5,20979.44
2026-03-01T05:00:00,623.5,624.75,622.82,623.16,14077.53
2026-03-01T06:00:00,623.15,623.68,620.79,620.91,15432.6
2026-03-01T07:00:00,620.91,629.75,620.08,626.26,46087.53
2026-03-01T08:00:00,626.27,629.92,626.05,628.22,30755.61
2026-03-01T09:00:00,628.23,630.2,626.63,626.96,27818.22
2026-03-01T10:00:00,626.98,629.93,620.25,623.33,49905.23
2026-03-01T11:00:00,623.33,624.11,617.5,619.89,36587.53
2026-03-01T12:00:00,619.88,625.79,619.64,623.28,28729.93
2026-03-01T13:00:00,623.28,623.57,618.81,619.99,27418.92
2026-03-01T14:00:00,619.98,620.84,611.49,612.65,50486.18
2026-03-01T15:00:00,612.65,617.83,611.94,612.15,48954.58
2026-03-01T16:00:00,612.15,619.16,611.13,615.52,48132.09
2026-03-01T17:00:00,615.53,621.18,614.51,618.2,35119.66
2026-03-01T18:00:00,618.2,622.58,614.65,620.07,35466.54
2026-03-01T19:00:00,620.08,624.59,618.79,621.96,29841.59
2026-03-01T20:00:00,621.96,625.3,617.47,622.47,34769.56
2026-03-01T21:00:00,622.47,625.97,620.88,624.74,18925.13
2026-03-01T22:00:00,624.74,625.2,622.38,623.51,12813.45
2026-03-01T23:00:00,623.51,625.95,621.56,623.73,13095.91
2026-03-02T00:00:00,623.73,623.87,616.74,617.37,24747.42
2026-03-02T01:00:00,617.36,617.72,613.18,616.75,26288.42
2026-03-02T02:00:00,616.76,619.34,613.02,618.68,27670.91
2026-03-02T03:00:00,618.68,622.35,618.06,618.99,26171.49
2026-03-02T04:00:00,618.99,621.23,617.58,621.13,14951.93
2026-03-02T05:00:00,621.13,623.25,618.8,622.27,21161.62
2026-03-02T06:00:00,622.27,623.36,620.08,622.18,34507.7
2026-03-02T07:00:00,622.17,624.67,619.74,620.5,32955.33
2026-03-02T08:00:00,620.49,635.38,619.0,634.29,79919.44
2026-03-02T09:00:00,634.29,650.09,634.05,646.65,170952.05
2026-03-02T10:00:00,646.65,653.44,645.95,649.56,77904.84
2026-03-02T11:00:00,649.56,650.49,641.18,644.9,48803.07
2026-03-02T12:00:00,644.9,645.01,639.18,640.18,30088.14
2026-03-02T13:00:00,640.17,640.4,636.31,636.77,44847.17
2026-03-02T14:00:00,636.77,637.8,632.61,634.94,44126.75
2026-03-02T15:00:00,634.94,636.48,632.95,635.79,23447.8
2026-03-02T16:00:00,635.79,640.86,635.79,639.94,25145.45
2026-03-02T17:00:00,639.95,640.58,636.56,637.81,27526.23
2026-03-02T18:00:00,637.8,641.49,636.67,640.57,27631.34
2026-03-02T19:00:00,640.57,642.41,635.54,635.62,24257.31
2026-03-02T20:00:00,635.63,637.98,633.38,635.58,33421.19
2026-03-02T21:00:00,635.57,636.15,633.77,635.49,13600.6
2026-03-02T22:00:00,635.49,637.29,633.87,634.19,12900.55
2026-03-02T23:00:00,634.2,638.32,628.6,632.11,58690.07
2026-03-03T00:00:00,632.12,633.76,630.11,633.06,28851.21
2026-03-03T01:00:00,633.06,635.7,632.65,633.39,16546.51
2026-03-03T02:00:00,633.39,634.22,622.35,623.76,61922.69
2026-03-03T03:00:00,623.75,626.83,620.66,622.36,51208.68
2026-03-03T04:00:00,622.36,626.54,621.26,625.46,38733.85
2026-03-03T05:00:00,625.46,627.27,624.42,626.21,28936.37
2026-03-03T06:00:00,626.21,631.65,625.81,627.21,35135.55
2026-03-03T07:00:00,627.21,627.54,623.02,624.21,23276.62
2026-03-03T08:00:00,624.21,628.97,620.6,623.3,49208.69
2026-03-03T09:00:00,623.3,630.49,622.09,630.2,39629.12
2026-03-03T10:00:00,630.2,638.71,628.4,634.37,66809.43
2026-03-03T11:00:00,634.37,634.81,629.15,633.69,30597.97
2026-03-03T12:00:00,633.69,637.96,631.5,634.37,22971.12
2026-03-03T13:00:00,634.37,635.09,631.18,632.86,21711.34
2026-03-03T14:00:00,632.86,633.56,630.16,631.49,21629.15
2026-03-03T15:00:00,631.49,631.5,628.2,629.87,11860.45
2026-03-03T16:00:00,629.86,634.27,629.86,633.79,13790.68
2026-03-03T17:00:00,633.79,636.85,632.49,633.45,24714.89
2026-03-03T18:00:00,633.45,634.55,629.41,631.86,24360.85
2026-03-03T19:00:00,631.85,636.62,630.34,634.01,22971.41
2026-03-03T20:00:00,634.01,634.52,630.47,633.98,14616.08
2026-03-03T21:00:00,633.97,634.26,626.0,629.14,30868.78
2026-03-03T22:00:00,629.14,630.43,627.08,629.79,17112.67
2026-03-03T23:00:00,629.8,633.64,628.75,632.46,19204.53
2026-03-04T00:00:00,632.47,635.79,631.21,634.77,20484.5
2026-03-04T01:00:00,634.77,641.0,633.87,640.02,32911.39
2026-03-04T02:00:00,640.02,652.59,638.86,651.36,78764.92
2026-03-04T03:00:00,651.35,655.0,649.58,651.88,85937.04
2026-03-04T04:00:00,651.87,654.31,650.55,651.43,52374.68
2026-03-04T05:00:00,651.44,652.63,647.66,650.51,34733.94
2026-03-04T06:00:00,650.5,651.5,646.12,650.82,39506.9
2026-03-04T07:00:00,650.82,654.32,650.48,653.58,34786.57
2026-03-04T08:00:00,653.58,657.86,648.99,652.14,82675.37
2026-03-04T09:00:00,652.13,662.42,651.5,661.38,77843.62
2026-03-04T10:00:00,661.38,663.0,656.02,659.6,53081.61
2026-03-04T11:00:00,659.6,660.86,655.31,658.43,30464.71
2026-03-04T12:00:00,658.42,661.95,656.19,661.67,22814.88
2026-03-04T13:00:00,661.67,666.43,661.0,662.69,39778.07
2026-03-04T14:00:00,662.7,663.2,660.28,660.6,18684.82
2026-03-04T15:00:00,660.61,661.35,658.67,660.18,15599.36
2026-03-04T16:00:00,660.18,662.58,657.25,657.39,17931.39
2026-03-04T17:00:00,657.39,659.37,656.75,658.08,32655.32
2026-03-04T18:00:00,658.09,660.26,656.44,657.87,23052.92
2026-03-04T19:00:00,657.88,661.14,652.34,653.2,31876.7
2026-03-04T20:00:00,653.19,657.0,652.7,654.15,18146.03
2026-03-04T21:00:00,654.15,655.5,652.73,654.4,14679.78
2026-03-04T22:00:00,654.41,657.63,653.94,655.5,22371.15
2026-03-04T23:00:00,655.51,656.32,652.74,653.41,16802.35
2026-03-05T00:00:00,653.42,655.47,650.34,654.58,23947.13
2026-03-05T01:00:00,654.58,655.21,648.69,650.45,24833.93
2026-03-05T02:00:00,650.45,652.98,649.68,652.74,17969.22
2026-03-05T03:00:00,652.75,657.27,652.61,656.09,24501.81
2026-03-05T04:00:00,656.09,665.64,655.5,664.14,44445.1
2026-03-05T05:00:00,664.14,664.57,658.87,659.3,25669.83
2026-03-05T06:00:00,659.31,661.04,655.26,660.05,35469.79
2026-03-05T07:00:00,660.05,660.37,653.4,657.3,28774.62
2026-03-05T08:00:00,657.3,658.64,652.51,656.83,41664.88
2026-03-05T09:00:00,656.82,657.37,648.26,653.08,57529.27
2026-03-05T10:00:00,653.07,653.84,646.27,652.72,43083.46
2026-03-05T11:00:00,652.73,654.68,646.8,647.63,29381.74
2026-03-05T12:00:00,647.62,650.75,646.46,650.24,19794.5
2026-03-05T13:00:00,650.24,653.6,647.76,648.7,24446.25
2026-03-05T14:00:00,648.7,651.7,648.0,650.9,15133.12
2026-03-05T15:00:00,650.88,652.44,646.62,647.63,14853.09
2026-03-05T16:00:00,647.62,649.89,646.49,648.56,12665.65
2026-03-05T17:00:00,648.57,650.08,647.11,648.01,10553.98
2026-03-05T18:00:00,648.01,649.83,646.55,647.75,11325.73
2026-03-05T19:00:00,647.75,651.78,645.53,651.01,22106.94
2026-03-05T20:00:00,651.02,651.65,649.28,650.01,11976.05
2026-03-05T21:00:00,650.01,650.57,648.05,649.81,18960.93
2026-03-05T22:00:00,649.81,650.0,641.12,644.1,36282.63
2026-03-05T23:00:00,644.1,646.42,642.56,644.78,20697.23
2026-03-06T00:00:00,644.79,646.43,643.73,645.07,10794.12
2026-03-06T01:00:00,645.08,647.96,643.77,646.78,16803.11
2026-03-06T02:00:00,646.79,646.99,644.0,644.42,11931.73
2026-03-06T03:00:00,644.43,645.13,639.05,640.74,38242.19
2026-03-06T04:00:00,640.74,641.51,639.5,639.73,12526.2
2026-03-06T05:00:00,639.73,640.12,637.06,637.31,16313.44
2026-03-06T06:00:00,637.3,638.27,634.57,637.46,29060.23
2026-03-06T07:00:00,637.46,640.69,633.2,633.38,47587.78
2026-03-06T08:00:00,633.37,634.0,624.51,626.29,70005.46
2026-03-06T09:00:00,626.28,632.04,624.72,627.7,50683.67
2026-03-06T10:00:00,627.69,631.2,626.49,628.96,33474.44
2026-03-06T11:00:00,628.96,630.41,625.8,628.05,22939.07
2026-03-06T12:00:00,628.06,631.73,627.91,630.58,16142.56
2026-03-06T13:00:00,630.59,632.83,630.06,630.55,11281.49
2026-03-06T14:00:00,630.56,631.4,627.52,629.05,29022.2
2026-03-06T15:00:00,629.05,629.76,627.72,629.55,11527.08
2026-03-06T16:00:00,629.55,630.65,628.84,629.98,10225.74
2026-03-06T17:00:00,629.98,630.03,626.85,627.24,13034.11
2026-03-06T18:00:00,627.24,629.64,626.28,628.91,8881.12
2026-03-06T19:00:00,628.91,629.45,627.89,628.33,5490.01
2026-03-06T20:00:00,628.33,628.65,626.21,627.48,8003.53
2026-03-06T21:00:00,627.47,629.65,626.64,626.95,10668.13
2026-03-06T22:00:00,626.94,627.56,624.55,627.02,13789.48
2026-03-06T23:00:00,627.01,628.46,626.65,627.34,7460.96
2026-03-07T00:00:00,627.34,627.64,626.01,626.34,7106.62
2026-03-07T01:00:00,626.35,627.9,625.23,627.6,10159.94
2026-03-07T02:00:00,627.6,629.2,627.36,628.07,9701.32
2026-03-07T03:00:00,628.07,629.97,627.27,629.57,9030.73
2026-03-07T04:00:00,629.57,629.82,626.49,626.66,10001.74
2026-03-07T05:00:00,626.65,628.73,626.25,627.68,9713.85
2026-03-07T06:00:00,627.68,628.1,626.21,626.71,11276.4
2026-03-07T07:00:00,626.71,627.48,626.12,626.55,10038.34
2026-03-07T08:00:00,626.54,627.63,623.43,627.24,32400.96
2026-03-07T09:00:00,627.23,627.57,623.7,625.02,20674.93
2026-03-07T10:00:00,625.03,625.05,622.45,624.0,13805.33
2026-03-07T11:00:00,624.01,625.0,623.33,623.52,8788.71
2026-03-07T12:00:00,623.52,623.86,620.37,622.48,16519.54
2026-03-07T13:00:00,622.49,622.49,618.11,619.68,23567.67
2026-03-07T14:00:00,619.68,621.78,619.63,621.0,10279.69
2026-03-07T15:00:00,621.0,622.41,620.24,621.14,9386.33
2026-03-07T16:00:00,621.15,621.45,617.6,619.81,13130.17
2026-03-07T17:00:00,619.82,620.81,619.56,620.24,6125.62
2026-03-07T18:00:00,620.25,621.96,618.79,619.14,12322.41
2026-03-07T19:00:00,619.15,620.28,617.8,619.85,8926.34
2026-03-07T20:00:00,619.85,620.07,615.2,616.02,19723.25
2026-03-07T21:00:00,616.02,617.6,615.68,616.83,12870.33
2026-03-07T22:00:00,616.84,617.65,614.04,615.09,13032.35
2026-03-07T23:00:00,615.08,618.79,614.99,618.0,8989.51
2026-03-08T00:00:00,618.0,619.35,617.34,618.91,8168.58
2026-03-08T01:00:00,618.91,622.23,618.77,619.77,17351.2
2026-03-08T02:00:00,619.77,620.08,617.75,619.33,12135.68
2026-03-08T03:00:00,619.33,621.5,618.73,620.02,13664.68
2026-03-08T04:00:00,620.02,624.07,619.98,622.78,20401.6
2026-03-08T05:00:00,622.78,622.78,618.68,620.13,15150.16
2026-03-08T06:00:00,620.13,621.05,615.77,619.19,22005.66
2026-03-08T07:00:00,619.18,619.75,612.81,616.14,37619.22
2026-03-08T08:00:00,616.15,617.84,615.21,617.63,14352.96
2026-03-08T09:00:00,617.63,617.91,615.01,615.9,13275.14
2026-03-08T10:00:00,615.89,616.25,611.49,612.68,23991.89
2026-03-08T11:00:00,612.68,614.85,612.31,612.99,12300.03
2026-03-08T12:00:00,612.99,614.0,611.82,613.35,8028.34
2026-03-08T13:00:00,613.35,619.73,613.0,618.87,20005.42
2026-03-08T14:00:00,618.87,619.93,616.75,617.52,12383.79
2026-03-08T15:00:00,617.51,617.99,614.89,617.21,10297.97
2026-03-08T16:00:00,617.2,617.21,607.56,614.48,59317.25
2026-03-08T17:00:00,614.49,615.96,611.17,611.7,21701.62
2026-03-08T18:00:00,611.71,618.59,610.76,615.27,32984.75
2026-03-08T19:00:00,615.26,618.47,613.77,614.45,22053.14
2026-03-08T20:00:00,614.45,619.5,613.28,617.82,20559.89
2026-03-08T21:00:00,617.82,628.27,617.57,623.34,61240.16
2026-03-08T22:00:00,623.35,626.13,622.38,622.72,15202.84
2026-03-08T23:00:00,622.73,630.07,622.37,629.42,50514.52
2026-03-09T00:00:00,629.42,630.0,622.63,623.7,39444.04
2026-03-09T01:00:00,623.71,623.79,618.2,621.78,24756.89
2026-03-09T02:00:00,621.8,626.7,621.58,625.66,33476.17
2026-03-09T03:00:00,625.67,630.43,623.67,627.2,27919.24
2026-03-09T04:00:00,627.2,628.7,626.33,627.17,18721.68
2026-03-09T05:00:00,627.17,628.13,624.09,627.42,15554.82
2026-03-09T06:00:00,627.42,632.87,627.42,631.02,31129.68
2026-03-09T07:00:00,631.03,638.7,630.86,636.43,52477.28
2026-03-09T08:00:00,636.42,638.6,633.21,635.91,37305.8
2026-03-09T09:00:00,635.91,640.4,634.7,639.3,39934.42
2026-03-09T10:00:00,639.3,641.75,637.82,639.41,32278.91
2026-03-09T11:00:00,639.42,640.57,635.24,636.87,28868.02
2026-03-09T12:00:00,636.87,637.54,634.32,634.83,19884.4
2026-03-09T13:00:00,634.83,643.4,634.17,638.26,51454.78
2026-03-09T14:00:00,638.26,638.93,636.71,638.34,14800.98
2026-03-09T15:00:00,638.34,640.83,638.31,640.29,9926.42
2026-03-09T16:00:00,640.29,640.75,636.04,636.88,15984.45
2026-03-09T17:00:00,636.88,637.84,633.6,634.52,18157.66
2026-03-09T18:00:00,634.51,640.5,634.36,639.03,28414.93
2026-03-09T19:00:00,639.03,639.94,635.95,638.56,22101.77
2026-03-09T20:00:00,638.56,646.0,637.54,644.05,34508.83
2026-03-09T21:00:00,644.05,645.16,639.0,639.69,22737.56
2026-03-09T22:00:00,639.7,644.58,639.35,643.97,23847.2
2026-03-09T23:00:00,643.97,646.21,643.54,644.06,16032.37
2026-03-10T00:00:00,644.06,645.39,642.2,643.97,13232.49
2026-03-10T01:00:00,643.96,646.94,643.29,644.41,17931.65
2026-03-10T02:00:00,644.41,648.93,643.96,645.86,27570.74
2026-03-10T03:00:00,645.85,648.39,644.44,647.42,33506.17
2026-03-10T04:00:00,647.42,647.91,645.13,647.35,12144.36
2026-03-10T05:00:00,647.35,647.88,644.82,645.39,12022.97
2026-03-10T06:00:00,645.39,646.79,644.59,646.48,17370.29
2026-03-10T07:00:00,646.47,648.0,641.1,642.32,38182.22
2026-03-10T08:00:00,642.33,651.87,638.11,650.86,64928.54
2026-03-10T09:00:00,650.86,652.24,646.06,649.27,42779.15
2026-03-10T10:00:00,649.27,652.44,647.47,649.76,28894.28
2026-03-10T11:00:00,649.75,650.16,644.56,646.55,22898.73
2026-03-10T12:00:00,646.55,646.64,640.46,641.26,32639.51
2026-03-10T13:00:00,641.25,642.58,639.85,641.7,18434.26
2026-03-10T14:00:00,641.69,644.27,641.56,644.07,13090.13
2026-03-10T15:00:00,644.08,645.21,639.6,641.38,19600.41
2026-03-10T16:00:00,641.37,642.46,639.41,641.89,16541.31
2026-03-10T17:00:00,641.88,642.99,640.95,641.89,10191.41
2026-03-10T18:00:00,641.89,643.82,640.92,643.25,17876.88
2026-03-10T19:00:00,643.26,644.29,642.3,644.08,11002.29
2026-03-10T20:00:00,644.09,644.29,638.58,640.93,22556.61
2026-03-10T21:00:00,640.93,642.6,639.44,639.73,15286.6
2026-03-10T22:00:00,639.74,644.84,639.0,644.55,17412.26
2026-03-10T23:00:00,644.55,644.81,637.56,637.89,29136.45
2026-03-11T00:00:00,637.89,643.55,637.88,642.75,19319.08
2026-03-11T01:00:00,642.76,643.04,639.78,640.43,15353.26
2026-03-11T02:00:00,640.43,642.55,639.57,642.16,15067.14
2026-03-11T03:00:00,642.16,642.3,639.3,639.73,9377.14
2026-03-11T04:00:00,639.72,643.95,639.43,643.44,15086.62
2026-03-11T05:00:00,643.45,643.61,634.2,638.1,135814.8
2026-03-11T06:00:00,638.1,642.75,636.71,641.59,36190.72
2026-03-11T07:00:00,641.59,652.29,641.36,646.49,70020.13
2026-03-11T08:00:00,646.49,651.39,644.63,648.5,40674.53
2026-03-11T09:00:00,648.5,649.29,641.84,645.93,29607.39
2026-03-11T10:00:00,645.93,649.79,645.29,648.17,24301.64
2026-03-11T11:00:00,648.17,655.91,648.17,651.89,55797.74
2026-03-11T12:00:00,651.89,654.45,650.77,652.84,27871.77
2026-03-11T13:00:00,652.83,653.89,651.13,653.23,12334.79
2026-03-11T14:00:00,653.23,653.38,651.69,652.99,8596.86
2026-03-11T15:00:00,652.99,654.6,651.83,654.32,8724.99
2026-03-11T16:00:00,654.32,656.66,651.77,652.58,19401.46
2026-03-11T17:00:00,652.58,653.5,650.45,651.73,15367.3
2026-03-11T18:00:00,651.73,652.47,650.7,652.21,14866.49
2026-03-11T19:00:00,652.21,652.29,646.64,646.85,27770.65
2026-03-11T20:00:00,646.85,647.88,642.5,643.24,28943.59
2026-03-11T21:00:00,643.24,645.12,642.09,643.3,18263.69
2026-03-11T22:00:00,643.31,644.33,641.69,642.98,17008.57
2026-03-11T23:00:00,642.99,644.9,642.8,644.21,12668.31
2026-03-12T00:00:00,644.22,645.39,643.34,644.46,9780.04
2026-03-12T01:00:00,644.46,646.92,643.81,645.7,17045.06
2026-03-12T02:00:00,645.69,648.88,645.51,647.53,16880.84
2026-03-12T03:00:00,647.53,651.2,645.73,649.95,18459.95
2026-03-12T04:00:00,649.96,652.72,649.28,651.95,21937.04
2026-03-12T05:00:00,651.95,654.09,650.88,652.34,20871.33
2026-03-12T06:00:00,652.33,657.93,651.23,655.57,34428.94
2026-03-12T07:00:00,655.58,656.26,650.66,652.8,37847.06
2026-03-12T08:00:00,652.78,656.36,645.56,646.93,56472.73
2026-03-12T09:00:00,646.93,653.98,646.01,650.3,36260.63
2026-03-12T10:00:00,650.3,652.74,648.26,651.7,28206.51
2026-03-12T11:00:00,651.69,652.74,649.56,650.64,14263.44
2026-03-12T12:00:00,650.63,651.64,647.91,648.02,12633.98
2026-03-12T13:00:00,648.03,651.77,646.57,651.17,16053.34
2026-03-12T14:00:00,651.17,651.85,649.16,649.86,10586.3
2026-03-12T15:00:00,649.85,652.57,649.85,652.02,8538.59
2026-03-12T16:00:00,652.01,652.3,650.13,651.41,8112.71
2026-03-12T17:00:00,651.42,655.22,651.37,651.97,23086.25
2026-03-12T18:00:00,651.96,664.07,650.62,658.96,78640.94
2026-03-12T19:00:00,658.95,662.33,658.25,662.12,24937.12
2026-03-12T20:00:00,662.11,662.66,659.3,659.6,20172.87
2026-03-12T21:00:00,659.59,662.3,657.56,661.73,18642.29
2026-03-12T22:00:00,661.73,662.13,659.5,660.81,12661.19
2026-03-12T23:00:00,660.81,662.19,659.35,660.76,12327.1
2026-03-13T00:00:00,660.75,661.81,658.81,660.85,19377.67
2026-03-13T01:00:00,660.85,664.56,660.0,661.38,33876.04
2026-03-13T02:00:00,661.38,668.2,660.71,665.93,51727.85
2026-03-13T03:00:00,665.93,667.92,664.11,666.99,34538.78
2026-03-13T04:00:00,667.0,668.75,666.0,667.0,44470.8
2026-03-13T05:00:00,667.01,668.33,665.85,666.76,22918.08
2026-03-13T06:00:00,666.77,673.99,666.65,671.3,51496.47
2026-03-13T07:00:00,671.3,679.59,670.71,674.7,78239.96
2026-03-13T08:00:00,674.71,678.65,667.72,668.36,90254.11
2026-03-13T09:00:00,668.36,671.7,661.44,662.39,58664.71
2026-03-13T10:00:00,662.39,663.77,658.3,662.07,63726.84
2026-03-13T11:00:00,662.07,664.7,652.91,656.02,72775.39
2026-03-13T12:00:00,656.03,658.71,654.22,656.88,27895.87
2026-03-13T13:00:00,656.88,658.23,656.12,657.34,12561.11
2026-03-13T14:00:00,657.35,658.74,656.47,657.41,14095.26
2026-03-13T15:00:00,657.41,658.85,656.1,656.97,12110.56
2026-03-13T16:00:00,656.98,657.44,653.63,655.66,23557.0
2026-03-13T17:00:00,655.66,656.26,654.6,655.75,13327.43
2026-03-13T18:00:00,655.74,656.31,652.55,653.17,18717.63
2026-03-13T19:00:00,653.16,656.91,652.95,656.52,15019.04
2026-03-13T20:00:00,656.53,656.81,655.17,655.6,8536.74
2026-03-13T21:00:00,655.6,657.22,655.27,656.88,8928.52
2026-03-13T22:00:00,656.88,658.39,655.27,655.47,11812.76
2026-03-13T23:00:00,655.47,656.72,654.57,655.61,8377.92
2026-03-14T00:00:00,655.61,655.61,650.89,653.27,20389.93
2026-03-14T01:00:00,653.28,654.45,652.02,652.22,9351.73
2026-03-14T02:00:00,652.23,653.8,651.73,652.04,11470.86
2026-03-14T03:00:00,652.04,653.33,650.48,651.12,8193.26
2026-03-14T04:00:00,651.12,651.36,649.97,650.94,9029.36
2026-03-14T05:00:00,650.94,653.89,650.86,653.46,10374.14
2026-03-14T06:00:00,653.46,654.61,652.46,653.49,12493.13
2026-03-14T07:00:00,653.5,654.49,652.85,653.98,8032.19
2026-03-14T08:00:00,653.98,654.9,651.75,652.29,12806.16
2026-03-14T09:00:00,652.28,653.61,651.84,653.3,5803.02
2026-03-14T10:00:00,653.3,654.52,652.27,653.97,7568.16
2026-03-14T11:00:00,653.96,654.09,652.7,653.01,4894.82
2026-03-14T12:00:00,653.01,653.63,652.13,653.13,8028.48
2026-03-14T13:00:00,653.14,654.0,652.55,653.57,4580.02
2026-03-14T14:00:00,653.58,654.58,653.11,653.85,4576.6
2026-03-14T15:00:00,653.86,654.92,652.98,654.76,4360.3
2026-03-14T16:00:00,654.77,655.5,654.17,654.91,6171.84
2026-03-14T17:00:00,654.91,657.95,654.89,657.61,16162.08
2026-03-14T18:00:00,657.61,657.87,655.4,655.77,8940.7
2026-03-14T19:00:00,655.77,656.07,654.32,655.37,7516.91
2026-03-14T20:00:00,655.36,660.72,655.36,659.31,20137.45
2026-03-14T21:00:00,659.31,661.24,657.93,658.9,13522.55
2026-03-14T22:00:00,658.91,660.64,658.27,659.27,11430.18
2026-03-14T23:00:00,659.28,660.98,658.5,659.41,12813.3
2026-03-15T00:00:00,659.41,660.05,657.63,658.5,8741.84
2026-03-15T01:00:00,658.5,660.48,658.19,659.94,7244.45
2026-03-15T02:00:00,659.94,664.38,659.66,664.23,19624.34
2026-03-15T03:00:00,664.22,666.63,662.9,663.69,25016.33
2026-03-15T04:00:00,663.7,663.96,662.18,662.96,8547.27
2026-03-15T05:00:00,662.96,663.09,659.7,661.63,20164.9
2026-03-15T06:00:00,661.64,661.98,659.77,661.97,16606.12
2026-03-15T07:00:00,661.98,662.57,656.64,659.87,39901.03
2026-03-15T08:00:00,659.87,660.51,658.36,660.28,11369.44
2026-03-15T09:00:00,660.28,661.23,659.5,659.68,11721.15
2026-03-15T10:00:00,659.67,660.96,658.4,658.89,13230.91
2026-03-15T11:00:00,658.9,663.18,658.85,661.86,11477.8
2026-03-15T12:00:00,661.87,662.55,658.03,658.36,11282.29
2026-03-15T13:00:00,658.36,660.51,658.08,660.38,6465.48
2026-03-15T14:00:00,660.37,665.45,659.62,663.9,29326.49
2026-03-15T15:00:00,663.9,669.26,662.68,667.54,31537.77
2026-03-15T16:00:00,667.54,679.55,665.61,676.84,66507.94
2026-03-15T17:00:00,676.85,679.25,672.15,674.12,45046.02
2026-03-15T18:00:00,674.12,677.0,671.18,672.34,22413.34
2026-03-15T19:00:00,672.35,677.2,670.5,676.14,21705.39
2026-03-15T20:00:00,676.15,677.0,670.99,673.14,15697.93
2026-03-15T21:00:00,673.15,686.42,672.48,680.74,68896.94
2026-03-15T22:00:00,680.75,687.86,680.74,683.72,48901.53
2026-03-15T23:00:00,683.72,686.7,682.49,685.8,31467.02
2026-03-16T00:00:00,685.8,685.81,679.67,679.7,26987.09
2026-03-16T01:00:00,679.71,681.25,677.33,678.48,26321.08
2026-03-16T02:00:00,678.49,681.36,674.0,675.46,31015.15
2026-03-16T03:00:00,675.46,678.11,675.0,676.78,17047.21
2026-03-16T04:00:00,676.79,679.39,675.43,679.34,30080.68
2026-03-16T05:00:00,679.34,679.86,676.59,677.37,16919.95
2026-03-16T06:00:00,677.37,681.28,677.37,678.66,44159.68
2026-03-16T07:00:00,678.67,683.7,677.77,681.0,44429.14
2026-03-16T08:00:00,681.0,682.35,670.17,674.68,73040.62
2026-03-16T09:00:00,674.69,677.2,671.12,671.72,31524.02
2026-03-16T10:00:00,671.72,676.37,671.32,675.31,24117.5
2026-03-16T11:00:00,675.32,678.92,674.53,678.31,21041.7
2026-03-16T12:00:00,678.32,680.54,677.05,677.28,25432.55
2026-03-16T13:00:00,677.27,681.51,676.25,678.51,26580.64
2026-03-16T14:00:00,678.5,678.71,673.71,677.0,24693.27
2026-03-16T15:00:00,676.99,682.75,676.28,679.64,31527.78
2026-03-16T16:00:00,679.63,684.78,679.63,681.48,25532.7
2026-03-16T17:00:00,681.48,681.49,676.18,679.7,23383.15
2026-03-16T18:00:00,679.7,684.28,677.62,682.54,40822.37
2026-03-16T19:00:00,682.53,686.6,680.63,684.0,44739.8
2026-03-16T20:00:00,684.01,684.72,680.47,682.8,21680.22
2026-03-16T21:00:00,682.79,683.16,675.05,676.13,33792.12
2026-03-16T22:00:00,676.13,677.46,671.9,674.89,31027.48
2026-03-16T23:00:00,674.89,677.2,673.62,675.17,22908.65
2026-03-17T00:00:00,675.17,676.98,672.92,673.38,16912.47
2026-03-17T01:00:00,673.39,675.67,673.3,674.19,15440.1
2026-03-17T02:00:00,674.19,677.04,673.2,673.65,22984.85
2026-03-17T03:00:00,673.65,675.56,672.01,672.8,24806.18
2026-03-17T04:00:00,672.79,674.15,667.83,669.41,47939.39
2026-03-17T05:00:00,669.41,670.55,667.3,667.57,34630.82
2026-03-17T06:00:00,667.58,669.66,664.66,665.4,28260.2
2026-03-17T07:00:00,665.39,668.65,663.45,665.15,53948.03
2026-03-17T08:00:00,665.15,670.27,663.2,669.97,26096.98
2026-03-17T09:00:00,669.98,673.17,665.01,668.35,32204.77
2026-03-17T10:00:00,668.35,671.49,667.57,670.64,16121.3
2026-03-17T11:00:00,670.64,672.58,669.6,672.55,10738.97
2026-03-17T12:00:00,672.55,674.64,672.07,673.59,13909.2
2026-03-17T13:00:00,673.59,674.4,671.31,671.71,12738.94
2026-03-17T14:00:00,671.71,672.64,670.42,671.83,8702.91
2026-03-17T15:00:00,671.82,674.29,671.71,673.37,8169.64
2026-03-17T16:00:00,673.36,674.29,668.93,671.12,11465.2
2026-03-17T17:00:00,671.12,671.75,667.81,668.51,11192.45
2026-03-17T18:00:00,668.51,669.16,665.45,668.16,23584.62
2026-03-17T19:00:00,668.16,670.58,668.15,669.48,10771.87
2026-03-17T20:00:00,669.47,672.47,669.31,671.4,11796.08
2026-03-17T21:00:00,671.39,675.13,671.02,673.18,15424.91
2026-03-17T22:00:00,673.18,673.58,670.45,671.74,19812.83
2026-03-17T23:00:00,671.75,673.35,669.77,671.02,19673.79
2026-03-18T00:00:00,671.03,674.87,671.02,672.61,15400.3
2026-03-18T01:00:00,672.61,673.86,671.31,673.73,11169.51
2026-03-18T02:00:00,673.72,675.87,673.7,674.22,19451.01
2026-03-18T03:00:00,674.21,675.8,673.78,675.76,11135.53
2026-03-18T04:00:00,675.75,676.28,671.13,672.26,20549.6
2026-03-18T05:00:00,672.26,672.99,661.25,662.67,64164.65
2026-03-18T06:00:00,662.66,662.66,655.41,657.29,62645.88
2026-03-18T07:00:00,657.29,658.87,654.42,657.09,34587.97
2026-03-18T08:00:00,657.09,657.35,647.24,647.64,54497.45
2026-03-18T09:00:00,647.64,650.17,644.46,648.21,60997.65
2026-03-18T10:00:00,648.2,649.47,644.9,647.99,35808.47
2026-03-18T11:00:00,647.99,651.28,646.38,649.67,35095.3
2026-03-18T12:00:00,649.66,652.62,646.55,647.38,32974.52
2026-03-18T13:00:00,647.38,649.88,646.5,647.66,14780.55
2026-03-18T14:00:00,647.67,650.65,643.78,649.79,31039.19
2026-03-18T15:00:00,649.79,652.46,649.5,652.16,10791.0
2026-03-18T16:00:00,652.15,652.28,650.06,651.25,15909.28
2026-03-18T17:00:00,651.25,652.61,650.44,651.87,8173.58
2026-03-18T18:00:00,651.86,652.5,650.17,651.06,15245.18
2026-03-18T19:00:00,651.06,652.19,650.15,650.99,12622.32
2026-03-18T20:00:00,651.0,652.02,648.56,650.25,12765.39
2026-03-18T21:00:00,650.24,656.18,650.05,652.23,27958.61
2026-03-18T22:00:00,652.22,652.43,647.85,649.04,16512.61
2026-03-18T23:00:00,649.05,650.14,647.88,649.04,7549.38
2026-03-19T00:00:00,649.05,650.5,647.56,648.24,11574.25
2026-03-19T01:00:00,648.23,648.46,640.39,644.91,63571.27
2026-03-19T02:00:00,644.9,645.83,643.33,644.05,20815.61
2026-03-19T03:00:00,644.04,648.63,643.54,647.95,23059.56
2026-03-19T04:00:00,647.95,648.38,645.43,645.51,10274.49
2026-03-19T05:00:00,645.5,646.12,643.37,643.83,11015.59
2026-03-19T06:00:00,643.82,643.82,637.73,638.42,32593.73
2026-03-19T07:00:00,638.42,641.86,635.97,641.01,43358.18
2026-03-19T08:00:00,641.02,642.49,635.44,637.98,27820.1
2026-03-19T09:00:00,637.98,640.27,634.17,637.6,29897.89
2026-03-19T10:00:00,637.61,637.7,634.2,635.74,43866.22
2026-03-19T11:00:00,635.73,638.79,633.0,638.01,26078.41
2026-03-19T12:00:00,638.02,638.02,635.9,637.57,10202.9
2026-03-19T13:00:00,637.57,642.14,637.51,639.79,45953.48
2026-03-19T14:00:00,639.79,642.8,639.17,641.76,15740.4
2026-03-19T15:00:00,641.77,643.67,641.27,641.94,14705.48
2026-03-19T16:00:00,641.94,642.24,638.63,640.17,9994.09
2026-03-19T17:00:00,640.17,641.3,637.91,638.82,13880.11
2026-03-19T18:00:00,638.83,641.82,638.14,640.59,18472.43
2026-03-19T19:00:00,640.6,643.49,640.45,641.63,13402.09
2026-03-19T20:00:00,641.63,642.78,638.78,642.22,13680.45
2026-03-19T21:00:00,642.21,644.68,641.96,643.92,15102.06
2026-03-19T22:00:00,643.91,645.59,641.24,643.67,19624.03
2026-03-19T23:00:00,643.67,644.35,641.61,642.89,12757.47
2026-03-20T00:00:00,642.89,642.89,640.9,642.07,11143.07
2026-03-20T01:00:00,642.06,644.3,639.31,643.69,18947.78
2026-03-20T02:00:00,643.68,647.33,643.3,646.13,23536.7
2026-03-20T03:00:00,646.14,646.15,640.73,641.57,19142.78
2026-03-20T04:00:00,641.58,643.71,640.01,642.86,14700.45
2026-03-20T05:00:00,642.85,643.98,640.21,641.32,13164.89
2026-03-20T06:00:00,641.33,643.02,640.09,641.01,16235.15
2026-03-20T07:00:00,641.02,642.61,637.23,637.65,35030.43
2026-03-20T08:00:00,637.64,641.94,636.31,638.59,48606.1
2026-03-20T09:00:00,638.6,641.28,637.55,640.17,37492.58
2026-03-20T10:00:00,640.16,641.68,638.75,640.15,13700.77
2026-03-20T11:00:00,640.15,641.0,636.62,640.11,16448.2
2026-03-20T12:00:00,640.11,640.67,636.1,637.84,19060.64
2026-03-20T13:00:00,637.85,640.37,636.31,640.08,13070.51
2026-03-20T14:00:00,640.08,640.64,637.46,639.63,10103.09
2026-03-20T15:00:00,639.63,643.0,638.77,641.61,14237.31
2026-03-20T16:00:00,641.61,644.41,641.6,643.54,11160.27
2026-03-20T17:00:00,643.55,643.9,641.23,642.0,9779.1
2026-03-20T18:00:00,642.0,643.09,641.18,641.9,6508.45
2026-03-20T19:00:00,641.9,642.8,640.11,640.46,6472.06
2026-03-20T20:00:00,640.45,642.27,640.02,642.26,7481.38
2026-03-20T21:00:00,642.26,642.51,641.45,642.15,6057.6
2026-03-20T22:00:00,642.15,643.25,641.66,641.7,6259.54
2026-03-20T23:00:00,641.7,643.19,641.69,642.09,6722.14
2026-03-21T00:00:00,642.08,643.27,641.9,643.07,4390.38
2026-03-21T01:00:00,643.07,644.21,642.78,642.98,8903.65
2026-03-21T02:00:00,642.97,643.26,641.99,642.98,7452.0
2026-03-21T03:00:00,642.97,644.27,642.92,643.01,8880.38
2026-03-21T04:00:00,643.0,643.12,642.0,642.66,5479.18
2026-03-21T05:00:00,642.65,644.0,642.65,643.65,5445.05
2026-03-21T06:00:00,643.65,644.18,643.3,643.74,7731.81
2026-03-21T07:00:00,643.74,644.11,643.08,643.99,5438.84
2026-03-21T08:00:00,643.99,646.35,642.01,642.1,20151.4
2026-03-21T09:00:00,642.11,643.2,641.23,642.79,12953.02
2026-03-21T10:00:00,642.78,643.32,640.75,641.24,10562.16
2026-03-21T11:00:00,641.24,641.91,640.53,641.22,7162.41
2026-03-21T12:00:00,641.22,642.51,640.9,641.44,4632.58
2026-03-21T13:00:00,641.44,641.98,641.19,641.43,3584.49
2026-03-21T14:00:00,641.43,642.44,641.43,642.34,3071.71
2026-03-21T15:00:00,642.34,642.61,641.52,641.66,2995.92
2026-03-21T16:00:00,641.65,642.35,641.03,642.15,4902.26
2026-03-21T17:00:00,642.16,642.16,627.32,630.29,69891.0
2026-03-21T18:00:00,630.29,632.45,622.0,630.06,66598.87
2026-03-21T19:00:00,630.06,631.89,628.8,630.8,19260.95
2026-03-21T20:00:00,630.8,634.98,630.8,633.98,17033.44
2026-03-21T21:00:00,633.97,637.51,632.52,634.52,30165.38
2026-03-21T22:00:00,634.52,636.31,631.76,634.95,46901.18
2026-03-21T23:00:00,634.96,634.96,632.65,633.39,24951.37
2026-03-22T00:00:00,633.4,633.98,632.07,633.36,10222.91
2026-03-22T01:00:00,633.35,634.37,631.55,631.77,14709.96
2026-03-22T02:00:00,631.78,631.84,628.45,630.39,23232.4
2026-03-22T03:00:00,630.4,631.43,629.45,630.68,9095.66
2026-03-22T04:00:00,630.68,631.1,628.83,629.25,9248.2
2026-03-22T05:00:00,629.25,629.7,627.13,627.5,14628.57
2026-03-22T06:00:00,627.5,630.63,627.49,629.15,13791.75
2026-03-22T07:00:00,629.15,631.37,628.61,629.86,12867.81
2026-03-22T08:00:00,629.85,631.41,628.37,629.62,8864.41
2026-03-22T09:00:00,629.62,631.36,628.87,629.4,11637.99
2026-03-22T10:00:00,629.39,630.55,629.04,630.25,15169.81
2026-03-22T11:00:00,630.24,631.89,629.61,630.42,19744.13
2026-03-22T12:00:00,630.41,631.2,627.33,629.3,19333.66
2026-03-22T13:00:00,629.29,629.29,626.1,627.14,18466.18
2026-03-22T14:00:00,627.14,629.66,627.14,627.73,9773.27
2026-03-22T15:00:00,627.73,628.32,621.56,625.58,33761.17
2026-03-22T16:00:00,625.58,629.73,622.53,629.58,21606.08
2026-03-22T17:00:00,629.58,631.01,625.76,626.08,16253.57
2026-03-22T18:00:00,626.08,627.76,621.75,624.5,24833.0
2026-03-22T19:00:00,624.49,627.81,623.24,626.09,24060.03
2026-03-22T20:00:00,626.09,629.99,625.15,628.47,13497.18
2026-03-22T21:00:00,628.48,630.54,626.14,626.24,10604.85
2026-03-22T22:00:00,626.25,629.69,626.22,629.26,11703.23
2026-03-22T23:00:00,629.26,631.79,629.25,631.53,16627.34
2026-03-23T00:00:00,631.54,631.55,620.83,622.57,34270.76
2026-03-23T01:00:00,622.57,625.28,620.0,623.95,29303.26
2026-03-23T02:00:00,623.96,626.0,623.09,623.96,17290.16
2026-03-23T03:00:00,623.97,625.8,621.07,625.49,23772.57
2026-03-23T04:00:00,625.48,627.79,624.63,626.25,16677.23
2026-03-23T05:00:00,626.25,650.68,626.25,638.17,285076.64
2026-03-23T06:00:00,638.16,645.51,635.52,644.91,52143.89
2026-03-23T07:00:00,644.92,649.43,642.64,647.66,48565.94
2026-03-23T08:00:00,647.66,649.4,644.31,646.27,45881.73
2026-03-23T09:00:00,646.27,647.79,636.75,637.35,72432.99
2026-03-23T10:00:00,637.35,639.08,633.88,635.89,55037.93
2026-03-23T11:00:00,635.89,638.43,632.84,638.21,51751.97
2026-03-23T12:00:00,638.21,639.94,636.29,639.71,20510.48
2026-03-23T13:00:00,639.7,640.93,637.37,637.86,14653.2
2026-03-23T14:00:00,637.85,639.94,636.67,639.49,9698.73
2026-03-23T15:00:00,639.49,641.42,639.45,639.91,10960.7
2026-03-23T16:00:00,639.91,640.11,637.4,638.75,14114.98
2026-03-23T17:00:00,638.76,639.5,636.4,639.3,11043.65
2026-03-23T18:00:00,639.3,640.39,634.85,636.77,21022.91
2026-03-23T19:00:00,636.77,637.11,632.54,633.7,23295.9
2026-03-23T20:00:00,633.71,635.5,632.01,632.84,17659.36
2026-03-23T21:00:00,632.84,633.56,632.34,632.7,9773.23
2026-03-23T22:00:00,632.7,634.0,628.8,629.32,23466.9
2026-03-23T23:00:00,629.33,629.66,627.13,629.24,20334.21
2026-03-24T00:00:00,629.24,631.26,628.94,630.94,12286.76
2026-03-24T01:00:00,630.95,638.57,630.73,637.92,27024.45
2026-03-24T02:00:00,637.9,638.5,634.33,634.79,19111.77
2026-03-24T03:00:00,634.8,638.83,633.92,638.48,16456.38
2026-03-24T04:00:00,638.49,638.57,636.36,637.96,14126.06
2026-03-24T05:00:00,637.96,639.93,635.87,638.87,17978.19
2026-03-24T06:00:00,638.86,639.35,636.55,637.44,9775.97
2026-03-24T07:00:00,637.43,638.18,631.1,632.19,44551.68
2026-03-24T08:00:00,632.2,634.34,627.1,629.86,55110.33
2026-03-24T09:00:00,629.87,633.2,629.67,630.86,28308.18
2026-03-24T10:00:00,630.85,631.95,627.92,629.14,23397.18
2026-03-24T11:00:00,629.15,629.59,626.66,628.71,26582.6
2026-03-24T12:00:00,628.71,632.38,628.44,630.58,16852.19
2026-03-24T13:00:00,630.57,632.0,629.41,630.11,11463.1
2026-03-24T14:00:00,630.1,637.45,629.63,636.65,30151.56
2026-03-24T15:00:00,636.65,637.62,635.01,637.53,10601.16
2026-03-24T16:00:00,637.53,638.69,635.7,636.66,12772.3
2026-03-24T17:00:00,636.66,639.87,636.26,638.31,15885.19
2026-03-24T18:00:00,638.31,641.54,637.39,639.95,21432.9
2026-03-24T19:00:00,639.95,641.2,638.7,638.91,14691.6
2026-03-24T20:00:00,638.91,640.09,638.32,639.27,11047.81
2026-03-24T21:00:00,639.26,643.02,638.57,642.21,20023.15
2026-03-24T22:00:00,642.2,643.18,641.5,642.75,10515.81
2026-03-24T23:00:00,642.75,645.88,642.3,643.85,21192.71
2026-03-25T00:00:00,643.84,647.2,643.74,644.95,17875.2
2026-03-25T01:00:00,644.94,646.25,643.08,643.7,17803.61
2026-03-25T02:00:00,643.7,648.83,643.61,647.13,30467.68
2026-03-25T03:00:00,647.13,650.15,646.85,649.23,33570.81
2026-03-25T04:00:00,649.23,649.5,646.08,647.1,28355.64
2026-03-25T05:00:00,647.1,651.24,646.88,648.57,24584.23
2026-03-25T06:00:00,648.57,650.96,645.96,649.21,35156.24
2026-03-25T07:00:00,649.21,653.18,648.43,649.73,24531.09
2026-03-25T08:00:00,649.73,650.54,647.27,647.38,21984.51
2026-03-25T09:00:00,647.39,647.79,642.0,645.79,39327.7
2026-03-25T10:00:00,645.79,651.36,645.2,647.8,36340.97
2026-03-25T11:00:00,647.8,648.54,645.21,645.58,16017.16
2026-03-25T12:00:00,645.57,646.83,644.26,645.52,14495.22
2026-03-25T13:00:00,645.51,647.5,645.25,646.27,10358.46
2026-03-25T14:00:00,646.28,646.99,644.28,646.9,8893.64
2026-03-25T15:00:00,646.91,648.88,646.42,647.36,10743.85
2026-03-25T16:00:00,647.36,650.44,646.0,649.17,12275.31
2026-03-25T17:00:00,649.17,649.24,646.84,647.85,7584.57
2026-03-25T18:00:00,647.84,648.75,646.36,647.34,10070.95
2026-03-25T19:00:00,647.34,647.94,645.88,646.71,7082.41
2026-03-25T20:00:00,646.71,646.84,642.66,643.74,14150.09
2026-03-25T21:00:00,643.74,643.75,641.43,643.08,16154.49
2026-03-25T22:00:00,643.1,643.43,641.28,642.38,11088.39
2026-03-25T23:00:00,642.38,642.57,634.54,635.24,38234.85
2026-03-26T00:00:00,635.23,636.06,633.37,635.27,30958.41
2026-03-26T01:00:00,635.27,635.9,633.85,635.39,16845.52
2026-03-26T02:00:00,635.39,635.44,632.48,633.55,18415.45
2026-03-26T03:00:00,633.56,633.92,628.12,629.96,42714.52
2026-03-26T04:00:00,629.95,631.53,628.8,630.59,17632.59
2026-03-26T05:00:00,630.59,630.9,628.0,629.09,16293.51
2026-03-26T06:00:00,629.09,629.86,628.3,629.5,10564.48
2026-03-26T07:00:00,629.5,632.58,628.55,631.35,27404.44
2026-03-26T08:00:00,631.36,632.3,628.05,629.53,21491.89
2026-03-26T09:00:00,629.53,629.62,625.0,626.79,27661.77
2026-03-26T10:00:00,626.78,627.5,625.82,626.95,16376.45
2026-03-26T11:00:00,626.95,628.76,624.47,625.58,19069.3
2026-03-26T12:00:00,625.58,626.36,622.63,625.48,28600.65
2026-03-26T13:00:00,625.49,626.44,624.68,625.35,9636.11
2026-03-26T14:00:00,625.35,631.26,625.0,629.74,32221.85
2026-03-26T15:00:00,629.73,631.34,628.42,630.64,14765.78
2026-03-26T16:00:00,630.64,631.16,627.82,629.63,8494.62
2026-03-26T17:00:00,629.63,630.44,627.53,628.75,10499.82
2026-03-26T18:00:00,628.75,629.65,627.26,629.0,10777.31
2026-03-26T19:00:00,629.0,631.5,628.41,631.29,12055.03
2026-03-26T20:00:00,631.3,631.85,630.0,630.28,9043.62
2026-03-26T21:00:00,630.28,630.5,628.0,628.29,8611.24
2026-03-26T22:00:00,628.28,628.29,624.73,627.14,19663.6
2026-03-26T23:00:00,627.14,629.88,626.41,627.64,15524.08
2026-03-27T00:00:00,627.64,628.6,627.28,627.92,5256.77
2026-03-27T01:00:00,627.91,629.81,627.19,628.32,13124.3
2026-03-27T02:00:00,628.33,628.96,617.44,620.21,70004.91
2026-03-27T03:00:00,620.21,621.24,617.56,619.6,18767.44
2026-03-27T04:00:00,619.61,619.98,607.29,608.62,84574.24
2026-03-27T05:00:00,608.63,612.46,606.69,610.66,57080.77
2026-03-27T06:00:00,610.66,611.52,609.27,610.87,19343.45
2026-03-27T07:00:00,610.88,612.05,607.05,607.91,42167.68
2026-03-27T08:00:00,607.91,610.14,605.48,609.28,34314.53
2026-03-27T09:00:00,609.28,613.78,608.91,610.33,35281.56
2026-03-27T10:00:00,610.33,610.58,607.42,609.1,28275.45
2026-03-27T11:00:00,609.1,611.67,606.62,607.21,18461.59
2026-03-27T12:00:00,607.22,609.42,606.37,609.05,12627.05
2026-03-27T13:00:00,609.05,610.51,607.91,609.8,11333.7
2026-03-27T14:00:00,609.8,611.19,608.42,610.93,8892.89
2026-03-27T15:00:00,610.93,611.9,610.39,610.68,6234.55
2026-03-27T16:00:00,610.69,610.77,609.5,610.26,8560.76
2026-03-27T17:00:00,610.26,614.16,609.56,613.72,18803.6
2026-03-27T18:00:00,613.72,613.91,611.97,612.26,12515.3
2026-03-27T19:00:00,612.26,612.45,609.73,611.13,14475.6
2026-03-27T20:00:00,611.14,612.57,610.34,610.78,9697.36
2026-03-27T21:00:00,610.78,611.77,610.45,611.06,6633.65
2026-03-27T22:00:00,611.06,611.72,610.33,611.04,7353.98
2026-03-27T23:00:00,611.03,612.23,610.4,612.17,7232.07
2026-03-28T00:00:00,612.16,614.02,611.83,613.68,11982.09
2026-03-28T01:00:00,613.67,614.28,612.88,613.81,7509.23
2026-03-28T02:00:00,613.82,614.12,612.45,612.46,10205.94
2026-03-28T03:00:00,612.46,612.46,611.22,612.04,8325.16
2026-03-28T04:00:00,612.04,613.26,610.3,611.26,10229.11
2026-03-28T05:00:00,611.27,612.86,611.15,612.67,7020.39
2026-03-28T06:00:00,612.66,613.75,611.39,612.29,10111.21
2026-03-28T07:00:00,612.29,618.39,612.1,615.65,36598.41
2026-03-28T08:00:00,615.65,617.59,614.5,615.06,20192.05
2026-03-28T09:00:00,615.05,618.8,614.5,617.04,19499.09
2026-03-28T10:00:00,617.04,617.26,616.09,616.66,8989.99
2026-03-28T11:00:00,616.66,617.45,615.23,616.04,7804.57
2026-03-28T12:00:00,616.04,616.98,616.03,616.52,5457.87
2026-03-28T13:00:00,616.51,616.62,615.46,616.49,5567.52
2026-03-28T14:00:00,616.49,617.99,616.49,617.71,8947.5
2026-03-28T15:00:00,617.71,617.88,614.64,615.35,8215.25
2026-03-28T16:00:00,615.35,616.27,614.87,615.55,7698.42
2026-03-28T17:00:00,615.54,615.54,610.27,610.9,31217.5
2026-03-28T18:00:00,610.9,611.75,609.63,611.68,13486.5
2026-03-28T19:00:00,611.69,613.38,611.09,612.5,10318.55
2026-03-28T20:00:00,612.51,613.68,612.3,613.3,6682.98
2026-03-28T21:00:00,613.31,615.1,612.86,613.79,11028.6
2026-03-28T22:00:00,613.8,614.0,612.73,612.77,6398.21
2026-03-28T23:00:00,612.77,613.9,611.68,613.34,9293.52
2026-03-29T00:00:00,613.34,614.49,613.02,613.56,6517.65
2026-03-29T01:00:00,613.56,613.92,612.6,613.35,6191.54
2026-03-29T02:00:00,613.35,614.2,613.12,613.61,6492.26
2026-03-29T03:00:00,613.62,613.97,612.23,613.12,11807.61
2026-03-29T04:00:00,613.11,613.12,610.88,611.9,9231.1
2026-03-29T05:00:00,611.89,614.46,611.81,613.37,10781.17
2026-03-29T06:00:00,613.37,613.51,611.67,612.57,5944.24
2026-03-29T07:00:00,612.57,612.67,609.73,610.06,16718.43
2026-03-29T08:00:00,610.06,612.19,608.89,609.12,15949.87
2026-03-29T09:00:00,609.12,610.02,607.28,609.4,22062.47
2026-03-29T10:00:00,609.41,610.94,608.86,609.36,8807.56
2026-03-29T11:00:00,609.35,609.9,607.42,608.81,9388.23
2026-03-29T12:00:00,608.8,609.89,608.24,609.35,5910.64
2026-03-29T13:00:00,609.34,609.63,608.75,609.02,4376.34
2026-03-29T14:00:00,609.01,612.11,608.91,609.48,11321.27
2026-03-29T15:00:00,609.48,610.93,609.18,610.85,5610.38
2026-03-29T16:00:00,610.85,610.85,596.01,604.03,81031.09
2026-03-29T17:00:00,604.03,607.72,603.7,605.86,32254.8
2026-03-29T18:00:00,605.88,614.2,604.81,609.36,43216.25
2026-03-29T19:00:00,609.37,614.9,609.36,613.88,24756.93
2026-03-29T20:00:00,613.89,619.08,612.32,616.56,36818.08
2026-03-29T21:00:00,616.55,616.91,614.67,615.62,14502.17
2026-03-29T22:00:00,615.63,618.04,615.63,617.04,22321.45
2026-03-29T23:00:00,617.04,618.8,616.21,616.94,16315.32
2026-03-30T00:00:00,616.93,618.0,615.61,615.72,11281.49
2026-03-30T01:00:00,615.72,619.16,615.25,618.24,16541.73
2026-03-30T02:00:00,618.23,621.75,617.18,620.12,50417.71
2026-03-30T03:00:00,620.12,620.12,617.58,617.94,13890.58
2026-03-30T04:00:00,617.94,618.44,616.43,618.23,9022.8
2026-03-30T05:00:00,618.24,621.65,617.63,618.03,29010.93
2026-03-30T06:00:00,618.03,620.22,617.91,619.8,16000.04
2026-03-30T07:00:00,619.81,621.21,616.63,617.07,33151.16
2026-03-30T08:00:00,617.08,618.5,613.62,617.36,33071.83
2026-03-30T09:00:00,617.36,619.77,615.71,618.72,20025.38
2026-03-30T10:00:00,618.72,618.95,615.46,616.88,13281.81
2026-03-30T11:00:00,616.88,617.82,611.9,613.49,20876.05
2026-03-30T12:00:00,613.48,613.88,610.28,611.01,25163.19
2026-03-30T13:00:00,611.0,611.13,608.26,610.74,17849.79
2026-03-30T14:00:00,610.74,611.85,608.93,610.32,23104.55
2026-03-30T15:00:00,610.33,613.57,609.72,612.55,15697.42
2026-03-30T16:00:00,612.56,613.9,610.74,611.24,11378.73
2026-03-30T17:00:00,611.25,611.25,607.22,609.42,21648.09
2026-03-30T18:00:00,609.42,612.58,608.34,611.5,23620.3
2026-03-30T19:00:00,611.5,619.9,610.58,616.68,46075.99
2026-03-30T20:00:00,616.68,617.74,615.04,615.05,14419.68
2026-03-30T21:00:00,615.04,615.3,612.63,613.69,13875.45
2026-03-30T22:00:00,613.69,614.67,611.73,612.51,13982.42
2026-03-30T23:00:00,612.51,613.97,611.24,613.43,12275.99
2026-03-31T00:00:00,613.42,613.59,611.01,612.31,11873.07
2026-03-31T01:00:00,612.31,612.63,609.31,611.14,17632.43
2026-03-31T02:00:00,611.14,611.32,606.48,607.4,30160.09
2026-03-31T03:00:00,607.41,608.46,598.6,600.44,67466.53
2026-03-31T04:00:00,600.44,603.33,599.75,602.7,26364.5
2026-03-31T05:00:00,602.7,606.43,602.22,605.14,30412.24
2026-03-31T06:00:00,605.15,607.71,604.11,606.02,21801.38
2026-03-31T07:00:00,606.02,613.94,606.01,612.27,49079.63
2026-03-31T08:00:00,612.28,616.04,606.58,608.36,73076.26
2026-03-31T09:00:00,608.35,611.8,607.7,608.02,32440.94
2026-03-31T10:00:00,608.02,616.69,607.94,614.6,50929.39
2026-03-31T11:00:00,614.59,620.0,613.88,614.22,56968.52
2026-03-31T12:00:00,614.21,617.37,614.21,616.29,14805.7
2026-03-31T13:00:00,616.28,617.4,615.31,616.03,11691.16
2026-03-31T14:00:00,616.03,620.03,615.94,619.42,23632.35
2026-03-31T15:00:00,619.41,619.68,617.22,618.27,11645.32
2026-03-31T16:00:00,618.28,618.79,615.28,617.21,17193.88
2026-03-31T17:00:00,617.22,618.33,616.51,617.64,11947.63
2026-03-31T18:00:00,617.64,620.2,616.13,619.49,18595.76
2026-03-31T19:00:00,619.5,619.86,615.62,615.8,16619.06
2026-03-31T20:00:00,615.79,616.83,614.07,615.02,12903.56
2026-03-31T21:00:00,615.01,617.72,615.01,617.14,16925.06
2026-03-31T22:00:00,617.15,617.56,615.82,616.29,12420.1
2026-03-31T23:00:00,616.28,620.52,615.3,617.73,40816.59
2026-04-01T00:00:00,617.72,622.66,617.7,619.73,46015.88
2026-04-01T01:00:00,619.73,621.6,616.62,616.71,21980.95
2026-04-01T02:00:00,616.7,618.04,615.23,615.81,19371.05
2026-04-01T03:00:00,615.8,616.45,614.36,615.98,16537.91
2026-04-01T04:00:00,615.97,617.0,614.14,615.15,18456.03
2026-04-01T05:00:00,615.14,616.24,614.51,615.76,12288.72
2026-04-01T06:00:00,615.76,618.48,613.64,615.09,27672.06
2026-04-01T07:00:00,615.09,616.98,610.21,611.35,34091.06
2026-04-01T08:00:00,611.36,615.18,611.09,614.22,22133.31
2026-04-01T09:00:00,614.23,615.6,612.5,615.25,16467.03
2026-04-01T10:00:00,615.26,617.81,611.82,616.8,40716.86
2026-04-01T11:00:00,616.8,619.98,614.22,614.49,27021.97
2026-04-01T12:00:00,614.49,615.29,612.66,613.5,11642.43
2026-04-01T13:00:00,613.5,615.07,613.03,614.23,8544.88
2026-04-01T14:00:00,614.22,614.43,611.16,613.85,14110.3
2026-04-01T15:00:00,613.84,616.4,613.75,614.79,9783.09
2026-04-01T16:00:00,614.78,614.92,609.62,611.21,32425.38
2026-04-01T17:00:00,611.21,611.91,610.2,611.18,7928.26
2026-04-01T18:00:00,611.18,613.98,610.32,613.94,15341.2
2026-04-01T19:00:00,613.94,613.94,602.78,604.52,72021.5
2026-04-01T20:00:00,604.51,604.55,596.53,597.44,55138.35
2026-04-01T21:00:00,597.45,598.36,591.99,592.3,48000.79
2026-04-01T22:00:00,592.3,592.88,587.56,588.23,49806.61
2026-04-01T23:00:00,588.22,591.62,588.2,590.99,32710.17
2026-04-02T00:00:00,590.98,592.0,588.67,590.29,28466.73
2026-04-02T01:00:00,590.3,592.66,589.52,592.06,21584.27
2026-04-02T02:00:00,592.07,592.07,587.79,588.17,24694.13
2026-04-02T03:00:00,588.16,588.46,585.32,585.88,36575.21
2026-04-02T04:00:00,585.88,586.49,581.29,581.67,49923.5
2026-04-02T05:00:00,581.68,582.1,577.4,581.44,56685.52
2026-04-02T06:00:00,581.44,581.67,575.21,575.89,60572.18
2026-04-02T07:00:00,575.9,576.46,570.71,573.61,78406.49
2026-04-02T08:00:00,573.61,579.62,571.86,576.42,86127.51
2026-04-02T09:00:00,576.42,577.11,571.74,574.35,49958.17
2026-04-02T10:00:00,574.35,581.37,574.01,580.06,56907.82
2026-04-02T11:00:00,580.05,583.23,578.42,578.68,53579.41
2026-04-02T12:00:00,578.68,582.89,578.52,582.15,15924.32
2026-04-02T13:00:00,582.15,583.98,580.51,583.67,16791.08
2026-04-02T14:00:00,583.67,585.25,582.86,583.88,22429.31
2026-04-02T15:00:00,583.89,584.86,582.26,584.55,15471.7
2026-04-02T16:00:00,584.56,585.12,581.54,583.54,19198.14
2026-04-02T17:00:00,583.54,584.39,582.57,583.8,11348.62
2026-04-02T18:00:00,583.81,585.89,583.06,584.3,19169.59
2026-04-02T19:00:00,584.29,587.43,583.86,584.7,19806.22
2026-04-02T20:00:00,584.69,586.3,582.07,585.01,24760.94
2026-04-02T21:00:00,585.01,586.66,584.65,586.11,16356.34
2026-04-02T22:00:00,586.12,587.36,585.22,586.9,12684.86
2026-04-02T23:00:00,586.91,588.44,585.08,587.03,15743.83
2026-04-03T00:00:00,587.03,587.93,585.57,586.37,19105.12
2026-04-03T01:00:00,586.37,589.27,586.14,586.64,15809.76
2026-04-03T02:00:00,586.64,588.52,584.07,585.95,23349.05
2026-04-03T03:00:00,585.95,586.22,583.24,585.42,18747.39
2026-04-03T04:00:00,585.42,586.08,583.73,585.97,11319.08
2026-04-03T05:00:00,585.97,587.69,585.69,587.42,24403.11
2026-04-03T06:00:00,587.42,590.47,584.68,585.52,30305.33
2026-04-03T07:00:00,585.52,586.89,584.1,586.61,24101.18
2026-04-03T08:00:00,586.6,588.5,585.84,587.91,15347.52
2026-04-03T09:00:00,587.91,589.08,586.49,587.16,18270.44
2026-04-03T10:00:00,587.17,589.09,587.06,588.94,12573.62
2026-04-03T11:00:00,588.94,589.42,587.27,588.55,9526.13
2026-04-03T12:00:00,588.54,589.21,587.75,588.13,7156.84
2026-04-03T13:00:00,588.14,588.95,586.69,588.74,7244.18
2026-04-03T14:00:00,588.74,589.41,588.18,588.56,9178.7
2026-04-03T15:00:00,588.56,589.2,587.59,588.87,10773.74
2026-04-03T16:00:00,588.86,589.03,587.05,587.37,6099.19
2026-04-03T17:00:00,587.37,588.84,587.14,588.4,6708.57
2026-04-03T18:00:00,588.4,588.78,587.33,587.79,8847.62
2026-04-03T19:00:00,587.79,588.42,587.31,587.74,7130.08
2026-04-03T20:00:00,587.73,588.81,587.57,588.35,6322.59
2026-04-03T21:00:00,588.35,589.38,588.35,589.25,6684.34
2026-04-03T22:00:00,589.25,589.47,588.59,588.82,5049.84
2026-04-03T23:00:00,588.82,589.79,588.37,589.79,6556.19
2026-04-04T00:00:00,589.79,592.39,589.74,591.7,22186.01
2026-04-04T01:00:00,591.7,591.7,589.45,590.27,11134.97
2026-04-04T02:00:00,590.27,591.88,589.42,589.64,11758.78
2026-04-04T03:00:00,589.63,590.52,589.27,590.27,6775.03
2026-04-04T04:00:00,590.28,590.67,589.22,590.36,13307.25
2026-04-04T05:00:00,590.37,590.56,589.22,589.65,9359.55
2026-04-04T06:00:00,589.65,589.91,589.14,589.9,9464.49
2026-04-04T07:00:00,589.9,591.23,589.82,590.34,10408.13
2026-04-04T08:00:00,590.33,590.73,588.1,590.41,18040.62
2026-04-04T09:00:00,590.41,592.17,590.01,591.37,18533.23
2026-04-04T10:00:00,591.37,593.62,590.68,591.6,19882.28
2026-04-04T11:00:00,591.59,593.1,590.95,592.86,10500.29
2026-04-04T12:00:00,592.85,593.77,592.67,593.58,8630.12
2026-04-04T13:00:00,593.59,596.89,593.28,593.68,25207.29
2026-04-04T14:00:00,593.67,593.98,592.87,593.79,7303.24
2026-04-04T15:00:00,593.79,595.41,593.37,594.63,8363.37
2026-04-04T16:00:00,594.64,595.13,594.08,594.48,5080.15
2026-04-04T17:00:00,594.48,594.57,592.88,593.62,7829.99
2026-04-04T18:00:00,593.62,594.27,592.35,592.64,11820.46
2026-04-04T19:00:00,592.63,593.88,591.73,592.22,12357.4
2026-04-04T20:00:00,592.21,593.47,591.46,593.47,9912.73
2026-04-04T21:00:00,593.46,593.98,592.94,593.75,6467.28
2026-04-04T22:00:00,593.75,593.79,593.07,593.37,6745.17
2026-04-04T23:00:00,593.38,594.29,592.23,592.55,11261.32
2026-04-05T00:00:00,592.55,592.67,587.83,590.69,44256.26
2026-04-05T01:00:00,590.68,591.63,589.8,590.61,11558.87
2026-04-05T02:00:00,590.61,593.37,590.28,592.66,15074.77
2026-04-05T03:00:00,592.67,594.09,592.66,593.62,11501.32
2026-04-05T04:00:00,593.62,595.54,593.11,594.05,16584.93
2026-04-05T05:00:00,594.04,594.66,593.21,594.24,10030.29
2026-04-05T06:00:00,594.24,594.24,589.25,589.7,22388.97
2026-04-05T07:00:00,589.71,589.85,587.27,589.21,24893.79
2026-04-05T08:00:00,589.21,591.11,588.94,589.7,15407.34
2026-04-05T09:00:00,589.69,596.69,588.72,593.38,43023.89
2026-04-05T10:00:00,593.38,593.93,592.51,593.18,11060.84
2026-04-05T11:00:00,593.17,593.75,592.17,593.25,9721.36
2026-04-05T12:00:00,593.24,593.93,592.2,592.48,8394.46
2026-04-05T13:00:00,592.48,593.92,591.8,592.65,9036.88
2026-04-05T14:00:00,592.64,593.77,591.71,593.66,11947.11
2026-04-05T15:00:00,593.66,593.68,590.7,591.44,9075.76
2026-04-05T16:00:00,591.44,597.91,590.88,597.26,37735.19
2026-04-05T17:00:00,597.26,604.29,596.93,601.81,66425.96
2026-04-05T18:00:00,601.82,608.14,601.82,603.86,60193.8
2026-04-05T19:00:00,603.85,604.15,600.76,601.09,22468.78
2026-04-05T20:00:00,601.09,605.55,600.93,603.35,19773.44
2026-04-05T21:00:00,603.35,603.48,600.39,600.9,19311.64
2026-04-05T22:00:00,600.91,601.8,598.86,600.23,18566.64
2026-04-05T23:00:00,600.24,602.56,600.16,602.23,10571.56
2026-04-06T00:00:00,602.23,604.5,600.21,601.68,30727.11
2026-04-06T01:00:00,601.69,604.69,600.44,604.04,32732.52
2026-04-06T02:00:00,604.04,605.61,604.03,604.54,14392.95
2026-04-06T03:00:00,604.55,610.8,604.35,607.36,37575.22
2026-04-06T04:00:00,607.37,608.34,606.0,606.95,22120.81
2026-04-06T05:00:00,606.96,607.05,605.42,605.81,10164.33
2026-04-06T06:00:00,605.82,606.03,604.54,604.74,11678.11
2026-04-06T07:00:00,604.74,607.28,604.54,605.93,17519.78
2026-04-06T08:00:00,605.92,608.67,605.17,607.37,27675.49
2026-04-06T09:00:00,607.38,609.13,607.01,608.8,14280.28
2026-04-06T10:00:00,608.8,609.37,606.0,606.04,15136.01
2026-04-06T11:00:00,606.04,606.08,603.27,604.76,21929.88
2026-04-06T12:00:00,604.77,607.65,603.85,607.31,9982.6
2026-04-06T13:00:00,607.32,607.39,605.37,607.13,13907.63
2026-04-06T14:00:00,607.14,608.39,606.71,606.9,7015.45
2026-04-06T15:00:00,606.9,606.94,605.14,605.73,6684.19
2026-04-06T16:00:00,605.73,606.3,600.25,600.27,19361.41
2026-04-06T17:00:00,600.26,601.16,596.33,600.45,46130.64
2026-04-06T18:00:00,600.45,601.69,598.68,599.39,20529.45
2026-04-06T19:00:00,599.39,601.16,597.29,597.47,17566.26
2026-04-06T20:00:00,597.46,599.72,596.69,598.7,14714.77
2026-04-06T21:00:00,598.69,599.67,598.15,599.27,5956.71
2026-04-06T22:00:00,599.28,602.11,598.38,600.35,12075.36
2026-04-06T23:00:00,600.36,600.43,597.3,597.91,9417.76
2026-04-07T00:00:00,597.91,599.31,596.93,599.0,11570.6
2026-04-07T01:00:00,599.0,599.6,597.62,599.38,8255.54
2026-04-07T02:00:00,599.37,603.15,599.3,602.46,19188.25
2026-04-07T03:00:00,602.46,606.69,602.4,605.33,36636.2
2026-04-07T04:00:00,605.33,605.7,597.32,597.91,57432.45
2026-04-07T05:00:00,597.91,598.45,596.53,597.23,23380.86
2026-04-07T06:00:00,597.24,600.0,592.22,598.58,57100.69
2026-04-07T07:00:00,598.58,600.27,596.55,596.74,21481.32
2026-04-07T08:00:00,596.74,597.22,593.58,594.71,28545.86
2026-04-07T09:00:00,594.71,599.51,594.27,598.74,19191.44
2026-04-07T10:00:00,598.74,603.08,598.72,601.56,25357.52
2026-04-07T11:00:00,601.57,607.55,601.33,604.89,25389.21
2026-04-07T12:00:00,604.89,605.16,602.9,603.7,12089.88
2026-04-07T13:00:00,603.69,609.34,603.49,608.77,29157.13
2026-04-07T14:00:00,608.78,610.4,607.59,608.22,23094.01
2026-04-07T15:00:00,608.23,613.99,608.22,612.24,36930.99
2026-04-07T16:00:00,612.24,620.0,612.24,619.95,83511.11
2026-04-07T17:00:00,619.96,625.38,617.47,620.61,77420.08
2026-04-07T18:00:00,620.61,622.0,615.56,618.08,45775.19
2026-04-07T19:00:00,618.08,619.46,616.07,616.47,19350.99
2026-04-07T20:00:00,616.48,617.88,615.23,615.83,18280.57
2026-04-07T21:00:00,615.83,616.28,613.24,613.77,17938.45
2026-04-07T22:00:00,613.77,616.41,613.59,615.53,23724.52
2026-04-07T23:00:00,615.53,617.19,615.53,616.35,14418.58
2026-04-08T00:00:00,616.35,617.78,614.28,614.4,21052.34
2026-04-08T01:00:00,614.39,615.36,612.43,613.72,17279.09
2026-04-08T02:00:00,613.71,614.34,611.68,613.16,19361.17
2026-04-08T03:00:00,613.16,614.89,611.73,612.21,17782.02
2026-04-08T04:00:00,612.2,613.35,611.44,612.35,12824.81
2026-04-08T05:00:00,612.34,613.41,611.21,613.19,13413.02
2026-04-08T06:00:00,613.19,614.93,611.92,613.88,28856.15
2026-04-08T07:00:00,613.88,616.26,606.68,607.66,75958.71
2026-04-08T08:00:00,607.66,608.63,601.46,602.93,54428.38
2026-04-08T09:00:00,602.94,606.14,602.04,605.63,23109.4
2026-04-08T10:00:00,605.64,607.54,605.19,605.6,19544.34
2026-04-08T11:00:00,605.61,608.09,605.01,607.29,12848.3
2026-04-08T12:00:00,607.3,607.44,603.12,603.43,15064.98
2026-04-08T13:00:00,603.43,604.98,603.12,604.63,9018.55
2026-04-08T14:00:00,604.63,605.34,603.92,605.15,7615.46
2026-04-08T15:00:00,605.16,607.76,605.16,606.81,9310.09
2026-04-08T16:00:00,606.81,607.23,604.41,604.66,16984.9
2026-04-08T17:00:00,604.66,604.74,600.02,601.41,25540.42
2026-04-08T18:00:00,601.45,601.86,598.81,599.87,26857.12
2026-04-08T19:00:00,599.88,601.94,597.14,601.89,27397.28
2026-04-08T20:00:00,601.89,603.37,601.41,602.15,21966.74
2026-04-08T21:00:00,602.16,602.16,600.22,600.47,9083.89
2026-04-08T22:00:00,600.47,600.67,599.2,599.33,10075.95
2026-04-08T23:00:00,599.32,601.54,599.0,600.56,11859.21
2026-04-09T00:00:00,600.56,601.07,599.0,600.82,8062.2
2026-04-09T01:00:00,600.82,601.33,600.1,600.34,9944.28
2026-04-09T02:00:00,600.35,602.34,599.59,601.21,14511.71
2026-04-09T03:00:00,601.2,603.44,600.23,603.08,17661.03
2026-04-09T04:00:00,603.09,603.46,601.46,602.89,14236.93
2026-04-09T05:00:00,602.9,603.49,601.62,602.84,13513.15
2026-04-09T06:00:00,602.84,604.04,601.74,603.59,11648.74
2026-04-09T07:00:00,603.6,603.95,600.39,601.1,19955.65
2026-04-09T08:00:00,601.09,601.82,598.6,601.24,25661.58
2026-04-09T09:00:00,601.24,607.8,600.07,606.49,52426.89
2026-04-09T10:00:00,606.49,607.77,603.97,606.29,25297.64
2026-04-09T11:00:00,606.29,609.19,605.8,608.73,26482.65
2026-04-09T12:00:00,608.74,608.99,605.66,607.06,23218.21
2026-04-09T13:00:00,607.06,609.83,606.64,609.0,18464.83
2026-04-09T14:00:00,609.01,610.0,608.09,608.8,9460.8
2026-04-09T15:00:00,608.81,610.64,607.09,607.37,16675.83
2026-04-09T16:00:00,607.37,612.65,606.1,606.1,27441.3
2026-04-09T17:00:00,606.1,606.5,602.33,603.39,23575.63
2026-04-09T18:00:00,603.39,603.98,601.41,603.73,14364.1
2026-04-09T19:00:00,603.74,605.77,601.31,603.37,16981.97
2026-04-09T20:00:00,603.37,604.0,601.39,602.01,10856.0
2026-04-09T21:00:00,602.01,602.06,600.1,601.51,14088.04
2026-04-09T22:00:00,601.51,602.95,601.2,601.45,10823.88
2026-04-09T23:00:00,601.44,603.0,600.95,602.11,8897.72
2026-04-10T00:00:00,602.1,602.4,599.73,600.78,15332.99
2026-04-10T01:00:00,600.78,601.62,599.35,599.61,10629.24
2026-04-10T02:00:00,599.62,601.19,597.78,600.74,18084.46
2026-04-10T03:00:00,600.75,602.41,600.53,602.02,11874.53
2026-04-10T04:00:00,602.02,602.12,600.11,600.93,8300.13
2026-04-10T05:00:00,600.93,603.7,600.73,602.77,18229.77
2026-04-10T06:00:00,602.77,604.99,601.82,603.08,20741.53
2026-04-10T07:00:00,603.07,603.63,601.37,602.63,13543.11
2026-04-10T08:00:00,602.62,607.79,602.33,607.35,33827.13
2026-04-10T09:00:00,607.35,609.2,603.2,603.82,40217.98
2026-04-10T10:00:00,603.83,606.52,603.75,606.27,16141.72
2026-04-10T11:00:00,606.27,607.83,605.8,607.7,9831.48
2026-04-10T12:00:00,607.7,609.77,606.95,609.52,11240.35
2026-04-10T13:00:00,609.51,610.42,608.74,609.98,14732.72
2026-04-10T14:00:00,609.98,610.75,608.37,610.34,13070.25
2026-04-10T15:00:00,610.33,610.54,606.67,607.98,14222.25
2026-04-10T16:00:00,607.99,608.45,606.24,607.07,10006.37
2026-04-10T17:00:00,607.07,607.09,605.7,605.95,6199.11
2026-04-10T18:00:00,605.95,606.17,604.68,605.03,10580.01
2026-04-10T19:00:00,605.02,605.76,603.72,605.46,10307.01
2026-04-10T20:00:00,605.46,606.89,604.78,606.13,10449.03
2026-04-10T21:00:00,606.13,608.17,606.12,607.15,18751.42
2026-04-10T22:00:00,607.14,607.95,605.87,606.24,8586.58
2026-04-10T23:00:00,606.25,607.24,605.15,605.97,9054.34
2026-04-11T00:00:00,605.97,606.43,604.68,606.16,8580.9
2026-04-11T01:00:00,606.17,607.0,605.77,606.37,7610.19
2026-04-11T02:00:00,606.38,607.56,605.44,606.17,12893.56
2026-04-11T03:00:00,606.18,607.63,605.96,607.09,10405.38
2026-04-11T04:00:00,607.1,607.2,605.55,605.84,6062.03
2026-04-11T05:00:00,605.84,606.11,604.74,605.76,12041.44
2026-04-11T06:00:00,605.76,607.28,605.44,606.82,6107.39
2026-04-11T07:00:00,606.83,606.83,604.1,605.06,14448.38
2026-04-11T08:00:00,605.07,605.94,604.62,605.0,7743.59
2026-04-11T09:00:00,605.01,607.0,604.58,606.0,9326.09
2026-04-11T10:00:00,606.01,609.15,605.96,607.86,15070.03
2026-04-11T11:00:00,607.85,608.81,606.8,608.27,10353.97
2026-04-11T12:00:00,608.26,612.23,607.66,611.43,26965.68
2026-04-11T13:00:00,611.43,614.57,611.43,613.36,32547.52
2026-04-11T14:00:00,613.36,613.44,609.6,610.66,18278.54
2026-04-11T15:00:00,610.65,611.69,610.3,610.45,7613.45
2026-04-11T16:00:00,610.45,612.58,610.29,611.31,12034.83
2026-04-11T17:00:00,611.31,611.31,606.19,607.52,18931.52
2026-04-11T18:00:00,607.52,607.69,606.31,607.27,12506.04
2026-04-11T19:00:00,607.28,607.89,590.23,593.81,95097.91
2026-04-11T20:00:00,593.81,598.2,592.27,597.56,35544.22
2026-04-11T21:00:00,597.56,598.12,595.27,595.76,17083.3
2026-04-11T22:00:00,595.76,595.97,594.58,594.9,14351.92
2026-04-11T23:00:00,594.91,596.2,594.28,595.86,12197.1
2026-04-12T00:00:00,595.86,596.11,594.4,594.85,10050.35
2026-04-12T01:00:00,594.86,594.86,593.09,594.31,11594.9
2026-04-12T02:00:00,594.31,594.9,593.48,593.71,11415.18
2026-04-12T03:00:00,593.72,594.49,593.16,593.5,6847.75
2026-04-12T04:00:00,593.51,595.73,593.0,593.76,16794.45
2026-04-12T05:00:00,593.77,595.68,593.6,595.49,8633.29
2026-04-12T06:00:00,595.49,596.0,592.81,593.11,18598.24
2026-04-12T07:00:00,593.1,593.21,590.93,591.35,24765.66
2026-04-12T08:00:00,591.36,592.74,589.17,589.95,24926.1
2026-04-12T09:00:00,589.96,592.27,589.95,591.81,10743.92
2026-04-12T10:00:00,591.8,592.66,591.08,592.06,9151.05
2026-04-12T11:00:00,592.06,593.6,591.63,592.91,10844.36
2026-04-12T12:00:00,592.91,593.2,591.57,592.68,9626.41
2026-04-12T13:00:00,592.68,593.32,592.44,592.57,6831.79
2026-04-12T14:00:00,592.57,597.28,592.0,595.96,26743.44
2026-04-12T15:00:00,595.96,597.14,594.54,595.75,10343.54
2026-04-12T16:00:00,595.74,595.74,591.25,594.16,28109.29
2026-04-12T17:00:00,594.15,594.15,591.18,592.42,16403.52
2026-04-12T18:00:00,592.41,596.66,591.75,596.33,16173.25
2026-04-12T19:00:00,596.33,597.0,595.16,596.72,11160.97
2026-04-12T20:00:00,596.73,598.28,595.86,596.65,16550.55
2026-04-12T21:00:00,596.66,596.95,594.81,594.99,10259.81
2026-04-12T22:00:00,595.0,597.3,594.88,595.74,7893.98
2026-04-12T23:00:00,595.75,598.22,595.54,598.22,13718.15
2026-04-13T00:00:00,598.22,600.15,598.1,598.61,21410.81
2026-04-13T01:00:00,598.61,598.86,596.35,597.58,19636.33
2026-04-13T02:00:00,597.57,597.7,595.42,596.87,17374.89
2026-04-13T03:00:00,596.86,598.29,596.86,597.59,10536.71
2026-04-13T04:00:00,597.59,598.38,597.0,597.72,9325.05
2026-04-13T05:00:00,597.73,598.99,597.33,597.34,11045.93
2026-04-13T06:00:00,597.34,599.49,596.64,598.86,27541.8
2026-04-13T07:00:00,598.86,600.14,595.78,599.96,30418.49
2026-04-13T08:00:00,599.95,603.77,598.1,603.75,44889.25
2026-04-13T09:00:00,603.74,605.41,600.42,603.8,37366.72
2026-04-13T10:00:00,603.8,608.42,602.48,606.61,47600.41
2026-04-13T11:00:00,606.61,608.35,605.04,605.2,23386.23
2026-04-13T12:00:00,605.21,605.75,603.53,605.2,16612.86
2026-04-13T13:00:00,605.2,609.63,604.27,608.96,33424.42
2026-04-13T14:00:00,608.96,609.41,607.55,607.82,16177.89
2026-04-13T15:00:00,607.83,609.79,607.63,608.46,8162.79
2026-04-13T16:00:00,608.46,617.08,608.35,615.99,73606.04
2026-04-13T17:00:00,616.0,618.4,614.86,615.19,47366.34
2026-04-13T18:00:00,615.19,616.35,612.3,612.63,29733.62
2026-04-13T19:00:00,612.62,614.58,610.81,614.15,24454.23
2026-04-13T20:00:00,614.16,615.77,613.27,615.54,18188.12
2026-04-13T21:00:00,615.55,616.5,614.88,616.44,15445.75
2026-04-13T22:00:00,616.45,616.5,614.83,615.04,11454.43
2026-04-13T23:00:00,615.03,615.1,612.17,613.3,19091.73
2026-04-14T00:00:00,613.3,615.62,613.24,615.28,11779.16
2026-04-14T01:00:00,615.28,616.03,613.75,613.98,14371.22
2026-04-14T02:00:00,613.99,618.88,613.81,617.94,32153.9
2026-04-14T03:00:00,617.95,619.63,617.68,618.25,23023.78
2026-04-14T04:00:00,618.26,619.8,617.6,618.24,12833.43
2026-04-14T05:00:00,618.24,618.24,615.81,616.85,20107.46
2026-04-14T06:00:00,616.84,616.96,615.51,615.95,14787.53
2026-04-14T07:00:00,615.95,622.97,615.82,622.54,40272.4
2026-04-14T08:00:00,622.55,623.27,618.69,619.55,73618.11
2026-04-14T09:00:00,619.55,625.74,618.79,623.9,57429.17
2026-04-14T10:00:00,623.9,625.67,618.35,619.34,33801.68
2026-04-14T11:00:00,619.34,620.78,616.17,617.52,39710.55
2026-04-14T12:00:00,617.52,618.84,613.46,614.35,36212.1
2026-04-14T13:00:00,614.34,615.69,612.13,614.37,20518.72
2026-04-14T14:00:00,614.38,615.38,613.48,614.13,7709.78
2026-04-14T15:00:00,614.12,616.59,614.12,616.2,7520.18
2026-04-14T16:00:00,616.21,617.58,614.3,614.5,17907.59
2026-04-14T17:00:00,614.5,615.05,613.71,614.16,12973.77
2026-04-14T18:00:00,614.17,617.57,614.16,617.13,20637.77
2026-04-14T19:00:00,617.14,620.36,616.28,619.79,24699.38
2026-04-14T20:00:00,619.79,620.15,615.75,616.46,17675.61
2026-04-14T21:00:00,616.45,616.89,615.41,616.5,8263.02
2026-04-14T22:00:00,616.5,617.58,614.5,615.66,11929.92
2026-04-14T23:00:00,615.66,616.67,613.38,613.73,18846.88
2026-04-15T00:00:00,613.73,615.48,613.18,614.53,12506.88
2026-04-15T01:00:00,614.53,614.9,611.02,611.92,27081.16
2026-04-15T02:00:00,611.93,615.26,610.84,614.78,18949.21
2026-04-15T03:00:00,614.78,616.22,614.02,615.84,11463.99
2026-04-15T04:00:00,615.84,619.0,615.77,617.42,26617.35
2026-04-15T05:00:00,617.41,621.21,617.41,620.15,25281.12
2026-04-15T06:00:00,620.16,620.16,617.93,618.5,20224.24
2026-04-15T07:00:00,618.51,619.68,616.83,619.35,16985.62
2026-04-15T08:00:00,619.35,620.84,617.26,618.85,18621.83
2026-04-15T09:00:00,618.85,620.15,616.26,619.45,18344.92
2026-04-15T10:00:00,619.44,621.87,618.95,621.1,19766.97
2026-04-15T11:00:00,621.1,622.26,620.34,621.79,14377.74
2026-04-15T12:00:00,621.79,623.34,621.31,622.75,13775.54
2026-04-15T13:00:00,622.76,628.19,622.61,625.85,37399.73
2026-04-15T14:00:00,625.84,625.97,622.46,623.89,17288.17
2026-04-15T15:00:00,623.9,624.38,622.6,623.78,8793.31
2026-04-15T16:00:00,623.77,627.33,623.23,624.71,21389.04
2026-04-15T17:00:00,624.71,624.71,621.82,623.08,14338.82
2026-04-15T18:00:00,623.08,623.69,621.02,623.65,14334.54
2026-04-15T19:00:00,623.65,623.66,621.25,622.81,9728.78
2026-04-15T20:00:00,622.8,626.68,622.51,624.58,16847.04
2026-04-15T21:00:00,624.58,626.05,624.39,624.61,10781.61
2026-04-15T22:00:00,624.6,625.5,622.58,623.67,14945.45
2026-04-15T23:00:00,623.67,625.67,622.9,625.4,13210.52
2026-04-16T00:00:00,625.4,626.44,624.41,625.16,8979.86
2026-04-16T01:00:00,625.15,625.73,622.14,622.98,20512.48
2026-04-16T02:00:00,622.98,623.54,621.24,622.81,16315.09
2026-04-16T03:00:00,622.81,624.17,622.08,623.09,16922.72
2026-04-16T04:00:00,623.1,623.74,619.41,620.12,32613.19
2026-04-16T05:00:00,620.11,621.35,619.09,621.23,15747.49
2026-04-16T06:00:00,621.23,622.38,620.88,621.81,16370.03
2026-04-16T07:00:00,621.82,624.43,615.09,618.05,52163.09
2026-04-16T08:00:00,618.04,620.96,615.66,619.63,37179.04
2026-04-16T09:00:00,619.62,626.83,618.91,625.13,40692.96
2026-04-16T10:00:00,625.14,628.4,624.28,625.88,39612.95
2026-04-16T11:00:00,625.88,628.06,623.86,627.72,27898.93
2026-04-16T12:00:00,627.73,638.02,626.78,636.3,84059.6
2026-04-16T13:00:00,636.31,637.54,634.33,636.92,39530.37
2026-04-16T14:00:00,636.93,637.89,633.56,635.09,20420.28
2026-04-16T15:00:00,635.08,635.63,632.19,633.03,17922.62
2026-04-16T16:00:00,633.02,634.74,632.27,633.68,10733.38
2026-04-16T17:00:00,633.69,637.03,633.33,636.15,14863.49
2026-04-16T18:00:00,636.15,636.94,633.18,633.91,16851.47
2026-04-16T19:00:00,633.91,634.74,629.86,631.59,21454.36
2026-04-16T20:00:00,631.59,632.16,628.61,630.08,22040.5
2026-04-16T21:00:00,630.09,631.59,629.4,629.64,12366.94
2026-04-16T22:00:00,629.65,630.56,629.17,629.93,14720.05
2026-04-16T23:00:00,629.94,630.1,627.39,628.24,16576.14
2026-04-17T00:00:00,628.25,629.43,627.89,628.57,11351.59
2026-04-17T01:00:00,628.58,630.0,627.02,627.65,17366.38
2026-04-17T02:00:00,627.65,631.61,627.18,631.34,29305.69
2026-04-17T03:00:00,631.34,635.36,629.86,632.99,35464.62
2026-04-17T04:00:00,632.99,633.65,629.1,630.83,19374.76
2026-04-17T05:00:00,630.84,634.35,630.53,632.79,13384.35
2026-04-17T06:00:00,632.79,636.93,632.0,636.2,26066.2
2026-04-17T07:00:00,636.2,643.81,635.74,643.42,91458.59
2026-04-17T08:00:00,643.42,646.0,641.12,644.21,47694.49
2026-04-17T09:00:00,644.21,644.21,641.4,643.69,24612.3
2026-04-17T10:00:00,643.7,645.98,643.49,645.92,19890.74
2026-04-17T11:00:00,645.91,645.96,640.42,642.22,24227.21
2026-04-17T12:00:00,642.22,642.54,639.03,640.16,19916.14
2026-04-17T13:00:00,640.16,642.43,639.19,641.83,10405.05
2026-04-17T14:00:00,641.84,642.64,639.63,641.26,10287.26
2026-04-17T15:00:00,641.26,642.86,641.2,642.65,7720.7
2026-04-17T16:00:00,642.64,645.02,641.87,644.36,18025.67
2026-04-17T17:00:00,644.37,645.19,642.16,643.52,18502.85
2026-04-17T18:00:00,643.52,645.97,641.88,644.45,20335.27
2026-04-17T19:00:00,644.46,647.4,643.57,645.44,22796.72
2026-04-17T20:00:00,645.44,646.37,644.08,644.52,19080.26
2026-04-17T21:00:00,644.53,644.53,640.5,640.63,21436.52
2026-04-17T22:00:00,640.63,645.36,640.44,644.62,15071.91
2026-04-17T23:00:00,644.63,649.19,644.44,645.56,37139.02
2026-04-18T00:00:00,645.56,646.3,643.68,644.2,13402.44
2026-04-18T01:00:00,644.2,644.96,643.15,643.75,13705.86
2026-04-18T02:00:00,643.76,643.99,635.02,637.34,54429.18
2026-04-18T03:00:00,637.35,637.37,633.84,636.17,20475.86
2026-04-18T04:00:00,636.18,636.23,632.24,634.38,20234.07
2026-04-18T05:00:00,634.39,635.04,631.69,633.63,19624.29
2026-04-18T06:00:00,633.63,635.06,631.43,634.46,19439.55
2026-04-18T07:00:00,634.46,634.78,631.68,633.83,11573.09
2026-04-18T08:00:00,633.84,634.81,632.43,634.45,10937.05
2026-04-18T09:00:00,634.45,635.21,632.68,633.63,10790.71
2026-04-18T10:00:00,633.62,634.64,631.51,633.62,14648.94
2026-04-18T11:00:00,633.62,634.43,632.16,633.76,9334.95
2026-04-18T12:00:00,633.77,634.45,629.28,629.85,25215.62
2026-04-18T13:00:00,629.86,631.56,628.46,630.7,22591.78
2026-04-18T14:00:00,630.7,631.86,630.05,630.57,9372.48
2026-04-18T15:00:00,630.58,632.23,630.21,632.16,7655.66
2026-04-18T16:00:00,632.16,632.16,630.05,631.23,8554.4
2026-04-18T17:00:00,631.23,632.0,630.21,630.67,5284.14
