timestamp,open,high,low,close,volume
2026-01-18T18:00:00,93614.0,93614.1,91800.0,92658.3,35377.427
2026-01-18T19:00:00,92658.2,92825.6,92173.7,92542.2,7897.945
2026-01-18T20:00:00,92542.3,92639.4,92333.4,92516.7,3549.342
2026-01-18T21:00:00,92516.8,92748.4,92450.0,92656.6,3165.549
2026-01-18T22:00:00,92656.7,92708.8,92459.0,92614.4,2911.552
2026-01-18T23:00:00,92614.3,92767.5,92454.5,92471.4,2744.981
2026-01-19T00:00:00,92471.4,92591.9,92344.5,92542.8,3368.971
2026-01-19T01:00:00,92542.9,92810.0,92510.0,92787.9,2326.214
2026-01-19T02:00:00,92787.8,93312.8,92635.0,93200.3,7108.298
2026-01-19T03:00:00,93200.2,93208.7,92888.0,93000.0,3202.781
2026-01-19T04:00:00,93000.0,93035.2,92836.9,93021.2,1588.74
2026-01-19T05:00:00,93021.2,93267.5,92916.9,93136.7,1900.596
2026-01-19T06:00:00,93136.8,93188.0,92960.0,93025.9,2072.622
2026-01-19T07:00:00,93025.9,93117.1,92741.3,92993.0,3004.783
2026-01-19T08:00:00,92992.9,93000.0,92660.0,92779.7,3271.953
2026-01-19T09:00:00,92779.8,93051.9,92776.4,93013.5,2792.738
2026-01-19T10:00:00,93013.4,93379.0,92947.4,93264.9,3360.617
2026-01-19T11:00:00,93265.0,93351.9,93097.3,93195.1,2407.584
2026-01-19T12:00:00,93195.1,93226.6,92888.0,93022.9,1876.046
2026-01-19T13:00:00,93023.0,93116.6,92948.1,93066.2,925.146
2026-01-19T14:00:00,93066.2,93241.8,93055.4,93107.4,1077.879
2026-01-19T15:00:00,93107.5,93312.1,92961.4,92968.5,1493.748
2026-01-19T16:00:00,92968.5,93033.9,92514.3,92528.1,3609.717
2026-01-19T17:00:00,92528.0,92720.3,92116.0,92589.6,7201.827
2026-01-19T18:00:00,92589.6,92845.0,92320.2,92676.1,3623.328
2026-01-19T19:00:00,92676.1,92840.0,92479.1,92688.7,2519.092
2026-01-19T20:00:00,92688.8,92693.4,92330.0,92518.9,4024.819
2026-01-19T21:00:00,92519.0,92646.2,92200.0,92397.0,3686.074
2026-01-19T22:00:00,92396.9,92440.1,91900.0,92026.2,3690.998
2026-01-19T23:00:00,92026.3,92042.1,91235.5,91590.1,15641.676
2026-01-20T00:00:00,91590.1,91603.8,90723.3,90894.5,14679.596
2026-01-20T01:00:00,90894.5,91268.8,90819.5,91136.1,6088.814
2026-01-20T02:00:00,91136.1,91222.0,90622.2,91078.9,8356.049
2026-01-20T03:00:00,91078.9,91078.9,90860.8,91002.9,2830.661
2026-01-20T04:00:00,91003.0,91252.9,90959.9,91217.7,2880.554
2026-01-20T05:00:00,91217.6,91415.1,91167.8,91185.8,3574.825
2026-01-20T06:00:00,91185.8,91293.7,91017.7,91240.0,3218.34
2026-01-20T07:00:00,91240.0,91250.0,90735.0,90918.9,6177.949
2026-01-20T08:00:00,90919.0,91344.8,90228.0,90496.7,20171.764
2026-01-20T09:00:00,90496.6,90769.4,89819.0,90644.2,19966.137
2026-01-20T10:00:00,90644.3,90944.5,89982.9,90131.9,9334.605
2026-01-20T11:00:00,90131.8,90472.2,89388.8,89739.6,12662.226
2026-01-20T12:00:00,89739.6,89924.8,89350.0,89471.6,7080.564
2026-01-20T13:00:00,89471.5,89775.4,89250.2,89694.1,5653.127
2026-01-20T14:00:00,89694.1,89824.0,89360.9,89701.0,5392.556
2026-01-20T15:00:00,89700.8,89800.0,89390.5,89445.6,2302.655
2026-01-20T16:00:00,89445.6,89617.8,87787.2,88469.0,14923.895
2026-01-20T17:00:00,88468.9,88489.2,87850.0,88390.6,9595.896
2026-01-20T18:00:00,88390.7,88944.0,88218.2,88895.5,6231.426
2026-01-20T19:00:00,88895.5,89128.8,88794.6,88985.2,4485.378
2026-01-20T20:00:00,88985.3,89318.0,88941.4,89015.1,3825.835
2026-01-20T21:00:00,89015.0,89568.5,89000.1,89396.0,4355.679
2026-01-20T22:00:00,89395.9,89621.7,89303.5,89400.4,2776.154
2026-01-20T23:00:00,89400.4,90088.0,89384.0,89919.9,6517.487
2026-01-21T00:00:00,89919.9,89920.0,89450.0,89618.4,4056.042
2026-01-21T01:00:00,89618.4,89733.1,89045.0,89171.3,5965.978
2026-01-21T02:00:00,89171.3,89350.0,88922.9,89160.4,4261.807
2026-01-21T03:00:00,89160.4,89449.0,89027.4,89068.5,2919.413
2026-01-21T04:00:00,89068.5,89356.5,89019.6,89201.0,1852.117
2026-01-21T05:00:00,89200.8,89350.3,88614.1,88757.1,4473.135
2026-01-21T06:00:00,88757.0,88817.8,88109.7,88692.5,11854.078
2026-01-21T07:00:00,88692.5,88999.1,88514.5,88631.2,6611.226
2026-01-21T08:00:00,88631.1,89966.0,88567.0,89755.7,20742.786
2026-01-21T09:00:00,89755.7,90599.5,89705.0,90237.1,15060.297
2026-01-21T10:00:00,90237.2,90323.8,87537.8,87562.3,26291.786
2026-01-21T11:00:00,87562.3,88132.2,87205.5,87897.0,17760.108
2026-01-21T12:00:00,87897.0,88633.0,87550.0,88441.1,8515.961
2026-01-21T13:00:00,88441.1,90427.6,88230.3,90321.9,23749.278
2026-01-21T14:00:00,90321.9,90342.5,89413.6,90170.8,11285.689
2026-01-21T15:00:00,90170.8,90312.4,89895.3,90203.8,4522.329
2026-01-21T16:00:00,90203.8,90349.0,89700.4,89728.5,3422.995
2026-01-21T17:00:00,89728.4,90191.9,89317.9,89411.4,6545.631
2026-01-21T18:00:00,89411.4,90000.0,89411.3,89869.6,3726.56
2026-01-21T19:00:00,89869.7,90164.3,89770.3,90071.1,3079.979
2026-01-21T20:00:00,90071.1,90327.7,89805.6,89901.8,3836.416
2026-01-21T21:00:00,89901.9,90128.0,89660.3,89857.0,2874.289
2026-01-21T22:00:00,89856.9,90045.7,89785.0,89958.3,1999.14
2026-01-21T23:00:00,89958.2,90041.3,89879.7,89981.8,1367.997
2026-01-22T00:00:00,89981.8,90170.1,89850.0,90122.9,2507.333
2026-01-22T01:00:00,90122.9,90153.2,89750.0,89772.6,2621.196
2026-01-22T02:00:00,89772.6,89927.8,89701.9,89878.6,2069.639
2026-01-22T03:00:00,89878.5,90085.2,89844.7,89995.0,1961.029
2026-01-22T04:00:00,89994.9,90074.4,89900.0,90046.6,2525.907
2026-01-22T05:00:00,90046.6,90123.0,89865.0,89909.6,2683.102
2026-01-22T06:00:00,89909.7,90064.9,89843.7,89985.8,2563.958
2026-01-22T07:00:00,89985.7,90309.5,89446.0,89570.0,8863.281
2026-01-22T08:00:00,89570.0,89714.5,89012.7,89055.0,13277.294
2026-01-22T09:00:00,89055.1,89415.0,88465.6,88953.6,17350.423
2026-01-22T10:00:00,88953.7,89231.1,88630.2,89006.9,8830.239
2026-01-22T11:00:00,89006.9,89576.5,88971.5,89500.0,5271.379
2026-01-22T12:00:00,89500.0,89756.0,89255.9,89295.5,4234.331
2026-01-22T13:00:00,89295.4,89882.1,89065.0,89732.9,4586.705
2026-01-22T14:00:00,89732.8,89908.5,89355.0,89370.7,3337.227
2026-01-22T15:00:00,89370.8,89634.7,89200.0,89222.1,2212.995
2026-01-22T16:00:00,89222.2,89535.1,89095.5,89304.7,2468.244
2026-01-22T17:00:00,89304.7,89554.2,89124.8,89518.5,1665.558
2026-01-22T18:00:00,89518.4,89600.0,89400.0,89484.6,1361.341
2026-01-22T19:00:00,89484.6,89900.0,89484.6,89893.7,1996.298
2026-01-22T20:00:00,89893.7,89948.9,89605.0,89611.2,2122.123
2026-01-22T21:00:00,89611.3,89887.3,89590.5,89886.1,1623.548
2026-01-22T22:00:00,89886.2,90050.0,89835.4,89922.5,2299.759
2026-01-22T23:00:00,89922.6,89928.3,89434.4,89573.8,3218.153
2026-01-23T00:00:00,89573.8,89771.1,89358.0,89474.9,2690.887
2026-01-23T01:00:00,89475.0,89653.5,89400.1,89497.2,2141.85
2026-01-23T02:00:00,89497.3,89590.9,89099.0,89185.1,4183.235
2026-01-23T03:00:00,89185.1,89350.0,88850.0,88939.9,4597.852
2026-01-23T04:00:00,88940.0,89120.3,88823.3,89016.6,2779.493
2026-01-23T05:00:00,89016.6,89319.0,88966.7,89171.2,2478.532
2026-01-23T06:00:00,89171.3,89342.0,89056.6,89220.0,1669.851
2026-01-23T07:00:00,89220.0,89411.2,89189.8,89310.6,2248.059
2026-01-23T08:00:00,89310.5,89691.7,88590.6,88976.0,12479.133
2026-01-23T09:00:00,88976.0,89847.2,88530.0,89711.2,10759.767
2026-01-23T10:00:00,89711.2,90455.0,89438.0,90079.0,14426.968
2026-01-23T11:00:00,90079.1,91195.0,89931.2,90576.0,16885.696
2026-01-23T12:00:00,90576.0,91003.5,90411.8,90486.3,7655.413
2026-01-23T13:00:00,90486.3,90499.5,89550.0,89938.3,14361.661
2026-01-23T14:00:00,89938.3,90124.1,89163.6,89456.4,6882.035
2026-01-23T15:00:00,89456.5,89667.5,89268.0,89301.2,2761.985
2026-01-23T16:00:00,89301.2,89719.1,89289.0,89585.3,2062.369
2026-01-23T17:00:00,89585.4,89595.7,89427.5,89558.7,1139.842
2026-01-23T18:00:00,89558.7,89591.0,89383.5,89414.2,1266.587
2026-01-23T19:00:00,89414.2,89553.6,89410.6,89512.8,1019.166
2026-01-23T20:00:00,89512.8,89680.0,89512.8,89666.2,1224.614
2026-01-23T21:00:00,89666.3,89893.9,89631.6,89738.4,2388.182
2026-01-23T22:00:00,89738.4,89820.1,89673.4,89806.7,954.269
2026-01-23T23:00:00,89806.8,89817.4,89715.5,89744.5,866.942
2026-01-24T00:00:00,89744.5,89747.1,89610.5,89612.4,1073.904
2026-01-24T01:00:00,89612.4,89667.6,89530.6,89581.2,1109.13
2026-01-24T02:00:00,89581.3,89659.2,89549.2,89635.2,903.97
2026-01-24T03:00:00,89635.3,89635.3,89554.2,89567.4,957.084
2026-01-24T04:00:00,89567.5,89631.9,89539.5,89590.1,616.407
2026-01-24T05:00:00,89590.2,89641.3,89548.5,89548.5,782.372
2026-01-24T06:00:00,89548.5,89554.9,89444.5,89497.6,1200.138
2026-01-24T07:00:00,89497.6,89500.0,89315.6,89321.7,1226.539
2026-01-24T08:00:00,89321.7,89471.7,89131.2,89407.7,4111.063
2026-01-24T09:00:00,89407.7,89456.7,89215.2,89235.0,1725.299
2026-01-24T10:00:00,89234.9,89332.1,89116.9,89248.6,2719.881
2026-01-24T11:00:00,89248.6,89371.6,89216.4,89369.6,1944.082
2026-01-24T12:00:00,89369.6,89425.2,89340.3,89351.6,929.192
2026-01-24T13:00:00,89351.7,89351.7,89230.2,89286.0,747.954
2026-01-24T14:00:00,89286.1,89365.6,89286.0,89333.7,358.475
2026-01-24T15:00:00,89333.7,89340.6,89219.6,89340.6,784.086
2026-01-24T16:00:00,89340.6,89444.4,89257.0,89390.0,634.984
2026-01-24T17:00:00,89390.0,89436.7,89155.0,89180.7,1191.617
2026-01-24T18:00:00,89180.7,89275.7,89138.9,89275.7,862.558
2026-01-24T19:00:00,89275.7,89281.6,89025.3,89139.7,1263.156
2026-01-24T20:00:00,89139.6,89226.8,89100.0,89105.0,700.725
2026-01-24T21:00:00,89105.1,89147.0,88800.0,88920.0,3010.767
2026-01-24T22:00:00,88920.0,89057.8,88905.6,88977.4,1348.846
2026-01-24T23:00:00,88977.4,89015.1,88835.6,88966.1,985.892
2026-01-25T00:00:00,88966.1,88966.1,88609.0,88810.0,3301.22
2026-01-25T01:00:00,88810.1,88810.1,88600.0,88630.3,1305.965
2026-01-25T02:00:00,88630.3,88727.2,88084.0,88254.8,5833.174
2026-01-25T03:00:00,88254.9,88453.3,88193.5,88361.6,2494.635
2026-01-25T04:00:00,88361.5,88642.7,88361.5,88616.0,2421.386
2026-01-25T05:00:00,88616.0,88673.9,88489.1,88531.0,1422.1
2026-01-25T06:00:00,88530.9,88760.1,88400.0,88752.0,3886.5
2026-01-25T07:00:00,88752.0,88947.1,88610.0,88875.1,3203.924
2026-01-25T08:00:00,88875.1,88898.9,88580.0,88666.1,3276.386
2026-01-25T09:00:00,88666.1,88728.7,88306.6,88406.0,2510.944
2026-01-25T10:00:00,88406.0,88410.0,87511.6,88049.9,16195.391
2026-01-25T11:00:00,88049.9,88072.6,87717.5,87845.7,3913.781
2026-01-25T12:00:00,87845.7,87950.1,86777.0,87370.1,15430.483
2026-01-25T13:00:00,87370.2,87469.2,86100.0,86459.4,20369.715
2026-01-25T14:00:00,86459.4,86680.0,86159.1,86618.3,7101.977
2026-01-25T15:00:00,86618.4,86966.4,86342.9,86525.1,8031.747
2026-01-25T16:00:00,86525.0,86704.9,86139.4,86489.1,5719.173
2026-01-25T17:00:00,86489.0,86760.8,86021.7,86628.9,10288.918
2026-01-25T18:00:00,86628.9,87150.8,86463.2,86808.4,6887.499
2026-01-25T19:00:00,86808.5,87791.5,86772.9,87661.8,11547.453
2026-01-25T20:00:00,87661.7,87922.0,87399.9,87514.8,5281.265
2026-01-25T21:00:00,87514.7,87643.6,87028.5,87233.1,4924.086
2026-01-25T22:00:00,87233.1,87908.4,87188.3,87700.0,4590.318
2026-01-25T23:00:00,87699.9,87919.0,87617.1,87776.4,2371.238
2026-01-26T00:00:00,87776.5,87999.0,87705.8,87902.6,3406.991
2026-01-26T01:00:00,87902.7,88059.6,87665.6,87968.9,3264.203
2026-01-26T02:00:00,87969.0,88367.5,87800.0,87947.3,4772.992
2026-01-26T03:00:00,87947.4,87968.4,87556.9,87630.4,4759.726
2026-01-26T04:00:00,87630.4,87920.0,87620.0,87858.1,1643.547
2026-01-26T05:00:00,87858.0,87943.8,87721.2,87810.0,1787.585
2026-01-26T06:00:00,87810.1,87934.7,87693.6,87762.1,1873.914
2026-01-26T07:00:00,87762.1,88010.3,87651.4,87917.9,2880.669
2026-01-26T08:00:00,87917.8,88500.0,87411.2,88137.0,12495.646
2026-01-26T09:00:00,88137.0,88834.1,87278.5,87609.5,20669.553
2026-01-26T10:00:00,87609.4,87925.5,87159.6,87579.4,8788.298
2026-01-26T11:00:00,87579.5,87756.7,86960.0,87657.5,7729.439
2026-01-26T12:00:00,87657.4,88375.0,87611.1,88361.9,7285.645
2026-01-26T13:00:00,88362.0,88496.4,87904.4,87965.6,4836.13
2026-01-26T14:00:00,87965.5,88088.0,87506.8,87595.3,3215.252
2026-01-26T15:00:00,87595.3,88199.0,87533.3,88016.5,3751.624
2026-01-26T16:00:00,88016.4,88239.0,87953.9,88095.0,1777.578
2026-01-26T17:00:00,88094.9,88637.4,87976.5,88300.6,4068.84
2026-01-26T18:00:00,88300.6,88431.4,88157.4,88319.4,3004.293
2026-01-26T19:00:00,88319.4,88699.9,88162.9,88523.6,3359.247
2026-01-26T20:00:00,88523.6,88823.1,88503.3,88785.8,3841.323
2026-01-26T21:00:00,88785.7,88880.6,88535.0,88744.6,2566.509
2026-01-26T22:00:00,88744.7,88983.3,88463.4,88532.7,3549.805
2026-01-26T23:00:00,88532.6,88548.1,88350.3,88424.0,1983.452
2026-01-27T00:00:00,88424.0,88493.4,88239.9,88295.4,1667.16
2026-01-27T01:00:00,88295.3,88519.5,88278.1,88287.9,1660.951
2026-01-27T02:00:00,88288.0,88365.6,88084.0,88137.5,2454.989
2026-01-27T03:00:00,88137.6,88137.6,87825.0,87852.6,3579.927
2026-01-27T04:00:00,87852.6,88023.1,87722.0,87754.3,2712.961
2026-01-27T05:00:00,87754.3,88065.9,87707.1,87947.5,2212.577
2026-01-27T06:00:00,87947.4,88126.3,87911.9,87952.2,2166.889
2026-01-27T07:00:00,87952.1,88042.6,87755.0,87945.2,2283.074
2026-01-27T08:00:00,87945.2,88418.8,87622.0,87712.1,8884.593
2026-01-27T09:00:00,87712.2,88167.1,87530.0,88000.1,8383.355
2026-01-27T10:00:00,88000.1,88836.3,87962.6,88604.9,12083.571
2026-01-27T11:00:00,88604.9,88660.9,87265.4,87510.4,14595.8
2026-01-27T12:00:00,87510.3,88488.8,87413.7,88249.6,7630.9
2026-01-27T13:00:00,88249.6,88521.5,88006.4,88378.1,4031.412
2026-01-27T14:00:00,88378.1,89469.3,88335.6,89360.1,12269.547
2026-01-27T15:00:00,89360.0,89499.0,88947.3,89039.5,6362.17
2026-01-27T16:00:00,89039.6,89394.9,88966.2,89203.1,2997.299
2026-01-27T17:00:00,89203.1,89491.8,89100.0,89197.8,3644.31
2026-01-27T18:00:00,89197.8,89429.4,89102.2,89429.2,2651.255
2026-01-27T19:00:00,89429.2,89454.6,89153.1,89360.0,2454.437
2026-01-27T20:00:00,89360.1,89410.0,89059.8,89245.1,2125.76
2026-01-27T21:00:00,89245.1,89273.8,88932.6,89079.8,2794.741
2026-01-27T22:00:00,89079.8,89128.0,88800.1,88944.0,2852.229
2026-01-27T23:00:00,88944.0,89071.0,88786.0,89051.1,2668.053
2026-01-28T00:00:00,89051.1,89366.0,89051.1,89287.9,2502.018
2026-01-28T01:00:00,89288.2,89318.6,89072.1,89106.8,1688.507
2026-01-28T02:00:00,89106.8,89241.0,88851.0,88901.1,2557.055
2026-01-28T03:00:00,88901.1,89554.6,88831.9,89542.6,4130.724
2026-01-28T04:00:00,89542.6,89682.5,89284.0,89368.4,4506.739
2026-01-28T05:00:00,89368.4,90122.0,89282.9,90036.9,8109.386
2026-01-28T06:00:00,90036.9,90138.9,89739.6,89955.0,6887.846
2026-01-28T07:00:00,89954.9,90444.4,89909.0,90220.1,8847.883
2026-01-28T08:00:00,90220.1,90221.3,89401.6,89578.1,9833.85
2026-01-28T09:00:00,89578.1,89820.3,88852.2,89444.4,12487.124
2026-01-28T10:00:00,89444.5,89790.6,89207.3,89588.8,5010.794
2026-01-28T11:00:00,89588.8,90592.7,89238.8,90142.9,10265.098
2026-01-28T12:00:00,90142.9,90149.2,89216.4,89501.0,9427.667
2026-01-28T13:00:00,89500.9,89693.9,88974.0,89363.6,8288.575
2026-01-28T14:00:00,89363.5,89880.1,88964.7,89099.9,6160.812
2026-01-28T15:00:00,89100.0,89449.1,88829.0,89369.3,4380.538
2026-01-28T16:00:00,89369.4,89437.6,89093.2,89347.1,1579.074
2026-01-28T17:00:00,89347.1,89433.3,89159.2,89261.7,1674.694
2026-01-28T18:00:00,89261.7,89316.8,88861.5,89112.0,3108.887
2026-01-28T19:00:00,89112.0,89130.0,88508.7,88561.7,4920.263
2026-01-28T20:00:00,88561.7,88721.9,87650.1,87857.9,11765.008
2026-01-28T21:00:00,87857.9,88226.7,87723.2,88003.2,6379.798
2026-01-28T22:00:00,88003.2,88308.8,87863.0,88269.9,3327.162
2026-01-28T23:00:00,88270.0,88378.0,88106.0,88149.3,2224.415
2026-01-29T00:00:00,88149.3,88300.0,88133.0,88281.1,1411.193
2026-01-29T01:00:00,88281.2,88394.2,88211.0,88310.9,2458.524
2026-01-29T02:00:00,88310.9,88461.2,87866.2,88028.1,7192.003
2026-01-29T03:00:00,88028.0,88120.2,87850.0,87851.1,2428.841
2026-01-29T04:00:00,87851.0,87989.0,87773.1,87920.1,2735.236
2026-01-29T05:00:00,87920.0,88027.9,87711.0,87795.2,3652.67
2026-01-29T06:00:00,87795.1,88084.9,87775.1,88073.8,3141.521
2026-01-29T07:00:00,88073.9,88133.2,87907.6,88008.8,2252.287
2026-01-29T08:00:00,88008.8,88035.5,86946.1,86978.7,12217.287
2026-01-29T09:00:00,86978.8,87013.7,84335.4,84898.0,56858.42
2026-01-29T10:00:00,84897.9,85367.2,84222.0,85230.3,24435.811
2026-01-29T11:00:00,85230.3,85596.1,83939.0,84225.0,25799.327
2026-01-29T12:00:00,84225.0,84595.3,83355.0,83440.9,20038.261
2026-01-29T13:00:00,83440.8,84305.2,83338.3,83979.4,12852.154
2026-01-29T14:00:00,83979.5,84376.2,83785.6,84186.3,6528.744
2026-01-29T15:00:00,84186.4,84623.1,84169.3,84491.0,4833.212
2026-01-29T16:00:00,84491.1,84580.0,84271.3,84529.6,2994.048
2026-01-29T17:00:00,84529.5,84699.9,84400.0,84604.7,3206.519
2026-01-29T18:00:00,84604.7,84697.2,84100.0,84157.4,5599.959
2026-01-29T19:00:00,84157.4,84157.5,81000.0,82434.7,40393.43
2026-01-29T20:00:00,82434.7,82514.4,81116.0,82128.1,21600.173
2026-01-29T21:00:00,82128.0,82709.5,81995.6,82640.9,8808.677
2026-01-29T22:00:00,82640.9,83299.9,82640.4,82906.6,8319.547
2026-01-29T23:00:00,82906.5,83300.0,82859.4,82873.5,4641.651
2026-01-30T00:00:00,82873.5,82882.3,82021.1,82560.8,11070.916
2026-01-30T01:00:00,82560.8,83074.4,82431.6,82770.1,9673.815
2026-01-30T02:00:00,82770.1,82939.7,82399.0,82625.3,5977.259
2026-01-30T03:00:00,82625.3,82793.5,82108.4,82320.5,7319.609
2026-01-30T04:00:00,82320.5,82859.0,82115.1,82793.2,5299.28
2026-01-30T05:00:00,82793.2,83280.6,82626.9,83104.8,5863.711
2026-01-30T06:00:00,83104.7,83296.9,82603.2,82752.8,5940.313
2026-01-30T07:00:00,82752.8,83062.0,82372.1,82704.9,6220.079
2026-01-30T08:00:00,82704.8,83779.2,82693.9,83061.4,15401.739
2026-01-30T09:00:00,83061.5,83577.0,82328.6,82850.2,14499.069
2026-01-30T10:00:00,82850.1,83472.8,82504.3,83115.2,9591.399
2026-01-30T11:00:00,83115.1,83450.5,82600.0,82908.0,9960.256
2026-01-30T12:00:00,82908.0,84159.4,81832.0,83897.3,20774.878
2026-01-30T13:00:00,83897.3,84599.0,83875.7,84200.0,12665.495
2026-01-30T14:00:00,84199.9,84275.5,83501.0,83890.3,14202.969
2026-01-30T15:00:00,83890.3,84487.7,83759.0,84240.3,5962.139
2026-01-30T16:00:00,84240.3,84291.5,83875.7,84191.1,2425.282
2026-01-30T17:00:00,84191.1,84261.7,83897.0,84211.4,2582.871
2026-01-30T18:00:00,84211.4,84239.5,83964.9,84028.1,2987.293
2026-01-30T19:00:00,84028.1,84227.1,83861.8,83965.9,2211.45
2026-01-30T20:00:00,83966.0,84150.0,83775.5,84085.6,2931.571
2026-01-30T21:00:00,84085.5,84190.0,83987.5,83987.5,1210.737
2026-01-30T22:00:00,83987.5,84110.0,83899.9,83960.4,1319.613
2026-01-30T23:00:00,83960.3,84056.9,83861.7,83961.8,1527.127
2026-01-31T00:00:00,83961.8,84012.6,83600.0,83739.1,3018.209
2026-01-31T01:00:00,83739.1,83759.9,83368.0,83514.4,4163.495
2026-01-31T02:00:00,83514.3,83598.0,82530.2,83031.1,14040.139
2026-01-31T03:00:00,83031.1,83265.0,82850.0,83075.3,4170.507
2026-01-31T04:00:00,83075.3,83160.0,82880.0,83120.9,2697.263
2026-01-31T05:00:00,83121.0,83121.0,82802.3,82983.2,2314.012
2026-01-31T06:00:00,82983.2,83115.3,82677.4,82735.6,3716.203
2026-01-31T07:00:00,82735.6,82888.0,82449.0,82733.0,5005.762
2026-01-31T08:00:00,82733.0,82898.7,80754.3,81452.5,31512.984
2026-01-31T09:00:00,81452.5,81760.0,81039.7,81268.6,11498.411
2026-01-31T10:00:00,81268.6,82200.0,80050.0,80320.9,33473.68
2026-01-31T11:00:00,80321.0,80506.9,78010.1,78857.1,43053.206
2026-01-31T12:00:00,78857.0,79100.0,75500.0,77996.8,46661.12
2026-01-31T13:00:00,77996.8,78527.1,77144.1,77707.9,17023.471
2026-01-31T14:00:00,77707.9,78106.0,77037.8,77956.7,10475.267
2026-01-31T15:00:00,77956.6,78330.8,77323.1,78252.4,10511.991
2026-01-31T16:00:00,78252.5,78443.1,77931.8,78114.5,5485.21
2026-01-31T17:00:00,78114.4,79200.0,78023.9,78706.8,10539.79
2026-01-31T18:00:00,78706.7,79396.8,78600.2,78861.2,7371.698
2026-01-31T19:00:00,78861.3,78906.3,78245.7,78504.8,5561.053
2026-01-31T20:00:00,78504.8,79024.0,78339.6,78856.4,3765.023
2026-01-31T21:00:00,78856.4,78971.5,78630.3,78826.3,2548.202
2026-01-31T22:00:00,78826.3,79094.9,78680.4,78938.1,2562.343
2026-01-31T23:00:00,78938.3,78970.1,78483.0,78583.9,4560.628
2026-02-01T00:00:00,78583.9,78791.6,78221.0,78262.9,5182.439
2026-02-01T01:00:00,78263.0,78687.2,77899.9,78320.8,6355.807
2026-02-01T02:00:00,78320.8,78833.0,78213.6,78571.3,4064.486
2026-02-01T03:00:00,78571.4,79107.4,78511.0,78997.0,2823.102
2026-02-01T04:00:00,78996.9,79194.0,78099.8,78239.9,8117.405
2026-02-01T05:00:00,78240.0,78838.5,78240.0,78712.1,3577.657
2026-02-01T06:00:00,78712.1,78724.8,78199.9,78420.6,4017.205
2026-02-01T07:00:00,78420.6,78732.0,78149.3,78280.7,3870.328
2026-02-01T08:00:00,78280.8,78500.0,77206.3,78179.4,20060.992
2026-02-01T09:00:00,78179.4,78220.4,76752.5,77563.8,18004.49
2026-02-01T10:00:00,77563.8,77813.7,77056.7,77459.2,10025.064
2026-02-01T11:00:00,77459.2,77721.5,77259.5,77711.0,5371.051
2026-02-01T12:00:00,77711.1,78421.6,77689.1,77995.9,8662.712
2026-02-01T13:00:00,77995.9,78073.9,76950.9,77142.4,5806.057
2026-02-01T14:00:00,77142.4,77708.2,76543.7,77073.5,10019.653
2026-02-01T15:00:00,77073.6,77140.2,76307.4,76489.0,10731.037
2026-02-01T16:00:00,76489.0,77753.6,76406.4,77211.4,9478.224
2026-02-01T17:00:00,77211.4,77586.9,75644.0,76931.5,24447.424
2026-02-01T18:00:00,76931.6,78111.0,76560.8,77638.6,11712.592
2026-02-01T19:00:00,77638.5,77915.0,76568.8,77482.2,10329.369
2026-02-01T20:00:00,77482.1,77529.3,76403.5,76447.2,8411.995
2026-02-01T21:00:00,76447.1,76538.7,74555.0,76256.2,39578.562
2026-02-01T22:00:00,76256.2,76579.4,75286.2,75856.3,13515.066
2026-02-01T23:00:00,75856.3,75958.9,74853.0,75449.6,13453.056
2026-02-02T00:00:00,75449.6,76800.0,74900.1,76511.3,19593.76
2026-02-02T01:00:00,76511.3,76930.0,76282.2,76612.6,9587.379
2026-02-02T02:00:00,76612.6,77157.8,76576.7,76831.2,7340.414
2026-02-02T03:00:00,76831.2,77776.7,76610.9,77666.0,11770.136
2026-02-02T04:00:00,77666.0,77815.8,77420.7,77463.3,6048.22
2026-02-02T05:00:00,77463.3,77937.7,77398.2,77716.1,5754.225
2026-02-02T06:00:00,77716.0,78400.0,77665.0,77947.5,8673.63
2026-02-02T07:00:00,77947.5,78452.5,77756.5,78172.1,7190.53
2026-02-02T08:00:00,78172.2,78835.5,77570.0,77797.6,21814.005
2026-02-02T09:00:00,77797.8,79311.0,77515.6,78800.6,21275.715
2026-02-02T10:00:00,78800.5,79248.0,78525.7,78588.8,10325.914
2026-02-02T11:00:00,78588.8,79166.2,78553.1,78936.8,6248.465
2026-02-02T12:00:00,78936.7,78936.7,78318.5,78523.9,6268.72
2026-02-02T13:00:00,78523.9,78652.3,78234.9,78299.2,4352.336
2026-02-02T14:00:00,78299.1,78634.0,77843.2,77976.7,7009.608
2026-02-02T15:00:00,77976.9,78520.0,77880.0,78489.0,3649.632
2026-02-02T16:00:00,78489.0,78818.2,78488.9,78758.2,2505.842
2026-02-02T17:00:00,78758.3,78935.9,78520.4,78692.5,3237.243
2026-02-02T18:00:00,78692.5,79070.4,78366.6,79031.1,4664.695
2026-02-02T19:00:00,79031.1,79163.0,78677.0,78980.0,3594.649
2026-02-02T20:00:00,78980.0,78980.1,77750.2,77774.8,7063.983
2026-02-02T21:00:00,77774.8,78874.9,77566.5,78710.7,9532.793
2026-02-02T22:00:00,78710.7,78967.9,78431.5,78767.4,5652.949
2026-02-02T23:00:00,78767.5,78775.7,78183.8,78202.9,3605.733
2026-02-03T00:00:00,78202.8,78635.0,77900.1,78557.3,6181.705
2026-02-03T01:00:00,78557.4,78898.9,78448.1,78749.9,4420.11
2026-02-03T02:00:00,78750.0,79049.0,78426.0,78708.7,4993.386
2026-02-03T03:00:00,78708.7,78803.6,77900.0,78351.5,10554.022
2026-02-03T04:00:00,78351.4,78520.0,78012.3,78077.2,3743.385
2026-02-03T05:00:00,78077.3,78315.9,77960.0,78040.1,3912.604
2026-02-03T06:00:00,78040.1,78377.8,77950.0,78289.8,4021.096
2026-02-03T07:00:00,78289.8,78425.8,78150.0,78260.4,4227.172
2026-02-03T08:00:00,78260.4,78397.5,77131.2,77164.5,18781.526
2026-02-03T09:00:00,77164.5,78184.0,77000.5,78094.1,24417.328
2026-02-03T10:00:00,78094.2,78101.5,76448.0,76458.2,24540.659
2026-02-03T11:00:00,76458.2,76500.0,74844.7,74882.4,28936.029
2026-02-03T12:00:00,74882.4,75267.8,73100.0,73111.7,44143.435
2026-02-03T13:00:00,73111.7,75221.4,72889.2,74893.8,40615.508
2026-02-03T14:00:00,74893.9,76690.0,74541.0,76431.9,24533.336
2026-02-03T15:00:00,76431.9,76920.7,76069.0,76199.9,9470.027
2026-02-03T16:00:00,76200.0,76269.6,75377.3,75672.5,9419.354
2026-02-03T17:00:00,75672.5,75969.3,75393.4,75732.4,6700.032
2026-02-03T18:00:00,75732.4,76229.1,75420.0,75871.0,6394.408
2026-02-03T19:00:00,75871.0,76786.1,75871.0,76392.0,7247.042
2026-02-03T20:00:00,76392.1,76571.9,75670.0,75926.8,5834.487
2026-02-03T21:00:00,75926.9,76952.5,75870.5,76661.1,5754.356
2026-02-03T22:00:00,76661.1,76809.4,76385.1,76448.0,2713.172
2026-02-03T23:00:00,76448.0,76497.2,76072.0,76255.0,3255.829
2026-02-04T00:00:00,76255.0,76761.0,76218.5,76616.9,3682.973
2026-02-04T01:00:00,76616.8,76626.4,76304.0,76478.9,3514.953
2026-02-04T02:00:00,76478.9,76557.8,76027.0,76541.3,5698.674
2026-02-04T03:00:00,76541.2,76568.0,75925.5,76081.9,5305.818
2026-02-04T04:00:00,76082.0,76308.9,76025.6,76266.8,3386.506
2026-02-04T05:00:00,76266.7,76266.8,75629.9,75987.6,9441.372
2026-02-04T06:00:00,75987.6,76245.5,75968.5,76160.0,5058.132
2026-02-04T07:00:00,76160.0,76163.6,74829.6,74838.4,12929.177
2026-02-04T08:00:00,74838.3,75764.4,74201.5,74328.9,25722.339
2026-02-04T09:00:00,74329.0,75299.0,73756.0,74107.0,34340.197
2026-02-04T10:00:00,74107.0,74211.8,73038.0,73609.1,30314.166
2026-02-04T11:00:00,73609.1,73825.7,72101.0,72544.2,35666.746
2026-02-04T12:00:00,72544.3,74097.6,72227.8,73398.4,30771.346
2026-02-04T13:00:00,73398.4,73987.4,73004.0,73895.3,13987.103
2026-02-04T14:00:00,73895.2,74141.1,73390.1,73488.9,7235.643
2026-02-04T15:00:00,73488.9,73632.0,72150.0,72772.8,10132.452
2026-02-04T16:00:00,72772.9,73675.3,71838.0,72511.1,15964.689
2026-02-04T17:00:00,72511.0,73500.0,72431.3,73137.4,8773.059
2026-02-04T18:00:00,73137.5,73300.0,72724.0,72838.9,6424.887
2026-02-04T19:00:00,72838.9,73316.3,71950.0,72389.2,14434.871
2026-02-04T20:00:00,72389.1,72832.5,71263.1,71429.1,24176.335
2026-02-04T21:00:00,71429.1,71850.0,71111.0,71198.9,16641.703
2026-02-04T22:00:00,71199.0,71420.3,70676.3,70873.2,23330.56
2026-02-04T23:00:00,70863.9,71122.0,70085.3,70694.9,21443.23
2026-02-05T00:00:00,70694.8,70955.0,70367.1,70911.4,11973.932
2026-02-05T01:00:00,70911.5,71600.0,70587.5,70716.1,13881.524
2026-02-05T02:00:00,70716.1,71511.0,70639.7,71020.9,9452.816
2026-02-05T03:00:00,71020.9,71944.4,71006.5,71531.7,11658.845
2026-02-05T04:00:00,71531.6,71693.3,70609.4,70820.3,9242.383
2026-02-05T05:00:00,70820.3,71020.0,69862.0,70279.0,24802.093
2026-02-05T06:00:00,70279.1,70566.6,69112.1,69532.9,35071.848
2026-02-05T07:00:00,69532.9,69798.6,69223.0,69656.3,12997.128
2026-02-05T08:00:00,69656.3,70848.6,69247.3,69365.5,30259.452
2026-02-05T09:00:00,69365.4,69569.6,66666.0,67451.9,90464.247
2026-02-05T10:00:00,67452.0,68667.4,66904.2,68262.7,36078.283
2026-02-05T11:00:00,68262.7,68348.6,66125.0,66153.9,42861.988
2026-02-05T12:00:00,66153.8,66519.2,65359.1,66312.1,37138.161
2026-02-05T13:00:00,66312.1,66615.3,65160.0,65237.4,22706.81
2026-02-05T14:00:00,65237.5,65678.1,62233.3,63750.9,77533.689
2026-02-05T15:00:00,63750.9,64759.2,62853.9,63188.8,45680.642
2026-02-05T16:00:00,63188.8,64591.1,62644.3,63878.7,25968.909
2026-02-05T17:00:00,63878.7,64866.0,62666.3,62868.1,25865.405
2026-02-05T18:00:00,62868.1,63812.5,59800.0,63460.4,94089.579
2026-02-05T19:00:00,63460.4,65741.4,63458.1,65666.0,39678.824
2026-02-05T20:00:00,65666.0,65969.5,64124.9,64955.6,28572.122
2026-02-05T21:00:00,64955.6,65126.9,63702.3,64138.1,14629.783
2026-02-05T22:00:00,64138.1,64974.8,63924.7,64865.1,9945.249
2026-02-05T23:00:00,64865.1,66783.0,64767.3,66365.3,19082.992
2026-02-06T00:00:00,66365.3,66753.7,64805.3,64947.6,23433.626
2026-02-06T01:00:00,64947.6,65509.6,64590.1,64811.2,17636.101
2026-02-06T02:00:00,64811.2,65168.9,64438.9,64850.1,13883.424
2026-02-06T03:00:00,64850.2,66119.2,64716.6,65757.9,15267.607
2026-02-06T04:00:00,65757.9,66198.7,65500.0,65929.4,11219.667
2026-02-06T05:00:00,65929.5,66773.4,65732.1,66586.1,13740.05
2026-02-06T06:00:00,66586.1,66588.0,66072.0,66522.6,9918.345
2026-02-06T07:00:00,66522.7,67661.8,66440.8,67274.9,24032.659
2026-02-06T08:00:00,67274.9,68588.0,66539.3,68149.1,39719.043
2026-02-06T09:00:00,68149.1,69157.9,67715.0,68577.5,32017.004
2026-02-06T10:00:00,68577.5,70188.8,68348.0,69896.0,35363.519
2026-02-06T11:00:00,69896.0,71451.6,69536.0,70707.3,33804.794
2026-02-06T12:00:00,70707.3,70772.1,69301.8,69728.7,26679.981
2026-02-06T13:00:00,69728.7,70927.8,69608.0,70675.5,12127.002
2026-02-06T14:00:00,70675.5,70954.7,69925.3,69939.0,13222.419
2026-02-06T15:00:00,69939.0,70454.8,69764.7,70308.7,6390.025
2026-02-06T16:00:00,70308.7,71550.0,70227.7,71321.1,12899.943
2026-02-06T17:00:00,71321.2,71714.4,70469.1,70544.5,11829.011
2026-02-06T18:00:00,70544.5,70569.4,69674.5,69917.1,14132.531
2026-02-06T19:00:00,69917.2,70665.1,69695.9,70431.1,7386.123
2026-02-06T20:00:00,70431.0,70589.1,70101.1,70319.0,4176.687
2026-02-06T21:00:00,70319.1,70899.5,70237.4,70887.1,6160.414
2026-02-06T22:00:00,70887.2,71690.0,70564.0,70728.7,12773.123
2026-02-06T23:00:00,70728.6,71150.0,69906.4,70124.6,11941.722
2026-02-07T00:00:00,70124.6,70274.5,68700.0,68733.6,19458.749
2026-02-07T01:00:00,68733.6,69050.0,67250.0,68050.5,44529.556
2026-02-07T02:00:00,68050.5,68797.8,67710.8,68458.5,16734.464
2026-02-07T03:00:00,68458.6,68732.0,67855.0,68107.4,9297.469
2026-02-07T04:00:00,68107.3,68288.0,67550.2,67954.8,7765.738
2026-02-07T05:00:00,67954.8,68132.1,67639.2,67935.1,6036.474
2026-02-07T06:00:00,67935.0,70000.0,67870.2,68988.7,30337.618
2026-02-07T07:00:00,68988.7,69333.0,68771.8,69062.8,7345.268
2026-02-07T08:00:00,69062.9,69154.9,68290.0,68615.9,8372.204
2026-02-07T09:00:00,68615.8,69776.9,68519.9,69122.1,13671.289
2026-02-07T10:00:00,69122.1,69887.7,68801.0,68924.3,18840.729
2026-02-07T11:00:00,68924.4,69399.2,68478.1,69154.3,7519.676
2026-02-07T12:00:00,69154.2,69672.6,68966.9,69475.0,4883.362
2026-02-07T13:00:00,69475.0,69555.2,69222.3,69341.4,2843.488
2026-02-07T14:00:00,69341.3,69688.2,69216.6,69596.5,2410.976
2026-02-07T15:00:00,69596.5,69669.7,69312.0,69466.3,2010.778
2026-02-07T16:00:00,69466.2,69673.6,69273.5,69368.2,1928.806
2026-02-07T17:00:00,69368.2,69436.8,68734.6,69254.2,6106.407
2026-02-07T18:00:00,69254.3,69399.4,68843.7,69100.2,4054.301
2026-02-07T19:00:00,69100.3,69478.2,69057.4,69341.5,3303.609
2026-02-07T20:00:00,69341.4,69666.0,69111.0,69335.7,4375.413
2026-02-07T21:00:00,69335.7,69418.2,69026.5,69064.7,3178.329
2026-02-07T22:00:00,69064.7,69348.8,68928.0,69303.4,2424.538
2026-02-07T23:00:00,69303.4,69397.1,69112.2,69190.7,2627.932
2026-02-08T00:00:00,69190.8,69391.1,69055.0,69321.8,2808.127
2026-02-08T01:00:00,69321.7,69693.0,69175.9,69665.0,4242.838
2026-02-08T02:00:00,69665.1,70790.0,69467.9,70624.5,16299.522
2026-02-08T03:00:00,70624.4,70671.5,70058.0,70066.8,6897.388
2026-02-08T04:00:00,70066.9,70422.2,69839.1,70231.1,10093.15
2026-02-08T05:00:00,70231.1,71199.9,70182.1,70954.0,10531.788
2026-02-08T06:00:00,70954.0,71281.3,70653.0,71203.4,7465.325
2026-02-08T07:00:00,71203.4,71479.7,70921.6,71472.6,7550.342
2026-02-08T08:00:00,71472.5,71524.9,71047.1,71218.3,5452.751
2026-02-08T09:00:00,71218.3,71433.2,70730.2,71152.6,7786.826
2026-02-08T10:00:00,71152.5,71225.5,70220.1,70388.7,9205.941
2026-02-08T11:00:00,70388.6,70840.9,70374.8,70754.5,5510.516
2026-02-08T12:00:00,70754.4,71376.3,70710.4,71103.1,5755.059
2026-02-08T13:00:00,71103.0,71480.0,71100.5,71381.0,2974.356
2026-02-08T14:00:00,71381.0,71381.3,70657.7,70801.5,4304.587
2026-02-08T15:00:00,70801.5,71103.8,70500.0,70665.4,3400.505
2026-02-08T16:00:00,70665.5,71076.4,70607.4,71036.2,2602.596
2026-02-08T17:00:00,71036.2,72300.0,69913.3,70288.1,29907.848
2026-02-08T18:00:00,70288.2,70738.5,70065.8,70454.1,7449.806
2026-02-08T19:00:00,70453.8,70892.8,70013.3,70328.0,7691.265
2026-02-08T20:00:00,70327.9,70979.8,70175.1,70593.0,5502.864
2026-02-08T21:00:00,70593.1,71434.9,70571.4,71269.9,7431.204
2026-02-08T22:00:00,71269.8,71320.0,70875.0,70967.0,4094.329
2026-02-08T23:00:00,70966.9,71079.0,70766.8,71014.2,3491.471
2026-02-09T00:00:00,71014.1,71014.2,70251.1,70622.4,6532.962
2026-02-09T01:00:00,70622.4,70868.1,70317.8,70393.5,5044.225
2026-02-09T02:00:00,70393.5,70583.3,69358.6,69832.2,13254.842
2026-02-09T03:00:00,69832.1,70081.9,69429.5,69588.0,7835.646
2026-02-09T04:00:00,69587.9,69698.9,68373.9,68694.0,19882.71
2026-02-09T05:00:00,68694.1,68997.6,68550.0,68899.9,8037.784
2026-02-09T06:00:00,68900.0,69220.0,68822.2,69109.7,8382.834
2026-02-09T07:00:00,69109.7,69275.7,68548.3,68556.9,8131.572
2026-02-09T08:00:00,68557.0,69740.4,68271.7,69232.4,23586.094
2026-02-09T09:00:00,69232.5,69843.7,68767.6,69528.9,16427.319
2026-02-09T10:00:00,69528.9,70389.5,69050.0,70049.1,14912.022
2026-02-09T11:00:00,70049.1,71008.0,69824.4,70570.6,15731.566
2026-02-09T12:00:00,70570.6,70978.6,70045.9,70379.9,9082.287
2026-02-09T13:00:00,70379.9,71041.0,70213.1,70912.7,7258.748
2026-02-09T14:00:00,70912.6,71085.0,70450.0,70683.9,7956.699
2026-02-09T15:00:00,70683.9,70758.0,69776.1,70362.4,8040.421
2026-02-09T16:00:00,70362.4,70687.9,70236.3,70334.2,3671.125
2026-02-09T17:00:00,70334.2,70542.9,70042.1,70110.5,3013.033
2026-02-09T18:00:00,70110.6,70226.3,69705.8,69793.3,5042.715
2026-02-09T19:00:00,69793.3,70499.9,69793.3,70454.7,5037.602
2026-02-09T20:00:00,70454.7,70454.7,69952.8,70068.4,3527.539
2026-02-09T21:00:00,70068.5,70137.4,69155.8,69473.3,8925.251
2026-02-09T22:00:00,69473.2,69886.1,69432.9,69800.5,5095.792
2026-02-09T23:00:00,69800.5,69832.1,69169.1,69415.3,5921.583
2026-02-10T00:00:00,69415.4,69469.8,68633.3,68872.4,9749.316
2026-02-10T01:00:00,68872.4,69173.4,68800.1,68882.1,6144.663
2026-02-10T02:00:00,68882.2,69195.2,68686.9,69091.9,6812.081
2026-02-10T03:00:00,69091.8,69376.3,68913.9,69115.0,6222.059
2026-02-10T04:00:00,69115.0,69232.7,68876.5,68884.8,3084.9
2026-02-10T05:00:00,68884.8,69048.9,68406.4,68489.9,8671.396
2026-02-10T06:00:00,68489.9,68819.1,68370.3,68564.8,6344.953
2026-02-10T07:00:00,68564.7,69099.6,68318.0,68981.9,8027.556
2026-02-10T08:00:00,68981.8,69554.7,67883.0,68426.3,27724.225
2026-02-10T09:00:00,68426.3,69485.0,68258.7,69251.5,19063.302
2026-02-10T10:00:00,69251.4,69778.0,68889.7,69473.5,10899.266
2026-02-10T11:00:00,69473.5,69957.9,69267.8,69886.6,8006.235
2026-02-10T12:00:00,69886.5,69910.1,68555.6,68860.0,10012.65
2026-02-10T13:00:00,68860.0,69278.2,68658.9,69031.4,5821.034
2026-02-10T14:00:00,69031.3,69116.9,68585.6,68719.2,4464.833
2026-02-10T15:00:00,68719.2,68980.0,68322.1,68623.3,4547.422
2026-02-10T16:00:00,68623.3,68833.5,68526.6,68662.7,2536.382
2026-02-10T17:00:00,68662.7,68830.8,68468.9,68805.3,2189.854
2026-02-10T18:00:00,68805.3,69218.3,68750.0,69156.8,3950.544
2026-02-10T19:00:00,69156.9,69262.7,68868.8,68947.5,2672.496
2026-02-10T20:00:00,68947.5,69132.7,68563.8,68641.3,3918.734
2026-02-10T21:00:00,68641.3,68718.0,67951.8,68143.6,8603.423
2026-02-10T22:00:00,68143.6,68288.0,67320.0,67548.8,13524.481
2026-02-10T23:00:00,67548.8,67781.4,67357.0,67367.8,5558.451
2026-02-11T00:00:00,67367.8,67463.4,66511.0,66788.0,15850.0
2026-02-11T01:00:00,66786.3,67225.0,66600.1,67000.0,8187.628
2026-02-11T02:00:00,67000.0,67094.4,66755.2,66950.3,5194.714
2026-02-11T03:00:00,66950.3,67085.5,66682.1,66848.6,4120.254
2026-02-11T04:00:00,66848.6,66864.8,66342.6,66506.0,8850.049
2026-02-11T05:00:00,66506.1,67087.4,66477.9,67023.0,7071.645
2026-02-11T06:00:00,67022.9,67400.0,66922.5,67099.2,9017.22
2026-02-11T07:00:00,67099.2,67638.4,66757.9,67424.2,16779.184
2026-02-11T08:00:00,67424.1,68821.1,66400.0,66559.9,39554.805
2026-02-11T09:00:00,66559.8,66788.7,65718.5,66489.3,29237.621
2026-02-11T10:00:00,66489.4,67250.0,65910.0,66008.0,16888.019
2026-02-11T11:00:00,66008.0,66895.0,65834.5,66489.1,11145.115
2026-02-11T12:00:00,66489.1,67274.6,66114.5,67239.2,8778.468
2026-02-11T13:00:00,67239.2,67831.4,67069.4,67547.7,10690.909
2026-02-11T14:00:00,67547.6,67720.0,67138.4,67523.2,5348.964
2026-02-11T15:00:00,67523.3,68315.0,67371.5,67780.6,10323.114
2026-02-11T16:00:00,67780.6,67844.1,67352.6,67392.0,4026.619
2026-02-11T17:00:00,67392.1,67528.7,66757.4,67054.4,7333.067
2026-02-11T18:00:00,67054.8,67685.0,67016.6,67431.6,6121.49
2026-02-11T19:00:00,67431.7,68021.0,67430.5,67668.4,6103.855
2026-02-11T20:00:00,67668.3,67769.1,67370.7,67408.3,4180.768
2026-02-11T21:00:00,67408.3,67564.1,67267.1,67550.2,2723.961
2026-02-11T22:00:00,67550.3,67659.6,66962.8,66989.9,6024.71
2026-02-11T23:00:00,66989.8,67178.2,66640.0,67110.1,5661.38
2026-02-12T00:00:00,67110.1,67329.0,66976.8,67096.1,3145.66
2026-02-12T01:00:00,67096.1,67296.8,66902.6,67181.5,3137.466
2026-02-12T02:00:00,67181.5,67313.9,66860.0,67107.3,3535.509
2026-02-12T03:00:00,67107.4,67699.9,67012.5,67517.7,5312.339
2026-02-12T04:00:00,67517.7,67998.8,67372.1,67979.5,5671.9
2026-02-12T05:00:00,67979.4,68265.5,67650.1,68031.8,9190.079
2026-02-12T06:00:00,68031.8,68125.8,67684.8,67832.4,6241.212
2026-02-12T07:00:00,67832.4,68375.9,67643.3,68339.9,8579.923
2026-02-12T08:00:00,68340.0,68385.0,67448.4,67547.5,12764.267
2026-02-12T09:00:00,67547.8,67970.9,66958.0,67107.0,17537.156
2026-02-12T10:00:00,67107.0,67221.9,65503.2,65825.7,32467.878
2026-02-12T11:00:00,65825.7,66238.8,65320.4,65383.9,16841.36
2026-02-12T12:00:00,65383.8,65763.0,65081.0,65559.4,12697.179
2026-02-12T13:00:00,65559.4,66090.8,65234.0,65760.7,8965.275
2026-02-12T14:00:00,65760.7,66008.7,65177.8,65401.0,7181.946
2026-02-12T15:00:00,65401.0,65873.3,65400.1,65821.8,3994.025
2026-02-12T16:00:00,65821.7,66382.0,65610.0,66262.4,6146.564
2026-02-12T17:00:00,66262.4,66460.8,66131.1,66243.1,5767.357
2026-02-12T18:00:00,66243.2,66498.4,65833.9,65881.4,5842.004
2026-02-12T19:00:00,65881.5,66595.2,65881.5,66423.4,4784.428
2026-02-12T20:00:00,66423.4,66732.8,66345.1,66627.9,3555.029
2026-02-12T21:00:00,66628.0,66778.5,66423.1,66519.6,3869.004
2026-02-12T22:00:00,66519.6,66650.2,66273.4,66299.9,3143.937
2026-02-12T23:00:00,66300.0,66477.1,66151.5,66151.5,3317.222
2026-02-13T00:00:00,66151.5,66367.5,65964.2,66333.7,3966.275
2026-02-13T01:00:00,66333.7,66545.7,66012.2,66183.3,5353.404
2026-02-13T02:00:00,66183.3,66723.0,66159.9,66673.0,5100.09
2026-02-13T03:00:00,66673.0,67046.2,66574.9,66924.3,6938.023
2026-02-13T04:00:00,66924.4,67095.1,66766.1,66939.4,5500.592
2026-02-13T05:00:00,66939.5,67196.8,66750.0,67137.8,5321.733
2026-02-13T06:00:00,67137.8,67180.1,66887.0,67050.0,3807.097
2026-02-13T07:00:00,67050.1,67600.0,66903.0,67238.2,12858.003
2026-02-13T08:00:00,67238.1,67999.9,66823.6,67709.5,20175.242
2026-02-13T09:00:00,67709.6,69289.5,67653.0,68652.0,34623.808
2026-02-13T10:00:00,68652.1,69473.7,68500.0,68920.8,17731.884
2026-02-13T11:00:00,68920.9,69215.7,68593.8,69003.9,8251.271
2026-02-13T12:00:00,69004.0,69378.8,68853.9,69086.7,7384.669
2026-02-13T13:00:00,69086.8,69197.0,68865.2,68904.2,4796.435
2026-02-13T14:00:00,68904.3,68936.1,68639.7,68750.1,5954.506
2026-02-13T15:00:00,68750.1,69055.9,68700.1,68869.2,4475.315
2026-02-13T16:00:00,68869.2,68975.9,68674.6,68968.9,3534.643
2026-02-13T17:00:00,68968.9,68985.4,68784.1,68821.5,2758.675
2026-02-13T18:00:00,68821.5,69118.1,68736.2,69062.2,3401.089
2026-02-13T19:00:00,69062.2,69082.8,68888.1,68932.0,2790.614
2026-02-13T20:00:00,68932.0,68981.1,68817.2,68849.2,2150.014
2026-02-13T21:00:00,68849.3,68994.1,68818.0,68947.7,1300.98
2026-02-13T22:00:00,68947.7,68967.3,68755.6,68763.6,1524.606
2026-02-13T23:00:00,68763.5,68878.3,68712.8,68738.1,1721.191
2026-02-14T00:00:00,68738.2,68897.6,68689.1,68895.3,1668.924
2026-02-14T01:00:00,68895.4,69318.2,68848.1,69182.2,4212.664
2026-02-14T02:00:00,69182.1,69847.1,69174.5,69707.3,9014.765
2026-02-14T03:00:00,69707.3,69868.6,69532.3,69675.6,3644.123
2026-02-14T04:00:00,69675.6,69675.6,69542.3,69633.8,1814.741
2026-02-14T05:00:00,69633.8,70557.7,69633.7,70464.8,12955.143
2026-02-14T06:00:00,70464.8,70499.4,69525.6,69602.2,13120.622
2026-02-14T07:00:00,69602.2,69734.0,69163.7,69430.1,12223.314
2026-02-14T08:00:00,69430.0,69825.0,69295.0,69667.3,6006.689
2026-02-14T09:00:00,69667.3,70010.6,69528.3,69754.2,5019.742
2026-02-14T10:00:00,69754.2,69787.3,69259.1,69731.3,7558.442
2026-02-14T11:00:00,69731.2,69903.3,69581.9,69710.9,3909.046
2026-02-14T12:00:00,69710.9,69832.0,69641.6,69741.0,2188.209
2026-02-14T13:00:00,69741.1,69897.1,69573.8,69849.0,2297.747
2026-02-14T14:00:00,69848.9,69999.0,69682.0,69987.4,3403.725
2026-02-14T15:00:00,69987.5,70230.6,69600.0,69896.4,6008.469
2026-02-14T16:00:00,69896.4,70065.0,69737.0,69927.3,2899.885
2026-02-14T17:00:00,69927.3,69984.6,69678.1,69795.4,3699.502
2026-02-14T18:00:00,69795.4,69827.3,69562.0,69743.4,3238.879
2026-02-14T19:00:00,69743.4,69872.1,69316.0,69684.9,4637.493
2026-02-14T20:00:00,69684.9,69726.9,69325.9,69450.6,2795.265
2026-02-14T21:00:00,69450.6,69967.4,69212.2,69926.0,7900.26
2026-02-14T22:00:00,69925.9,70499.8,69925.9,70157.0,11091.112
2026-02-14T23:00:00,70156.9,70467.8,70101.5,70235.9,3563.703
2026-02-15T00:00:00,70235.9,70514.8,70150.0,70370.2,3469.854
2026-02-15T01:00:00,70370.2,70907.7,70275.5,70784.0,8122.703
2026-02-15T02:00:00,70784.0,70938.5,70114.8,70405.1,9186.136
2026-02-15T03:00:00,70405.1,70628.0,70330.7,70382.5,3031.758
2026-02-15T04:00:00,70382.5,70487.8,70166.9,70389.5,3119.24
2026-02-15T05:00:00,70389.6,70514.6,70237.1,70268.7,2979.669
2026-02-15T06:00:00,70268.6,70391.0,69266.1,69284.9,13184.43
2026-02-15T07:00:00,69285.0,69593.2,68741.4,68907.2,17152.7
2026-02-15T08:00:00,68907.2,69180.0,68811.5,69140.0,6859.823
2026-02-15T09:00:00,69139.9,69230.0,68845.0,69068.1,4590.096
2026-02-15T10:00:00,69068.1,69074.0,68753.0,68977.6,4280.153
2026-02-15T11:00:00,68977.6,69050.4,68152.0,68607.8,10221.126
2026-02-15T12:00:00,68607.8,68770.9,68313.6,68420.0,7148.019
2026-02-15T13:00:00,68420.0,68542.6,68029.6,68263.6,8934.921
2026-02-15T14:00:00,68263.7,68535.4,68100.2,68420.1,2740.043
2026-02-15T15:00:00,68420.1,68934.0,68420.1,68809.0,4572.847
2026-02-15T16:00:00,68809.0,69049.2,68756.3,68962.2,2987.689
2026-02-15T17:00:00,68962.2,68962.2,68291.1,68796.9,5442.211
2026-02-15T18:00:00,68796.9,69033.6,68656.9,68810.4,3489.707
2026-02-15T19:00:00,68810.4,69010.0,68409.3,68590.8,3231.459
2026-02-15T20:00:00,68590.8,68697.9,68210.8,68295.1,3433.838
2026-02-15T21:00:00,68295.2,68439.9,68112.2,68392.6,3282.435
2026-02-15T22:00:00,68392.6,68869.8,68385.0,68832.4,3560.902
2026-02-15T23:00:00,68832.4,68860.7,68255.0,68350.1,3036.166
2026-02-16T00:00:00,68350.1,68496.9,68183.3,68414.8,2336.176
2026-02-16T01:00:00,68414.8,68637.1,68330.4,68552.4,3390.245
2026-02-16T02:00:00,68552.5,68769.5,68503.2,68724.5,2757.79
2026-02-16T03:00:00,68724.5,69029.9,68707.0,68961.1,4388.67
2026-02-16T04:00:00,68961.0,68961.0,68656.9,68762.0,2408.932
2026-02-16T05:00:00,68762.0,68899.3,68300.0,68769.4,6290.391
2026-02-16T06:00:00,68769.4,69826.0,68769.0,69739.3,15011.463
2026-02-16T07:00:00,69739.3,70110.9,68180.0,68355.6,25343.395
2026-02-16T08:00:00,68355.5,68684.4,68208.6,68386.7,8923.954
2026-02-16T09:00:00,68386.6,68578.4,67250.0,67505.5,20303.632
2026-02-16T10:00:00,67505.5,67950.0,67475.0,67854.0,7786.366
2026-02-16T11:00:00,67854.1,68048.3,67557.2,67917.2,4993.367
2026-02-16T12:00:00,67917.2,68221.7,67800.0,67833.0,5756.956
2026-02-16T13:00:00,67833.0,68108.9,67785.4,67883.6,2130.03
2026-02-16T14:00:00,67883.5,68544.0,67788.6,68508.9,5435.593
2026-02-16T15:00:00,68508.9,68928.6,68400.0,68835.1,4982.79
2026-02-16T16:00:00,68835.2,68870.7,68471.0,68561.1,3838.864
2026-02-16T17:00:00,68561.1,68962.1,68508.0,68862.5,3466.627
2026-02-16T18:00:00,68862.6,69033.0,68667.1,68849.9,3837.321
2026-02-16T19:00:00,68849.9,68972.3,68537.0,68582.6,3318.034
2026-02-16T20:00:00,68582.7,69228.6,68350.0,68806.3,5999.397
2026-02-16T21:00:00,68806.3,68832.7,68435.7,68443.6,3323.125
2026-02-16T22:00:00,68443.6,68681.8,68251.0,68450.1,3559.07
2026-02-16T23:00:00,68450.0,68485.1,67854.2,68207.3,6793.287
2026-02-17T00:00:00,68207.2,68496.4,68191.9,68370.8,2312.074
2026-02-17T01:00:00,68370.7,68451.8,68133.1,68353.4,2771.063
2026-02-17T02:00:00,68353.4,68445.8,68093.0,68140.0,2540.194
2026-02-17T03:00:00,68139.9,68277.0,67951.6,68087.1,3457.198
2026-02-17T04:00:00,68087.0,68164.6,67655.0,67822.1,5253.726
2026-02-17T05:00:00,67822.1,67905.8,67656.5,67824.4,3948.353
2026-02-17T06:00:00,67824.3,68272.5,67795.0,67893.2,6084.282
2026-02-17T07:00:00,67893.3,68350.0,67700.3,68105.3,7085.474
2026-02-17T08:00:00,68105.3,68319.5,66676.1,66846.7,21218.988
2026-02-17T09:00:00,66846.8,67381.5,66588.0,67363.6,16794.164
2026-02-17T10:00:00,67363.6,68127.9,67286.4,67493.1,15426.984
2026-02-17T11:00:00,67493.1,67697.2,66824.5,67208.6,10398.168
2026-02-17T12:00:00,67208.5,68209.0,67088.7,68063.3,9173.279
2026-02-17T13:00:00,68063.3,68220.1,67703.5,67766.9,5922.669
2026-02-17T14:00:00,67766.9,67896.1,67426.4,67719.3,4106.759
2026-02-17T15:00:00,67718.0,67897.6,67500.0,67642.4,2203.405
2026-02-17T16:00:00,67642.4,67755.0,67473.2,67498.2,1511.448
2026-02-17T17:00:00,67498.1,67592.8,67355.7,67475.9,2146.66
2026-02-17T18:00:00,67475.9,67595.5,67241.7,67263.9,2525.282
2026-02-17T19:00:00,67267.0,67346.5,66850.1,67137.2,5545.605
2026-02-17T20:00:00,67137.2,67398.2,67115.2,67297.9,2734.463
2026-02-17T21:00:00,67298.0,67683.4,67294.7,67590.2,3054.107
2026-02-17T22:00:00,67590.3,67872.8,67456.6,67790.9,3496.315
2026-02-17T23:00:00,67790.9,67909.9,67572.0,67613.4,3560.92
2026-02-18T00:00:00,67613.3,67948.0,67577.0,67813.5,2411.858
2026-02-18T01:00:00,67813.6,68190.2,67655.9,68078.4,4282.272
2026-02-18T02:00:00,68078.5,68438.0,68033.0,68099.9,7161.381
2026-02-18T03:00:00,68099.9,68249.2,67966.0,68128.4,3514.59
2026-02-18T04:00:00,68128.4,68153.7,67704.0,67771.2,4581.366
2026-02-18T05:00:00,67771.2,67781.4,67037.2,67345.4,12045.744
2026-02-18T06:00:00,67345.4,67658.0,67312.0,67429.8,4101.002
2026-02-18T07:00:00,67429.9,67566.4,67007.0,67202.2,5965.911
2026-02-18T08:00:00,67202.3,67329.9,66666.2,67190.5,12931.349
2026-02-18T09:00:00,67190.4,68336.0,67159.5,67671.0,20144.567
2026-02-18T10:00:00,67671.1,67684.6,66933.0,67104.8,13995.137
2026-02-18T11:00:00,67104.8,67455.7,67021.8,67156.3,5566.242
2026-02-18T12:00:00,67156.6,67203.7,66129.6,66327.2,15106.978
2026-02-18T13:00:00,66327.2,66588.0,65826.1,66138.2,13685.695
2026-02-18T14:00:00,66138.3,66528.8,66098.9,66230.2,7627.587
2026-02-18T15:00:00,66230.3,66466.8,65993.1,66300.6,5568.422
2026-02-18T16:00:00,66300.5,66451.5,66192.7,66379.0,1860.076
2026-02-18T17:00:00,66379.0,66472.6,66240.0,66422.8,2506.522
2026-02-18T18:00:00,66422.8,66573.6,66301.8,66410.7,2414.967
2026-02-18T19:00:00,66410.8,66842.6,66407.9,66830.3,4017.947
2026-02-18T20:00:00,66830.4,66933.0,66610.5,66800.7,3376.35
2026-02-18T21:00:00,66800.8,66975.0,66690.1,66950.4,2140.167
2026-02-18T22:00:00,66950.4,67042.3,66721.7,66776.4,3540.004
2026-02-18T23:00:00,66776.5,66867.7,66651.8,66847.6,2124.787
2026-02-19T00:00:00,66847.6,67275.4,66836.5,67123.8,4125.633
2026-02-19T01:00:00,67123.8,67299.4,67001.6,67180.4,3197.407
2026-02-19T02:00:00,67180.4,67180.4,66769.0,66937.7,4992.942
2026-02-19T03:00:00,66937.7,67173.8,66724.6,66811.8,4295.724
2026-02-19T04:00:00,66811.7,66942.5,66711.6,66810.1,2682.196
2026-02-19T05:00:00,66810.0,66907.4,66431.1,66468.9,5663.747
2026-02-19T06:00:00,66468.8,66655.5,66272.4,66489.6,6977.581
2026-02-19T07:00:00,66489.5,66529.4,65716.7,65871.2,15683.408
2026-02-19T08:00:00,65871.2,66635.5,65595.7,66381.9,17468.809
2026-02-19T09:00:00,66382.0,66723.0,65931.2,66362.7,13215.867
2026-02-19T10:00:00,66362.6,66494.7,65863.8,66267.6,8870.021
2026-02-19T11:00:00,66267.6,67035.0,66140.9,66336.1,12509.252
2026-02-19T12:00:00,66336.0,67067.3,66215.1,67003.2,11054.245
2026-02-19T13:00:00,67003.2,67174.0,66667.0,67022.9,6888.18
2026-02-19T14:00:00,67022.8,67147.8,66784.3,67118.7,4095.459
2026-02-19T15:00:00,67118.6,67144.0,66867.5,66893.2,2482.746
2026-02-19T16:00:00,66893.1,66975.9,66618.2,66873.9,3481.079
2026-02-19T17:00:00,66873.9,66997.9,66784.1,66974.0,2134.083
2026-02-19T18:00:00,66973.9,67490.0,66912.4,67190.1,7309.963
2026-02-19T19:00:00,67190.2,67326.0,67115.2,67249.2,3013.908
2026-02-19T20:00:00,67249.3,67318.9,67137.5,67208.1,2188.245
2026-02-19T21:00:00,67208.0,67466.8,67206.6,67327.2,3650.977
2026-02-19T22:00:00,67327.2,67359.3,67079.3,67228.4,4206.018
2026-02-19T23:00:00,67228.5,67999.9,67166.1,67756.0,10525.63
2026-02-20T00:00:00,67756.1,67865.2,67612.9,67809.4,4648.2
2026-02-20T01:00:00,67809.5,67956.3,67704.5,67794.7,3751.544
2026-02-20T02:00:00,67794.8,67920.0,67716.6,67839.9,2681.315
2026-02-20T03:00:00,67839.8,68199.4,67839.8,68174.1,7335.101
2026-02-20T04:00:00,68174.2,68283.7,67733.8,67909.7,7861.981
2026-02-20T05:00:00,67909.8,67945.1,67250.0,67290.5,9755.627
2026-02-20T06:00:00,67290.4,67577.1,67222.7,67498.9,7385.525
2026-02-20T07:00:00,67498.9,67503.3,66408.1,66784.8,27320.453
2026-02-20T08:00:00,66784.8,67299.9,66629.9,67043.2,15720.31
2026-02-20T09:00:00,67043.2,68099.9,66500.8,67547.6,38584.584
2026-02-20T10:00:00,67547.6,67888.0,67253.0,67763.2,13764.663
2026-02-20T11:00:00,67763.2,67763.2,66915.0,67582.0,23395.274
2026-02-20T12:00:00,67581.9,67998.9,67437.6,67901.1,11853.491
2026-02-20T13:00:00,67901.0,67983.0,67506.8,67616.5,4978.617
2026-02-20T14:00:00,67616.5,67800.0,67486.6,67719.7,3337.43
2026-02-20T15:00:00,67719.4,67816.4,67600.0,67792.3,3179.969
2026-02-20T16:00:00,67792.3,68115.9,67603.2,68049.8,4592.295
2026-02-20T17:00:00,68049.8,68220.0,67880.0,67979.3,4262.851
2026-02-20T18:00:00,67979.3,68023.7,67745.3,67805.2,3433.568
2026-02-20T19:00:00,67805.1,67981.7,67805.1,67916.1,1705.546
2026-02-20T20:00:00,67916.2,68079.0,67875.3,67970.3,1973.738
2026-02-20T21:00:00,67970.3,67970.5,67488.9,67637.0,6371.533
2026-02-20T22:00:00,67636.9,67823.1,67555.2,67782.2,2706.041
2026-02-20T23:00:00,67782.3,67859.2,67757.1,67827.1,1563.808
2026-02-21T00:00:00,67827.2,67899.0,67711.4,67759.5,1514.282
2026-02-21T01:00:00,67759.6,67852.5,67712.6,67821.0,1050.925
2026-02-21T02:00:00,67821.0,68047.5,67776.2,68016.9,2736.752
2026-02-21T03:00:00,68016.9,68280.0,67933.3,68115.8,7484.627
2026-02-21T04:00:00,68115.7,68221.6,68108.6,68184.6,2217.915
2026-02-21T05:00:00,68184.6,68259.4,68045.5,68060.9,3985.621
2026-02-21T06:00:00,68061.0,68186.9,67882.8,68175.9,5452.278
2026-02-21T07:00:00,68175.9,68250.0,68073.0,68223.3,2021.15
2026-02-21T08:00:00,68223.3,68651.4,68146.6,68416.6,10117.936
2026-02-21T09:00:00,68416.6,68687.0,68382.7,68571.5,4347.469
2026-02-21T10:00:00,68571.5,68599.3,68066.0,68292.4,8096.719
2026-02-21T11:00:00,68292.3,68444.4,68156.4,68408.8,2897.726
2026-02-21T12:00:00,68408.8,68616.8,68339.5,68547.2,3353.44
2026-02-21T13:00:00,68547.3,68632.5,68490.0,68516.3,2162.678
2026-02-21T14:00:00,68516.3,68568.1,68114.4,68180.9,3241.815
2026-02-21T15:00:00,68180.9,68373.6,68152.2,68351.0,2122.309
2026-02-21T16:00:00,68351.1,68412.9,67860.0,67936.6,4302.123
2026-02-21T17:00:00,67936.7,68095.4,67900.8,67933.1,2635.494
2026-02-21T18:00:00,67933.2,68035.7,67763.7,67912.0,2995.986
2026-02-21T19:00:00,67912.0,68147.6,67902.6,68132.3,2782.492
2026-02-21T20:00:00,68132.3,68198.5,67836.7,67871.5,3333.311
2026-02-21T21:00:00,67871.5,68031.7,67781.2,68010.5,3389.282
2026-02-21T22:00:00,68010.5,68060.0,67931.0,67950.2,1721.132
2026-02-21T23:00:00,67950.2,67983.3,67850.4,67944.5,1744.866
2026-02-22T00:00:00,67944.5,68204.3,67933.9,68006.4,3623.535
2026-02-22T01:00:00,68006.3,68067.2,67954.6,67973.0,1853.053
2026-02-22T02:00:00,67973.0,67986.9,67877.0,67909.3,2839.387
2026-02-22T03:00:00,67909.3,68081.9,67909.3,68022.4,1792.941
2026-02-22T04:00:00,68022.4,68134.0,67982.3,68096.6,2034.918
2026-02-22T05:00:00,68096.6,68220.0,68096.6,68183.4,2418.754
2026-02-22T06:00:00,68183.4,68205.1,67836.4,67892.4,4777.343
2026-02-22T07:00:00,67892.4,68011.4,67538.0,67622.4,8419.02
2026-02-22T08:00:00,67622.3,67664.1,67310.6,67420.1,9264.553
2026-02-22T09:00:00,67420.0,67800.0,67275.0,67659.9,8713.428
2026-02-22T10:00:00,67660.0,67712.0,67486.2,67601.6,2777.038
2026-02-22T11:00:00,67601.7,67602.5,67150.0,67365.0,6481.384
2026-02-22T12:00:00,67364.9,67444.5,67288.9,67392.3,2383.208
2026-02-22T13:00:00,67392.2,67458.5,67372.6,67402.2,1339.505
2026-02-22T14:00:00,67402.1,67464.3,67324.1,67374.9,1764.705
2026-02-22T15:00:00,67375.0,67617.0,67375.0,67576.2,1649.612
2026-02-22T16:00:00,67576.2,67728.0,67450.1,67631.2,2858.429
2026-02-22T17:00:00,67631.2,67707.7,67435.5,67613.5,3385.54
2026-02-22T18:00:00,67613.6,67655.8,66680.1,66705.8,8139.611
2026-02-22T19:00:00,66705.8,66705.8,64232.8,64387.2,58774.078
2026-02-22T20:00:00,64387.2,64877.2,64273.8,64742.4,14329.587
2026-02-22T21:00:00,64742.5,65071.7,64658.0,64894.0,7843.597
2026-02-22T22:00:00,64894.1,64989.9,64628.5,64777.3,4946.411
2026-02-22T23:00:00,64777.2,65189.3,64768.8,65031.9,6877.93
2026-02-23T00:00:00,65031.9,65775.0,64990.8,65717.7,11459.287
2026-02-23T01:00:00,65717.7,65980.0,65597.5,65915.8,8197.238
2026-02-23T02:00:00,65915.7,65922.9,65534.6,65639.0,6455.79
2026-02-23T03:00:00,65639.0,66432.9,65633.8,66374.8,11681.811
2026-02-23T04:00:00,66374.9,66574.5,66182.4,66291.1,7254.377
2026-02-23T05:00:00,66291.2,66462.1,66072.5,66170.8,5334.809
2026-02-23T06:00:00,66170.8,66490.0,65860.9,66249.9,10192.338
2026-02-23T07:00:00,66250.0,66397.8,66067.7,66099.9,6492.762
2026-02-23T08:00:00,66099.9,66234.6,65500.0,65895.5,16521.43
2026-02-23T09:00:00,65895.6,66240.4,65556.6,65633.1,10861.521
2026-02-23T10:00:00,65633.1,65701.2,65155.0,65343.1,13293.019
2026-02-23T11:00:00,65343.0,65431.4,64111.8,64787.3,21891.512
2026-02-23T12:00:00,64787.2,65149.0,64553.3,64602.9,10623.736
2026-02-23T13:00:00,64602.9,64822.9,64050.0,64273.9,11253.569
2026-02-23T14:00:00,64273.9,64460.0,63860.0,64445.9,10007.41
2026-02-23T15:00:00,64445.9,64758.0,64427.5,64554.6,5109.025
2026-02-23T16:00:00,64554.6,64989.0,64526.9,64694.3,5115.153
2026-02-23T17:00:00,64694.4,64873.6,64484.2,64625.8,4495.295
2026-02-23T18:00:00,64625.8,64980.0,64625.7,64910.2,4047.921
2026-02-23T19:00:00,64910.2,64910.2,63375.6,64131.0,22474.378
2026-02-23T20:00:00,64131.0,64480.0,63962.2,64080.3,6227.529
2026-02-23T21:00:00,64080.2,64080.2,63303.9,63570.5,12030.927
2026-02-23T22:00:00,63570.5,63606.3,62818.0,63338.2,18580.85
2026-02-23T23:00:00,63338.1,63514.4,62655.0,63067.5,12128.199
2026-02-24T00:00:00,63067.5,63290.9,62848.5,63050.4,6001.515
2026-02-24T01:00:00,63050.4,63333.0,62885.4,63155.3,6451.535
2026-02-24T02:00:00,63155.4,63432.4,62965.2,63357.2,5545.127
2026-02-24T03:00:00,63357.2,63384.0,62900.0,63213.3,5799.677
2026-02-24T04:00:00,63213.4,63341.6,63068.6,63250.0,3115.546
2026-02-24T05:00:00,63250.0,63295.9,63027.0,63192.2,3404.0
2026-02-24T06:00:00,63192.1,63319.2,62923.0,62936.0,5583.868
2026-02-24T07:00:00,62935.9,63083.7,62401.7,62877.0,16775.853
2026-02-24T08:00:00,62877.0,63807.5,62727.0,63422.0,19172.078
2026-02-24T09:00:00,63422.0,63993.1,63270.6,63933.4,14213.937
2026-02-24T10:00:00,63933.4,64388.0,63664.8,64227.3,17533.603
2026-02-24T11:00:00,64227.4,64491.0,64013.5,64188.8,10364.42
2026-02-24T12:00:00,64188.8,64478.5,63850.0,64395.1,8711.554
2026-02-24T13:00:00,64395.1,64719.1,64214.3,64405.4,7655.551
2026-02-24T14:00:00,64405.4,64566.5,64281.5,64430.8,3535.966
2026-02-24T15:00:00,64430.8,64430.8,63769.2,64009.2,7279.071
2026-02-24T16:00:00,64009.2,64200.0,63943.5,64091.8,2811.42
2026-02-24T17:00:00,64091.8,64217.2,63821.5,64031.3,3706.044
2026-02-24T18:00:00,64031.4,64288.0,63876.0,64188.9,3357.423
2026-02-24T19:00:00,64189.0,66283.1,64106.0,65860.4,33987.242
2026-02-24T20:00:00,65860.4,66279.1,65817.2,65852.0,10049.211
2026-02-24T21:00:00,65852.0,65928.7,65310.5,65361.7,9461.209
2026-02-24T22:00:00,65361.7,65627.5,65053.9,65427.9,7601.452
2026-02-24T23:00:00,65428.0,65488.2,64720.4,64847.9,9492.636
2026-02-25T00:00:00,64847.9,65098.5,64828.8,64862.6,4110.235
2026-02-25T01:00:00,64862.6,65160.4,64735.5,65001.1,5408.19
2026-02-25T02:00:00,65001.2,65550.0,64929.7,65490.9,6516.588
2026-02-25T03:00:00,65491.0,65674.1,65389.4,65524.2,5041.966
2026-02-25T04:00:00,65524.2,65640.0,65303.7,65364.4,3393.598
2026-02-25T05:00:00,65364.5,65457.3,65161.0,65396.7,4109.429
2026-02-25T06:00:00,65396.6,66222.0,65280.1,66038.7,12344.16
2026-02-25T07:00:00,66038.7,66687.1,65987.3,66209.5,16065.453
2026-02-25T08:00:00,66209.5,66985.5,66179.2,66936.9,17904.632
2026-02-25T09:00:00,66936.7,67548.0,66680.0,67362.3,23031.077
2026-02-25T10:00:00,67362.4,68300.5,67354.2,68249.9,20141.855
2026-02-25T11:00:00,68249.9,68842.0,67977.7,68625.6,21743.254
2026-02-25T12:00:00,68625.6,69531.3,68340.0,69293.3,23250.448
2026-02-25T13:00:00,69293.3,69375.1,68720.8,69005.2,12030.281
2026-02-25T14:00:00,69005.2,69350.0,68567.9,69104.9,11219.91
2026-02-25T15:00:00,69104.9,69999.0,68720.0,68874.2,16882.927
2026-02-25T16:00:00,68874.2,69149.7,68014.8,68402.0,10522.275
2026-02-25T17:00:00,68402.0,68665.2,67557.0,67952.5,11573.367
2026-02-25T18:00:00,67952.5,68504.3,67690.1,68294.4,9314.348
2026-02-25T19:00:00,68294.3,68666.0,68172.6,68213.9,5815.129
2026-02-25T20:00:00,68213.9,68346.4,67756.8,68219.2,5909.991
2026-02-25T21:00:00,68219.1,68350.0,68003.7,68187.5,3139.778
2026-02-25T22:00:00,68187.4,68850.0,68150.0,68533.1,6339.379
2026-02-25T23:00:00,68533.1,68534.3,68080.0,68408.2,5313.482
2026-02-26T00:00:00,68408.3,68487.8,68025.5,68146.1,3448.274
2026-02-26T01:00:00,68146.1,68269.9,67780.0,67800.0,4904.038
2026-02-26T02:00:00,67800.0,68218.3,67750.0,67923.3,5660.488
2026-02-26T03:00:00,67923.4,68617.3,67900.0,68553.0,7564.554
2026-02-26T04:00:00,68553.0,68689.7,68221.9,68271.9,5677.056
2026-02-26T05:00:00,68272.0,68371.3,67952.0,68025.2,4131.917
2026-02-26T06:00:00,68025.2,68270.9,67968.2,68140.9,4562.323
2026-02-26T07:00:00,68140.9,68187.0,67810.2,67877.8,5085.134
2026-02-26T08:00:00,67877.8,68263.5,67235.8,67659.8,18560.813
2026-02-26T09:00:00,67659.8,67707.8,66730.7,67353.4,22208.114
2026-02-26T10:00:00,67353.3,67558.7,66462.0,66617.3,17506.162
2026-02-26T11:00:00,66617.3,67026.8,66567.9,66795.5,9250.342
2026-02-26T12:00:00,66795.4,67347.4,66536.1,67268.9,10783.8
2026-02-26T13:00:00,67268.8,67888.0,67246.3,67550.7,9781.421
2026-02-26T14:00:00,67550.7,67790.1,67250.3,67386.5,5013.719
2026-02-26T15:00:00,67386.6,67549.9,67114.0,67432.1,3217.343
2026-02-26T16:00:00,67432.1,67592.9,67269.1,67531.4,2128.634
2026-02-26T17:00:00,67531.3,67618.1,67352.3,67448.2,2520.816
2026-02-26T18:00:00,67448.1,67502.9,66959.0,67190.3,5416.236
2026-02-26T19:00:00,67190.3,67344.6,66841.6,67315.9,7510.213
2026-02-26T20:00:00,67315.9,67500.0,67220.0,67226.5,4414.605
2026-02-26T21:00:00,67226.4,67670.0,67050.0,67557.4,4966.812
2026-02-26T22:00:00,67557.4,68188.8,67533.8,67709.2,11610.448
2026-02-26T23:00:00,67709.1,67887.9,67634.0,67685.8,3511.289
2026-02-27T00:00:00,67685.8,67787.3,67470.0,67617.1,3421.47
2026-02-27T01:00:00,67617.1,67733.7,67417.4,67644.1,4247.954
2026-02-27T02:00:00,67644.1,68050.0,67618.5,67897.4,5538.297
2026-02-27T03:00:00,67897.5,68127.8,67245.0,67318.4,8171.319
2026-02-27T04:00:00,67318.3,67381.0,66540.4,66575.1,17347.378
2026-02-27T05:00:00,66575.2,66762.6,65923.0,66094.1,19157.119
2026-02-27T06:00:00,66094.0,66198.0,65714.2,65902.4,10737.721
2026-02-27T07:00:00,65902.5,66320.0,65626.1,66240.0,15499.709
2026-02-27T08:00:00,66240.0,66300.0,65656.0,65855.5,16692.908
2026-02-27T09:00:00,65855.4,66289.8,65804.8,66072.6,10996.948
2026-02-27T10:00:00,66072.5,66095.2,65433.2,65449.3,13536.014
2026-02-27T11:00:00,65449.3,65724.3,65080.0,65673.0,12844.531
2026-02-27T12:00:00,65672.9,65772.4,65180.0,65284.8,6397.309
2026-02-27T13:00:00,65284.8,65433.7,65135.3,65365.4,4953.94
2026-02-27T14:00:00,65365.4,65638.0,65365.4,65564.2,4137.96
2026-02-27T15:00:00,65564.3,65721.6,65366.5,65502.3,3322.086
2026-02-27T16:00:00,65502.2,65647.2,64875.6,65609.0,7159.562
2026-02-27T17:00:00,65609.0,65921.7,65517.6,65836.0,4365.536
2026-02-27T18:00:00,65836.0,65990.0,65681.9,65906.3,3731.321
2026-02-27T19:00:00,65906.3,65943.6,65701.2,65747.2,2477.01
2026-02-27T20:00:00,65747.3,65994.7,65734.2,65926.9,1986.768
2026-02-27T21:00:00,65927.0,65949.7,65700.9,65763.8,2469.945
2026-02-27T22:00:00,65763.8,65786.8,65441.0,65632.0,4292.979
2026-02-27T23:00:00,65632.1,65700.0,65462.1,65558.6,2751.317
2026-02-28T00:00:00,65558.6,65560.0,62979.5,63173.8,43103.63
2026-02-28T01:00:00,63173.8,64298.7,62981.2,63788.4,27050.351
2026-02-28T02:00:00,63787.4,63851.3,63356.1,63439.7,11400.498
2026-02-28T03:00:00,63439.6,63923.6,63313.9,63621.4,7329.197
2026-02-28T04:00:00,63621.3,64030.0,63377.5,63964.5,7531.393
2026-02-28T05:00:00,63964.5,64267.9,63736.0,63810.4,9652.625
2026-02-28T06:00:00,63810.4,64053.3,63782.2,63980.0,4061.843
2026-02-28T07:00:00,63979.9,65190.0,63865.6,65069.5,19174.396
2026-02-28T08:00:00,65069.5,65335.8,64239.3,64402.4,22265.916
2026-02-28T09:00:00,64402.5,64991.8,64175.8,64800.0,10106.884
2026-02-28T10:00:00,64800.1,65170.5,64635.0,65053.8,5441.518
2026-02-28T11:00:00,65053.7,65581.3,64800.0,65395.4,7093.869
2026-02-28T12:00:00,65395.3,66165.8,65139.4,65873.0,11466.289
2026-02-28T13:00:00,65872.9,66642.8,65557.3,66318.1,15159.578
2026-02-28T14:00:00,66318.1,67138.0,66150.0,66918.6,12499.792
2026-02-28T15:00:00,66918.6,67009.9,66329.7,66684.8,10109.567
2026-02-28T16:00:00,66684.8,67735.0,66579.1,67081.4,11439.266
2026-02-28T17:00:00,67081.4,67183.3,66688.3,66937.1,5326.834
2026-02-28T18:00:00,66937.0,67089.6,66578.3,66755.6,5453.855
2026-02-28T19:00:00,66755.5,67686.7,65812.0,67311.6,22231.963
2026-02-28T20:00:00,67311.7,68189.0,67305.2,67588.3,21306.568
2026-02-28T21:00:00,67588.3,67793.4,67351.0,67474.7,7567.478
2026-02-28T22:00:00,67474.8,67582.2,67017.4,67313.0,7115.379
2026-02-28T23:00:00,67313.1,67547.3,67163.5,67264.2,4624.974
2026-03-01T00:00:00,67264.2,67320.0,66757.2,66890.1,8291.891
2026-03-01T01:00:00,66890.0,67201.2,66757.9,67113.9,4429.365
2026-03-01T02:00:00,67114.0,67275.5,66429.8,66535.0,7870.48
2026-03-01T03:00:00,66535.0,66745.4,66205.8,66380.1,7940.514
2026-03-01T04:00:00,66380.1,66720.2,66160.4,66430.0,6282.75
2026-03-01T05:00:00,66429.9,66638.0,66344.0,66439.0,3236.298
2026-03-01T06:00:00,66439.0,66525.9,66211.6,66270.6,3458.03
2026-03-01T07:00:00,66270.5,67333.0,66100.0,66907.1,13102.466
2026-03-01T08:00:00,66907.2,67280.0,66702.9,66817.5,8503.088
2026-03-01T09:00:00,66817.5,67219.1,66770.2,66810.8,6402.057
2026-03-01T10:00:00,66810.8,67083.0,65777.0,66112.2,14881.785
2026-03-01T11:00:00,66112.2,66200.0,65681.3,65956.8,10459.874
2026-03-01T12:00:00,65956.7,66656.0,65954.2,66288.1,8012.274
2026-03-01T13:00:00,66288.0,66325.8,65750.0,65926.0,5738.349
2026-03-01T14:00:00,65925.9,65932.0,65030.3,65255.7,11496.845
2026-03-01T15:00:00,65255.7,65726.7,65242.0,65629.3,4805.846
2026-03-01T16:00:00,65629.2,66888.0,65011.0,65241.0,16839.769
2026-03-01T17:00:00,65241.0,66052.6,65092.4,65750.0,9059.538
2026-03-01T18:00:00,65749.9,66766.0,65726.0,66472.5,9209.574
2026-03-01T19:00:00,66472.6,67082.5,66326.7,66500.0,7438.848
2026-03-01T20:00:00,66500.0,66585.0,65842.5,66242.2,6462.206
2026-03-01T21:00:00,66242.2,67014.9,66071.0,66787.3,6935.105
2026-03-01T22:00:00,66787.3,66950.0,66600.1,66825.1,4900.156
2026-03-01T23:00:00,66825.2,66966.0,66513.8,66701.2,4040.023
2026-03-02T00:00:00,66701.2,66703.1,66015.0,66176.9,6189.233
2026-03-02T01:00:00,66176.8,66182.9,65509.0,65981.3,8780.148
2026-03-02T02:00:00,65981.2,66279.2,65612.4,66247.9,7684.981
2026-03-02T03:00:00,66247.9,66707.5,66118.8,66132.3,8485.67
2026-03-02T04:00:00,66132.3,66368.5,66039.6,66284.0,3720.637
2026-03-02T05:00:00,66284.0,66455.7,65973.1,66329.9,5955.186
2026-03-02T06:00:00,66329.8,66369.1,65879.6,65927.8,4353.668
2026-03-02T07:00:00,65927.7,66111.9,65319.9,65412.3,10340.986
2026-03-02T08:00:00,65412.3,67188.0,65234.4,67128.7,27469.276
2026-03-02T09:00:00,67128.6,69588.0,66911.2,69089.1,58354.38
2026-03-02T10:00:00,69089.1,70100.0,68871.6,69395.6,34435.94
2026-03-02T11:00:00,69395.2,69549.2,68757.6,69170.3,14982.278
2026-03-02T12:00:00,69170.0,69247.1,68700.1,68853.8,9943.864
2026-03-02T13:00:00,68853.8,69039.1,68519.8,68928.4,9926.528
2026-03-02T14:00:00,68928.4,69468.4,68529.5,69054.2,11481.181
2026-03-02T15:00:00,69054.1,69500.0,68953.9,69366.9,4924.284
2026-03-02T16:00:00,69366.9,69459.0,69103.0,69414.2,4427.311
2026-03-02T17:00:00,69414.2,69453.8,68700.0,68801.8,6936.569
2026-03-02T18:00:00,68801.8,69132.2,68600.0,69051.9,5873.573
2026-03-02T19:00:00,69051.8,69221.6,68717.4,68724.6,4829.284
2026-03-02T20:00:00,68724.5,68744.0,68142.1,68478.1,10001.474
2026-03-02T21:00:00,68478.0,68516.2,68186.4,68349.3,3949.677
2026-03-02T22:00:00,68349.4,68425.7,68018.0,68093.0,4139.493
2026-03-02T23:00:00,68093.1,68561.9,67801.0,67911.6,9362.483
2026-03-03T00:00:00,67911.6,68248.0,67759.6,68070.0,6540.543
2026-03-03T01:00:00,68070.0,68264.2,67915.2,68138.3,5141.807
2026-03-03T02:00:00,68138.2,68281.6,66853.5,66972.7,18782.595
2026-03-03T03:00:00,66972.8,67157.0,66270.7,66614.5,19131.814
2026-03-03T04:00:00,66614.4,67035.6,66400.0,66826.3,10902.445
2026-03-03T05:00:00,66826.4,67134.8,66729.0,67000.0,8766.398
2026-03-03T06:00:00,67000.0,68000.0,67000.0,67360.1,14562.66
2026-03-03T07:00:00,67360.1,67400.0,66600.5,66893.6,11113.994
2026-03-03T08:00:00,66893.7,67559.0,66080.0,66539.9,22608.56
2026-03-03T09:00:00,66539.9,67830.9,66424.1,67692.5,19647.813
2026-03-03T10:00:00,67692.5,68972.9,67440.0,68137.4,29658.399
2026-03-03T11:00:00,68137.4,68377.9,67582.6,68280.5,12272.207
2026-03-03T12:00:00,68280.5,68885.0,67934.2,68589.9,9732.567
2026-03-03T13:00:00,68590.0,68845.8,68260.0,68395.9,9839.05
2026-03-03T14:00:00,68395.9,68557.4,68042.4,68232.9,5543.55
2026-03-03T15:00:00,68233.3,68233.3,67778.4,67976.5,5601.34
2026-03-03T16:00:00,67976.5,68485.5,67976.5,68275.1,3828.395
2026-03-03T17:00:00,68275.2,68821.5,68206.4,68295.3,5639.779
2026-03-03T18:00:00,68295.2,68383.4,67826.0,68065.8,6011.63
2026-03-03T19:00:00,68065.8,68887.9,67922.4,68377.9,11304.59
2026-03-03T20:00:00,68384.6,68419.7,67950.0,68286.0,5555.688
2026-03-03T21:00:00,68286.0,68360.2,67350.0,67700.1,10820.92
2026-03-03T22:00:00,67700.1,67926.9,67421.9,67755.8,8295.566
2026-03-03T23:00:00,67755.8,68353.9,67635.4,68173.2,6613.261
2026-03-04T00:00:00,68173.2,68650.1,68001.7,68472.2,8162.03
2026-03-04T01:00:00,68472.3,69676.4,68316.0,69464.5,16259.938
2026-03-04T02:00:00,69464.5,71200.0,69100.2,70993.7,30573.652
2026-03-04T03:00:00,70993.7,71887.9,70700.0,71487.1,36488.931
2026-03-04T04:00:00,71487.1,71844.0,71155.1,71310.9,16418.918
2026-03-04T05:00:00,71310.8,71468.0,70893.1,71082.4,11129.631
2026-03-04T06:00:00,71082.3,71340.0,70559.7,71307.8,14975.823
2026-03-04T07:00:00,71307.9,71589.8,71177.7,71447.9,9645.846
2026-03-04T08:00:00,71448.0,72630.0,71234.6,71580.5,36307.387
2026-03-04T09:00:00,71580.4,73436.4,71527.6,73339.7,31689.444
2026-03-04T10:00:00,73339.7,73473.0,72467.2,73241.2,19384.847
2026-03-04T11:00:00,73241.2,73702.1,72858.0,73174.2,18949.695
2026-03-04T12:00:00,73174.3,73686.6,72854.0,73651.4,11649.014
2026-03-04T13:00:00,73651.3,74046.5,73470.0,73580.2,17042.452
2026-03-04T14:00:00,73580.3,73678.2,72961.8,72971.8,7734.423
2026-03-04T15:00:00,72973.3,73290.8,72830.8,73273.5,6584.225
2026-03-04T16:00:00,73273.6,73495.0,72601.2,72678.9,6322.508
2026-03-04T17:00:00,72678.9,72885.1,72273.0,72641.4,9223.077
2026-03-04T18:00:00,72641.4,72972.8,72511.5,72725.0,5461.309
2026-03-04T19:00:00,72725.1,73295.7,72369.3,72507.8,8015.49
2026-03-04T20:00:00,72507.8,72856.3,72300.0,72468.9,5624.209
2026-03-04T21:00:00,72469.0,72718.1,72305.8,72469.6,4490.677
2026-03-04T22:00:00,72469.5,73060.0,72412.8,72784.0,7056.768
2026-03-04T23:00:00,72784.1,72897.9,72200.6,72374.9,5711.142
2026-03-05T00:00:00,72375.0,72637.8,72000.1,72520.3,9364.676
2026-03-05T01:00:00,72520.3,72650.0,71740.0,72025.5,10496.501
2026-03-05T02:00:00,72025.4,72340.0,71716.3,72307.6,7873.804
2026-03-05T03:00:00,72307.6,72863.0,72272.0,72563.2,8980.675
2026-03-05T04:00:00,72563.1,73539.1,72480.6,73347.0,13356.231
2026-03-05T05:00:00,73346.9,73410.9,72745.4,72879.9,8191.802
2026-03-05T06:00:00,72880.0,73032.0,72625.1,72842.2,6507.231
2026-03-05T07:00:00,72842.2,72896.8,72150.1,72435.5,11672.873
2026-03-05T08:00:00,72435.5,72817.0,71900.1,72574.7,15877.66
2026-03-05T09:00:00,72574.7,72741.4,71136.2,71611.7,28134.123
2026-03-05T10:00:00,71611.7,71620.6,70753.3,71267.9,23809.25
2026-03-05T11:00:00,71267.9,71537.2,70612.8,70668.5,11791.622
2026-03-05T12:00:00,70668.5,71052.5,70622.1,70962.8,7008.813
2026-03-05T13:00:00,70962.9,71444.8,70836.0,70875.5,8352.6
2026-03-05T14:00:00,70875.5,71360.9,70805.9,71206.2,5278.268
2026-03-05T15:00:00,71205.8,71530.4,70974.5,71099.7,5394.081
2026-03-05T16:00:00,71099.6,71340.0,71022.1,71170.9,3506.972
2026-03-05T17:00:00,71170.9,71268.1,70737.9,70854.8,4211.503
2026-03-05T18:00:00,70854.8,71024.9,70740.0,70952.5,3722.132
2026-03-05T19:00:00,70952.5,71257.6,70339.6,71217.0,10302.634
2026-03-05T20:00:00,71217.0,71387.5,70976.8,71204.1,5832.058
2026-03-05T21:00:00,71204.0,71253.0,70955.0,71045.4,3423.096
2026-03-05T22:00:00,71045.4,71081.5,70212.1,70578.1,8042.787
2026-03-05T23:00:00,70578.2,70628.7,70100.0,70396.4,8954.235
2026-03-06T00:00:00,70396.4,70830.9,70220.9,70565.5,5493.066
2026-03-06T01:00:00,70565.5,71168.0,70430.7,71026.7,7121.896
2026-03-06T02:00:00,71026.7,71035.3,70696.4,70750.2,5540.301
2026-03-06T03:00:00,70750.2,70789.9,70254.5,70521.4,7216.33
2026-03-06T04:00:00,70521.3,70768.2,70430.2,70506.8,5855.599
2026-03-06T05:00:00,70506.8,70621.0,70164.9,70185.6,6456.736
2026-03-06T06:00:00,70185.6,70200.7,69617.0,69895.2,16131.245
2026-03-06T07:00:00,69895.2,70328.5,69179.4,69189.6,19434.724
2026-03-06T08:00:00,69189.6,69241.1,68121.6,68367.6,32722.829
2026-03-06T09:00:00,68367.7,69079.6,68258.8,68468.4,16443.814
2026-03-06T10:00:00,68468.3,68759.5,68186.0,68410.2,9474.656
2026-03-06T11:00:00,68410.2,68611.4,67712.3,67930.7,13802.563
2026-03-06T12:00:00,67930.6,68444.0,67921.5,68144.0,7159.918
2026-03-06T13:00:00,68143.9,68450.0,67967.2,68101.0,4463.33
2026-03-06T14:00:00,68100.9,68259.0,67731.0,68078.2,6522.438
2026-03-06T15:00:00,68078.1,68306.6,67890.7,68258.3,3942.37
2026-03-06T16:00:00,68258.3,68406.6,68190.0,68291.2,2405.901
2026-03-06T17:00:00,68291.2,68343.4,68059.7,68083.0,2918.045
2026-03-06T18:00:00,68083.0,68372.3,68075.3,68243.2,3947.187
2026-03-06T19:00:00,68243.1,68332.0,68140.0,68222.2,2165.539
2026-03-06T20:00:00,68222.2,68346.6,68018.7,68320.1,3311.096
2026-03-06T21:00:00,68320.0,68524.9,68063.0,68063.2,4750.837
2026-03-06T22:00:00,68063.3,68130.7,67764.1,68028.0,4612.641
2026-03-06T23:00:00,68028.0,68111.2,67867.4,67990.1,3104.785
2026-03-07T00:00:00,67990.0,67998.0,67570.3,67665.7,5214.52
2026-03-07T01:00:00,67665.9,67837.4,67411.0,67809.4,7321.815
2026-03-07T02:00:00,67809.5,68035.3,67675.0,67767.6,4204.746
2026-03-07T03:00:00,67767.6,68045.3,67700.0,67970.5,2627.49
2026-03-07T04:00:00,67970.5,68078.0,67835.1,67851.6,2423.835
2026-03-07T05:00:00,67851.7,68215.6,67808.4,67975.9,4583.017
2026-03-07T06:00:00,67976.0,68050.6,67855.2,67954.6,2241.462
2026-03-07T07:00:00,67954.6,68042.3,67810.0,67891.3,2874.732
2026-03-07T08:00:00,67891.2,68061.1,67568.4,67980.1,5505.818
2026-03-07T09:00:00,67980.1,68000.0,67732.1,67844.8,2756.401
2026-03-07T10:00:00,67844.8,67859.1,67663.3,67757.5,2484.1
2026-03-07T11:00:00,67757.6,67913.6,67728.1,67749.7,1634.56
2026-03-07T12:00:00,67749.7,67749.8,67400.0,67530.8,5378.419
2026-03-07T13:00:00,67530.8,67537.4,66850.1,67042.6,10028.411
2026-03-07T14:00:00,67042.6,67397.5,67028.0,67354.4,4183.176
2026-03-07T15:00:00,67354.4,67445.9,67233.5,67416.4,2984.912
2026-03-07T16:00:00,67416.3,67434.3,67058.0,67220.0,3495.084
2026-03-07T17:00:00,67220.0,67373.9,67137.4,67232.1,2735.579
2026-03-07T18:00:00,67232.1,67459.0,67138.0,67161.0,3238.005
2026-03-07T19:00:00,67161.0,67329.7,67055.3,67266.3,3186.835
2026-03-07T20:00:00,67266.2,67399.8,66720.8,66894.8,6471.532
2026-03-07T21:00:00,66894.9,67060.5,66804.0,66974.9,3989.017
2026-03-07T22:00:00,66974.9,67059.9,66508.0,66602.7,6115.794
2026-03-07T23:00:00,66602.7,67221.1,66584.0,67115.4,5510.805
2026-03-08T00:00:00,67115.3,67202.5,67002.4,67134.3,2597.991
2026-03-08T01:00:00,67134.4,67430.0,67121.3,67277.2,4329.469
2026-03-08T02:00:00,67277.1,67565.3,67121.1,67490.9,4182.357
2026-03-08T03:00:00,67491.0,67888.0,67432.7,67662.9,7791.766
2026-03-08T04:00:00,67663.0,68171.6,67659.5,67869.1,7938.315
2026-03-08T05:00:00,67869.0,67869.0,67377.0,67490.0,7889.439
2026-03-08T06:00:00,67490.1,67623.0,66851.3,67286.0,9841.173
2026-03-08T07:00:00,67286.0,67411.3,66730.0,67196.9,9377.126
2026-03-08T08:00:00,67196.8,67399.9,67018.0,67304.1,4444.089
2026-03-08T09:00:00,67304.1,67333.1,67030.1,67174.7,3677.216
2026-03-08T10:00:00,67174.6,67232.0,66761.8,66829.9,5456.96
2026-03-08T11:00:00,66830.0,67151.7,66752.5,67017.0,4587.48
2026-03-08T12:00:00,67017.1,67047.3,66707.0,66777.5,3290.315
2026-03-08T13:00:00,66777.6,67459.2,66746.0,67299.0,5520.081
2026-03-08T14:00:00,67299.0,67496.4,67000.0,67195.7,5379.717
2026-03-08T15:00:00,67195.6,67231.9,66666.6,66977.1,4698.142
2026-03-08T16:00:00,66977.1,66978.3,65569.2,66198.4,28794.349
2026-03-08T17:00:00,66198.4,66527.2,65880.0,65934.3,7440.0
2026-03-08T18:00:00,65934.3,66730.0,65770.5,66326.9,9031.717
2026-03-08T19:00:00,66326.8,66655.5,66081.5,66150.1,8094.46
2026-03-08T20:00:00,66150.1,66678.2,65916.9,66500.0,8121.416
2026-03-08T21:00:00,66500.1,67646.0,66476.9,67165.3,16188.39
2026-03-08T22:00:00,67165.3,67593.0,67067.3,67100.3,6821.112
2026-03-08T23:00:00,67100.3,68038.4,67080.2,67869.6,19434.419
2026-03-09T00:00:00,67869.7,67894.0,67177.0,67229.8,7260.539
2026-03-09T01:00:00,67229.9,67536.9,66833.9,67504.8,9142.616
2026-03-09T02:00:00,67504.9,67885.3,67344.4,67772.4,7326.334
2026-03-09T03:00:00,67772.4,68441.5,67523.0,67946.5,12990.961
2026-03-09T04:00:00,67946.4,68058.2,67518.0,67571.2,7279.91
2026-03-09T05:00:00,67571.3,67832.6,67301.0,67723.3,5816.612
2026-03-09T06:00:00,67723.3,68311.7,67714.2,68124.1,9150.791
2026-03-09T07:00:00,68124.1,69273.9,68102.2,68939.9,25828.099
2026-03-09T08:00:00,68940.0,69449.1,68641.5,69112.8,19049.533
2026-03-09T09:00:00,69112.8,69215.0,68688.4,68832.3,10472.653
2026-03-09T10:00:00,68832.4,69188.0,68586.4,68920.5,8276.447
2026-03-09T11:00:00,68920.6,69056.1,68217.0,68570.0,9203.08
2026-03-09T12:00:00,68570.0,68673.0,68200.1,68327.4,5898.916
2026-03-09T13:00:00,68327.5,69498.0,68327.5,68951.8,16556.025
2026-03-09T14:00:00,68951.8,69100.2,68718.0,68916.3,4040.448
2026-03-09T15:00:00,68916.3,69064.1,68621.4,68882.7,4209.388
2026-03-09T16:00:00,68882.7,69000.0,68554.2,68602.2,3669.173
2026-03-09T17:00:00,68602.2,68663.0,68333.0,68394.1,3348.508
2026-03-09T18:00:00,68394.0,69259.9,68345.0,69113.1,9307.003
2026-03-09T19:00:00,69113.2,69362.9,68721.4,69229.0,6185.545
2026-03-09T20:00:00,69229.0,70555.0,69064.0,70242.0,21185.276
2026-03-09T21:00:00,70242.0,70348.1,69338.5,69391.0,14851.618
2026-03-09T22:00:00,69391.0,70094.7,69391.0,70035.8,7588.522
2026-03-09T23:00:00,70035.8,70330.4,69842.7,69938.3,5896.564
2026-03-10T00:00:00,69938.3,70160.3,69719.4,69879.6,5295.311
2026-03-10T01:00:00,69879.6,70500.0,69793.7,70374.7,9538.167
2026-03-10T02:00:00,70374.7,71067.2,70332.2,70650.9,17259.654
2026-03-10T03:00:00,70650.9,71272.4,70615.5,71030.4,9706.299
2026-03-10T04:00:00,71030.5,71049.9,70619.5,70737.6,6456.746
2026-03-10T05:00:00,70737.6,70837.1,70505.3,70570.1,5481.434
2026-03-10T06:00:00,70570.1,70602.5,70250.2,70486.8,7433.234
2026-03-10T07:00:00,70486.9,70888.0,69680.0,69883.7,21024.626
2026-03-10T08:00:00,69883.7,71499.9,69184.8,71435.7,29703.516
2026-03-10T09:00:00,71435.7,71748.1,70856.3,71296.9,21662.665
2026-03-10T10:00:00,71296.9,71665.8,70900.0,71224.5,11120.174
2026-03-10T11:00:00,71224.5,71412.3,70465.1,70827.1,10212.15
2026-03-10T12:00:00,70827.1,70871.7,69854.7,69975.2,13175.467
2026-03-10T13:00:00,69975.2,70249.1,69688.0,70005.2,8965.888
2026-03-10T14:00:00,70005.1,70311.4,69958.1,70192.9,4454.993
2026-03-10T15:00:00,70192.9,70375.4,69485.7,69712.8,8217.244
2026-03-10T16:00:00,69712.9,69830.2,69388.0,69653.9,5305.285
2026-03-10T17:00:00,69653.9,69938.2,69644.6,69901.9,5647.103
2026-03-10T18:00:00,69901.8,70139.6,69707.8,69998.1,6635.47
2026-03-10T19:00:00,69998.1,70114.2,69829.4,70027.8,3919.19
2026-03-10T20:00:00,70027.9,70087.5,69563.3,69778.2,4765.802
2026-03-10T21:00:00,69778.2,69863.0,69455.6,69517.0,4613.949
2026-03-10T22:00:00,69517.0,70249.1,69462.1,70089.7,6002.448
2026-03-10T23:00:00,70089.8,70162.4,69329.7,69463.7,6668.643
2026-03-11T00:00:00,69463.7,69970.2,69454.9,69907.0,5019.578
2026-03-11T01:00:00,69907.1,69986.8,69456.4,69622.1,4738.076
2026-03-11T02:00:00,69622.2,69750.0,69464.0,69617.4,4399.906
2026-03-11T03:00:00,69617.4,69729.0,69324.1,69431.2,5367.111
2026-03-11T04:00:00,69431.3,69689.8,69350.5,69570.5,4089.022
2026-03-11T05:00:00,69570.5,69641.6,69098.0,69144.0,5735.532
2026-03-11T06:00:00,69144.0,69767.8,68932.9,69319.0,13495.2
2026-03-11T07:00:00,69318.9,71060.7,69294.1,70134.8,30965.931
2026-03-11T08:00:00,70134.8,70938.1,69917.5,70536.6,21395.633
2026-03-11T09:00:00,70536.7,70612.5,69618.6,70186.9,15405.756
2026-03-11T10:00:00,70187.0,70799.9,70093.2,70538.9,9608.144
2026-03-11T11:00:00,70539.0,71286.0,70474.2,70745.1,16496.708
2026-03-11T12:00:00,70745.1,70866.5,70353.5,70582.2,7697.976
2026-03-11T13:00:00,70582.1,70700.0,70333.3,70600.8,3502.006
2026-03-11T14:00:00,70600.7,70692.8,70349.5,70586.1,3275.618
2026-03-11T15:00:00,70586.1,70766.7,70451.8,70702.3,2629.442
2026-03-11T16:00:00,70702.4,70931.9,70200.2,70329.1,5275.465
2026-03-11T17:00:00,70329.2,70466.0,70078.6,70150.0,3925.35
2026-03-11T18:00:00,70150.0,70314.1,70087.1,70176.9,2964.321
2026-03-11T19:00:00,70176.9,70188.1,69706.1,69800.8,7061.504
2026-03-11T20:00:00,69800.7,69851.5,69180.0,69242.9,8560.615
2026-03-11T21:00:00,69243.0,69595.9,69187.6,69402.6,6091.142
2026-03-11T22:00:00,69402.6,69640.3,69250.1,69330.1,3849.667
2026-03-11T23:00:00,69330.1,69514.6,69150.0,69429.9,4753.901
2026-03-12T00:00:00,69430.0,69526.6,69320.0,69461.5,2909.494
2026-03-12T01:00:00,69461.4,69818.8,69370.7,69782.6,6108.768
2026-03-12T02:00:00,69782.7,70079.1,69667.3,69865.1,8311.135
2026-03-12T03:00:00,69865.1,70377.7,69540.9,69914.9,9674.587
2026-03-12T04:00:00,69915.0,70477.0,69815.4,70372.3,8357.019
2026-03-12T05:00:00,70372.4,70756.5,70321.7,70388.5,8697.954
2026-03-12T06:00:00,70388.6,70584.2,70244.7,70348.6,6574.59
2026-03-12T07:00:00,70348.6,70490.0,69614.8,69930.5,15650.398
2026-03-12T08:00:00,69930.4,70625.0,69303.8,69549.4,21443.973
2026-03-12T09:00:00,69549.3,70532.0,69430.0,70282.9,16693.319
2026-03-12T10:00:00,70282.8,70530.0,69856.4,70328.3,13571.222
2026-03-12T11:00:00,70328.3,70499.9,70017.4,70167.3,6725.804
2026-03-12T12:00:00,70167.3,70256.5,69754.8,69781.0,6054.058
2026-03-12T13:00:00,69781.1,70511.2,69725.0,70393.7,6687.861
2026-03-12T14:00:00,70393.7,70508.8,70063.7,70127.0,3586.321
2026-03-12T15:00:00,70127.1,70433.4,70127.1,70244.5,2145.981
2026-03-12T16:00:00,70244.4,70281.5,69974.7,70141.1,2678.993
2026-03-12T17:00:00,70141.1,70727.9,70122.7,70480.1,7337.966
2026-03-12T18:00:00,70480.1,71979.2,70342.7,71443.3,28271.449
2026-03-12T19:00:00,71443.4,71738.6,71240.0,71629.9,8176.876
2026-03-12T20:00:00,71630.0,71665.2,71006.5,71114.6,6723.88
2026-03-12T21:00:00,71114.6,71485.6,70920.1,71366.3,5902.39
2026-03-12T22:00:00,71366.3,71469.0,71200.0,71352.5,3522.549
2026-03-12T23:00:00,71352.6,71616.0,71201.0,71515.4,5486.551
2026-03-13T00:00:00,71515.5,71568.5,71150.0,71315.9,5496.209
2026-03-13T01:00:00,71315.9,71649.7,71208.0,71585.3,8265.269
2026-03-13T02:00:00,71585.2,72156.4,71347.1,71790.0,13687.535
2026-03-13T03:00:00,71790.0,72060.0,71549.9,71960.0,8154.063
2026-03-13T04:00:00,71959.9,72547.0,71953.0,72421.2,15033.044
2026-03-13T05:00:00,72421.1,72491.0,72150.0,72189.9,6918.892
2026-03-13T06:00:00,72189.8,72882.8,72166.1,72735.3,11703.434
2026-03-13T07:00:00,72735.3,73568.0,72635.8,73344.8,25615.346
2026-03-13T08:00:00,73344.7,73870.0,72328.4,72353.4,33755.741
2026-03-13T09:00:00,72353.3,72828.2,71700.0,71800.0,24440.083
2026-03-13T10:00:00,71800.1,72090.2,71130.6,71846.0,30212.328
2026-03-13T11:00:00,71846.0,72215.1,70862.3,70999.5,20572.14
2026-03-13T12:00:00,70999.5,71318.8,70811.0,71020.1,11260.354
2026-03-13T13:00:00,71020.0,71273.1,70963.0,71148.0,5744.749
2026-03-13T14:00:00,71148.1,71447.2,71111.1,71307.4,4345.861
2026-03-13T15:00:00,71307.5,71452.1,71021.2,71063.1,3524.914
2026-03-13T16:00:00,71063.1,71150.0,70510.8,70785.8,8860.743
2026-03-13T17:00:00,70785.7,70982.9,70658.9,70895.5,4557.721
2026-03-13T18:00:00,70895.5,70920.0,70520.5,70600.0,5679.351
2026-03-13T19:00:00,70600.0,70872.5,70436.2,70790.3,5009.742
2026-03-13T20:00:00,70790.3,70870.0,70690.1,70749.2,2354.624
2026-03-13T21:00:00,70749.2,71141.7,70749.2,71034.3,4867.581
2026-03-13T22:00:00,71034.3,71272.3,70977.0,70996.3,4016.781
2026-03-13T23:00:00,70996.3,71119.0,70871.1,70980.7,2745.678
2026-03-14T00:00:00,70980.7,70980.7,70256.0,70591.9,9801.249
2026-03-14T01:00:00,70591.9,70706.0,70444.0,70565.6,4206.031
2026-03-14T02:00:00,70565.6,70672.9,70495.0,70550.6,2289.069
2026-03-14T03:00:00,70550.6,70707.0,70360.0,70474.7,4012.78
2026-03-14T04:00:00,70474.7,70550.7,70350.0,70531.8,2990.127
2026-03-14T05:00:00,70531.8,70745.1,70521.5,70705.0,2512.142
2026-03-14T06:00:00,70705.0,70800.0,70568.0,70733.4,2977.484
2026-03-14T07:00:00,70733.5,70900.0,70661.0,70813.4,3496.382
2026-03-14T08:00:00,70813.3,70914.6,70532.3,70566.8,3209.641
2026-03-14T09:00:00,70566.8,70695.7,70444.1,70554.6,3042.084
2026-03-14T10:00:00,70554.7,70674.5,70455.6,70636.7,2249.613
2026-03-14T11:00:00,70636.7,70707.9,70545.9,70586.1,1292.443
2026-03-14T12:00:00,70586.2,70662.9,70515.2,70623.5,1067.167
2026-03-14T13:00:00,70623.5,70705.7,70552.6,70664.1,1101.622
2026-03-14T14:00:00,70664.1,70835.0,70607.7,70765.3,1658.468
2026-03-14T15:00:00,70765.3,70784.6,70611.9,70769.6,1404.215
2026-03-14T16:00:00,70769.5,70772.7,70661.9,70678.5,1023.816
2026-03-14T17:00:00,70678.5,71221.9,70678.5,71174.4,6274.924
2026-03-14T18:00:00,71174.4,71186.8,70912.8,70950.4,2792.203
2026-03-14T19:00:00,70950.5,71000.0,70815.7,70960.8,2167.676
2026-03-14T20:00:00,70960.8,71599.9,70960.8,71404.4,8104.479
2026-03-14T21:00:00,71404.3,71489.6,71166.3,71314.8,4055.312
2026-03-14T22:00:00,71314.8,71629.6,71277.1,71546.3,4456.508
2026-03-14T23:00:00,71546.4,71750.0,71428.1,71448.6,5405.75
2026-03-15T00:00:00,71448.5,71549.0,71343.5,71415.2,2755.295
2026-03-15T01:00:00,71415.1,71626.1,71370.0,71420.8,3413.868
2026-03-15T02:00:00,71420.8,71679.9,71420.8,71674.8,3017.447
2026-03-15T03:00:00,71674.9,71897.9,71651.7,71751.3,6049.378
2026-03-15T04:00:00,71751.3,71878.9,71676.0,71740.6,1908.317
2026-03-15T05:00:00,71740.5,71850.0,71612.4,71800.0,3127.999
2026-03-15T06:00:00,71800.1,71800.1,71526.9,71578.8,2657.858
2026-03-15T07:00:00,71578.8,71650.0,71220.1,71575.3,10762.788
2026-03-15T08:00:00,71575.3,71600.1,71311.0,71588.0,3755.556
2026-03-15T09:00:00,71588.0,71590.0,71375.7,71444.4,2293.764
2026-03-15T10:00:00,71444.4,71556.4,71275.0,71405.5,3825.282
2026-03-15T11:00:00,71405.5,71971.8,71373.3,71788.0,5865.921
2026-03-15T12:00:00,71787.9,71856.0,71275.0,71346.8,4854.116
2026-03-15T13:00:00,71346.7,71547.7,71300.0,71515.2,2570.18
2026-03-15T14:00:00,71515.2,71899.6,71396.4,71690.1,3727.199
2026-03-15T15:00:00,71690.0,72200.0,71587.6,72074.6,6268.383
2026-03-15T16:00:00,72074.6,73130.2,71681.4,72715.6,17191.267
2026-03-15T17:00:00,72715.7,73199.9,72376.2,72778.9,15447.696
2026-03-15T18:00:00,72778.8,72980.1,72417.9,72497.4,6246.679
2026-03-15T19:00:00,72497.4,72819.2,72235.6,72724.1,5724.735
2026-03-15T20:00:00,72724.2,72823.5,72333.0,72481.1,3663.383
2026-03-15T21:00:00,72481.0,74307.3,72400.0,73539.5,35246.124
2026-03-15T22:00:00,73539.5,74444.0,73539.4,73799.5,25110.534
2026-03-15T23:00:00,73799.4,74237.0,73677.9,74176.5,15191.963
2026-03-16T00:00:00,74176.6,74181.4,73549.7,73680.7,8310.378
2026-03-16T01:00:00,73680.6,73886.0,73345.9,73427.7,7332.282
2026-03-16T02:00:00,73427.8,73755.8,72841.9,73098.3,13412.886
2026-03-16T03:00:00,73098.4,73299.7,73030.0,73219.7,4018.36
2026-03-16T04:00:00,73219.7,73762.9,73159.2,73745.5,8333.953
2026-03-16T05:00:00,73745.5,73856.6,73466.3,73515.3,5218.038
2026-03-16T06:00:00,73515.3,74043.0,73420.4,73830.0,10877.388
2026-03-16T07:00:00,73830.0,74481.5,73746.3,74075.0,16330.868
2026-03-16T08:00:00,74075.0,74450.0,72926.4,73519.8,25291.011
2026-03-16T09:00:00,73519.8,74000.0,73141.1,73240.2,12751.139
2026-03-16T10:00:00,73240.2,73887.5,73122.0,73726.3,8627.214
2026-03-16T11:00:00,73726.4,74066.0,73614.4,73911.7,6751.767
2026-03-16T12:00:00,73911.7,74330.6,73818.7,73883.0,9104.554
2026-03-16T13:00:00,73883.1,74399.9,73715.0,73928.8,7461.842
2026-03-16T14:00:00,73928.8,74200.0,73819.0,74191.5,3463.303
2026-03-16T15:00:00,74191.4,74777.7,74094.3,74360.3,12807.692
2026-03-16T16:00:00,74360.3,74875.0,74331.8,74718.9,9380.607
2026-03-16T17:00:00,74719.0,74880.0,74201.1,74846.4,8420.29
2026-03-16T18:00:00,74846.4,75488.0,74567.1,75283.9,18886.662
2026-03-16T19:00:00,75283.8,75998.9,75028.5,75584.7,17772.292
2026-03-16T20:00:00,75584.6,75641.3,75068.0,75157.3,8038.383
2026-03-16T21:00:00,75157.3,75287.9,74231.6,74424.9,13778.491
2026-03-16T22:00:00,74424.9,74652.2,73943.3,74203.3,13603.837
2026-03-16T23:00:00,74203.3,74428.7,73723.4,73996.0,10540.132
2026-03-17T00:00:00,73996.0,74242.0,73835.4,74045.1,6338.871
2026-03-17T01:00:00,74045.0,74415.7,74026.3,74212.7,4432.188
2026-03-17T02:00:00,74212.8,74418.5,74057.5,74150.0,4444.943
2026-03-17T03:00:00,74150.1,74362.0,73791.8,73890.1,6385.859
2026-03-17T04:00:00,73890.0,73922.2,73512.0,73706.1,11119.234
2026-03-17T05:00:00,73705.8,74230.7,73651.1,73997.1,7533.879
2026-03-17T06:00:00,73997.1,74150.0,73643.5,73711.1,7602.062
2026-03-17T07:00:00,73711.0,74167.2,73330.3,73580.6,16715.18
2026-03-17T08:00:00,73580.7,74388.0,73389.0,74340.2,11501.167
2026-03-17T09:00:00,74340.2,74856.2,73616.2,73878.5,15875.715
2026-03-17T10:00:00,73878.5,74314.0,73826.8,74120.0,7027.845
2026-03-17T11:00:00,74120.0,74555.0,73961.5,74480.1,7718.785
2026-03-17T12:00:00,74480.1,74723.7,74330.8,74637.0,6723.015
2026-03-17T13:00:00,74637.1,74763.6,74364.4,74460.8,5842.572
2026-03-17T14:00:00,74460.8,74648.6,74325.0,74469.9,3125.502
2026-03-17T15:00:00,74470.0,74777.0,74413.1,74650.3,3729.501
2026-03-17T16:00:00,74650.2,74739.4,73893.5,74265.8,5839.468
2026-03-17T17:00:00,74265.8,74360.0,73829.5,73872.4,3703.39
2026-03-17T18:00:00,73872.3,74027.8,73492.0,73821.3,6333.021
2026-03-17T19:00:00,73821.3,74167.5,73780.0,74035.2,3766.059
2026-03-17T20:00:00,74035.2,74437.0,73999.2,74300.0,3298.644
2026-03-17T21:00:00,74299.9,74633.0,74202.0,74414.6,4455.363
2026-03-17T22:00:00,74414.7,74455.7,74100.0,74139.6,3277.02
2026-03-17T23:00:00,74139.5,74271.0,73785.0,73911.2,4726.67
2026-03-18T00:00:00,73911.2,74190.1,73892.0,73910.0,3289.509
2026-03-18T01:00:00,73910.1,73959.4,73636.5,73840.0,4764.118
2026-03-18T02:00:00,73840.1,74080.1,73814.3,74005.8,3907.408
2026-03-18T03:00:00,74005.9,74246.2,73991.1,74136.0,3205.114
2026-03-18T04:00:00,74136.0,74220.0,73761.5,73895.0,4121.247
2026-03-18T05:00:00,73895.0,74034.8,72731.6,72906.4,23087.977
2026-03-18T06:00:00,72906.4,72947.4,72237.5,72325.1,21114.301
2026-03-18T07:00:00,72325.1,72547.5,71938.6,72104.4,22977.528
2026-03-18T08:00:00,72104.5,72194.1,70975.1,71160.3,25339.969
2026-03-18T09:00:00,71160.4,71497.0,70821.2,71436.4,24860.847
2026-03-18T10:00:00,71436.3,71536.0,71001.8,71289.5,10289.98
2026-03-18T11:00:00,71289.5,71722.2,71164.7,71556.6,7932.424
2026-03-18T12:00:00,71556.6,71980.5,70904.5,71066.5,14351.54
2026-03-18T13:00:00,71066.5,71460.3,70858.3,71030.3,8216.553
2026-03-18T14:00:00,71030.3,71298.0,70456.0,71172.3,13364.436
2026-03-18T15:00:00,71172.3,71438.1,71127.5,71219.7,3158.011
2026-03-18T16:00:00,71219.7,71233.2,70899.9,71118.0,3553.792
2026-03-18T17:00:00,71117.9,71333.1,71024.8,71202.9,3363.938
2026-03-18T18:00:00,71202.9,71283.3,70940.0,70970.1,3893.57
2026-03-18T19:00:00,70970.0,71149.9,70921.5,71078.5,2691.269
2026-03-18T20:00:00,71078.5,71226.7,70858.4,71020.6,3181.217
2026-03-18T21:00:00,71020.7,71598.3,71020.7,71180.0,7040.244
2026-03-18T22:00:00,71180.0,71180.0,70619.3,70790.7,7360.058
2026-03-18T23:00:00,70790.7,70879.0,70608.1,70792.8,3273.492
2026-03-19T00:00:00,70792.7,70945.5,70468.0,70552.4,5644.206
2026-03-19T01:00:00,70552.4,70570.0,69421.1,70145.1,29674.655
2026-03-19T02:00:00,70145.0,70255.0,69860.3,69957.4,10244.859
2026-03-19T03:00:00,69957.4,70535.0,69950.0,70463.0,9450.491
2026-03-19T04:00:00,70463.0,70499.0,70082.4,70102.0,4002.772
2026-03-19T05:00:00,70102.1,70238.7,69872.3,69926.8,5000.304
2026-03-19T06:00:00,69926.8,69926.8,69069.0,69264.6,15880.386
2026-03-19T07:00:00,69264.7,70058.0,69050.0,69866.3,17941.572
2026-03-19T08:00:00,69866.2,70144.6,69060.0,69450.1,15442.12
2026-03-19T09:00:00,69450.0,69879.1,68750.0,69372.7,23601.855
2026-03-19T10:00:00,69372.8,69611.6,69124.0,69426.3,9611.965
2026-03-19T11:00:00,69426.3,69938.1,69065.4,69820.0,8509.825
2026-03-19T12:00:00,69820.0,69900.0,69547.7,69787.5,3893.126
2026-03-19T13:00:00,69787.4,70563.5,69765.5,70233.1,14880.105
2026-03-19T14:00:00,70233.0,70655.2,70160.9,70444.3,4006.962
2026-03-19T15:00:00,70444.4,70654.4,70331.9,70376.1,3314.339
2026-03-19T16:00:00,70376.0,70475.9,69910.2,70157.0,4898.918
2026-03-19T17:00:00,70156.9,70260.0,69677.1,69887.4,5207.867
2026-03-19T18:00:00,69887.4,70280.6,69801.3,70159.9,4090.204
2026-03-19T19:00:00,70159.9,70563.8,70150.0,70370.9,4257.968
2026-03-19T20:00:00,70370.8,70485.1,70030.6,70373.8,4122.069
2026-03-19T21:00:00,70373.8,70777.0,70345.2,70696.1,5649.932
2026-03-19T22:00:00,70696.1,70944.9,70520.0,70743.4,6625.442
2026-03-19T23:00:00,70743.3,70833.8,70454.8,70570.2,3678.727
2026-03-20T00:00:00,70570.3,70623.7,70307.0,70462.0,3815.846
2026-03-20T01:00:00,70461.9,70900.0,70161.0,70811.9,7878.613
2026-03-20T02:00:00,70812.0,71342.2,70751.9,71000.4,11657.132
2026-03-20T03:00:00,71000.4,71001.0,70369.6,70544.9,9569.016
2026-03-20T04:00:00,70545.0,70651.2,70175.0,70580.9,7665.232
2026-03-20T05:00:00,70580.9,70780.8,70266.0,70439.9,6576.485
2026-03-20T06:00:00,70440.0,70647.5,70210.1,70304.6,5698.294
2026-03-20T07:00:00,70304.7,70580.0,69755.0,69831.1,17011.366
2026-03-20T08:00:00,69831.0,70240.0,69562.5,69706.0,25363.363
2026-03-20T09:00:00,69705.9,69983.0,69450.0,69829.5,13612.749
2026-03-20T10:00:00,69829.5,70080.0,69577.0,69792.1,6707.506
2026-03-20T11:00:00,69792.1,70035.0,69350.0,69970.8,8524.573
2026-03-20T12:00:00,69970.9,70048.9,69484.0,69733.3,7316.206
2026-03-20T13:00:00,69733.6,70161.0,69634.8,70141.9,5484.211
2026-03-20T14:00:00,70141.9,70225.0,69701.3,70019.7,4882.621
2026-03-20T15:00:00,70019.7,70720.6,69900.9,70498.3,8129.399
2026-03-20T16:00:00,70498.3,70888.0,70495.7,70739.2,4817.785
2026-03-20T17:00:00,70739.2,70739.3,70388.3,70472.7,3106.778
2026-03-20T18:00:00,70472.6,70803.1,70430.2,70643.9,2903.318
2026-03-20T19:00:00,70643.9,70726.8,70419.4,70430.3,1737.986
2026-03-20T20:00:00,70430.4,70758.2,70403.2,70703.7,2552.383
2026-03-20T21:00:00,70703.7,70752.6,70590.0,70638.0,1573.183
2026-03-20T22:00:00,70637.9,70798.5,70582.7,70602.7,2350.833
2026-03-20T23:00:00,70602.8,70800.0,70598.7,70673.9,1965.17
2026-03-21T00:00:00,70673.8,70786.1,70655.1,70739.2,1710.307
2026-03-21T01:00:00,70739.2,70849.2,70639.0,70687.3,2290.09
2026-03-21T02:00:00,70687.4,70721.7,70455.6,70563.3,3947.704
2026-03-21T03:00:00,70563.3,70711.5,70537.7,70633.5,2079.133
2026-03-21T04:00:00,70633.5,70666.0,70521.2,70576.0,1612.02
2026-03-21T05:00:00,70576.0,70619.9,70525.1,70618.3,1200.689
2026-03-21T06:00:00,70618.2,70769.6,70618.2,70680.0,1926.136
2026-03-21T07:00:00,70680.0,70785.1,70668.5,70700.3,1321.546
2026-03-21T08:00:00,70700.3,71077.7,70550.0,70595.0,7576.268
2026-03-21T09:00:00,70595.0,70739.0,70420.0,70599.1,4021.483
2026-03-21T10:00:00,70599.1,70620.2,70214.8,70274.9,4396.147
2026-03-21T11:00:00,70275.0,70399.0,70163.0,70280.1,2927.629
2026-03-21T12:00:00,70280.0,70504.7,70261.4,70360.6,2015.728
2026-03-21T13:00:00,70360.6,70417.7,70290.5,70365.9,938.101
2026-03-21T14:00:00,70365.8,70472.9,70332.3,70432.4,1400.832
2026-03-21T15:00:00,70432.5,70482.2,70231.7,70321.6,1334.627
2026-03-21T16:00:00,70321.5,70354.9,70226.7,70253.2,1354.826
2026-03-21T17:00:00,70253.2,70265.5,68511.3,68881.5,18948.747
2026-03-21T18:00:00,68881.5,69122.5,68189.0,68904.5,19627.927
2026-03-21T19:00:00,68904.5,69065.7,68713.5,68926.1,4491.852
2026-03-21T20:00:00,68926.0,69377.9,68899.9,69237.6,5965.106
2026-03-21T21:00:00,69237.5,69555.8,69080.3,69307.0,5639.463
2026-03-21T22:00:00,69307.1,69493.2,69167.0,69313.4,4300.958
2026-03-21T23:00:00,69313.3,69317.6,69110.0,69116.4,2453.496
2026-03-22T00:00:00,69116.3,69215.2,69025.6,69126.9,2360.808
2026-03-22T01:00:00,69126.9,69219.4,68846.4,68884.5,4043.791
2026-03-22T02:00:00,68884.5,68950.0,68500.1,68756.7,8310.042
2026-03-22T03:00:00,68756.6,68862.0,68536.7,68780.1,3327.611
2026-03-22T04:00:00,68780.1,68809.5,68539.5,68601.1,2373.528
2026-03-22T05:00:00,68601.1,68650.0,68030.0,68177.0,8390.65
2026-03-22T06:00:00,68177.0,68740.5,68153.1,68614.5,7278.973
2026-03-22T07:00:00,68614.4,68932.8,68500.9,68660.3,5691.479
2026-03-22T08:00:00,68660.4,68888.0,68501.0,68675.5,3609.015
2026-03-22T09:00:00,68675.5,69000.0,68670.0,68814.9,3931.235
2026-03-22T10:00:00,68814.9,68852.3,68627.9,68761.9,1968.113
2026-03-22T11:00:00,68761.8,68820.0,68635.0,68635.0,1692.107
2026-03-22T12:00:00,68635.0,68712.0,68300.1,68580.3,3474.251
2026-03-22T13:00:00,68580.2,68595.9,68108.0,68170.6,4201.514
2026-03-22T14:00:00,68170.6,68470.6,68044.4,68134.9,3567.592
2026-03-22T15:00:00,68135.0,68196.9,67300.0,67864.4,14801.57
2026-03-22T16:00:00,67864.5,68376.9,67528.3,68301.5,8113.744
2026-03-22T17:00:00,68301.5,68434.3,67804.1,67830.6,5265.739
2026-03-22T18:00:00,67830.7,68130.6,67400.1,67642.5,8708.507
2026-03-22T19:00:00,67642.5,68127.0,67500.0,67875.6,5750.364
2026-03-22T20:00:00,67875.6,68375.8,67764.2,68282.4,6201.781
2026-03-22T21:00:00,68282.3,68555.5,68022.6,68045.1,4838.08
2026-03-22T22:00:00,68045.2,68517.0,68011.2,68504.5,4255.38
2026-03-22T23:00:00,68504.4,68872.4,68504.4,68864.2,8866.004
2026-03-23T00:00:00,68864.1,68865.2,67653.1,67845.3,11928.68
2026-03-23T01:00:00,67845.2,68426.4,67456.7,68306.0,12967.744
2026-03-23T02:00:00,68305.9,68670.0,68281.6,68400.1,6548.073
2026-03-23T03:00:00,68400.2,68439.6,67880.0,68305.0,5950.262
2026-03-23T04:00:00,68304.9,68688.0,68261.0,68512.2,5788.214
2026-03-23T05:00:00,68512.2,71468.0,68505.7,70097.3,80533.88
2026-03-23T06:00:00,70097.2,70850.0,69644.0,70710.0,22583.079
2026-03-23T07:00:00,70710.0,71564.9,70551.3,71450.0,20003.766
2026-03-23T08:00:00,71449.9,71789.8,71080.9,71409.8,18180.731
2026-03-23T09:00:00,71409.8,71635.5,70074.7,70112.2,21463.132
2026-03-23T10:00:00,70112.2,70736.4,70100.5,70539.6,13490.929
2026-03-23T11:00:00,70539.6,71094.2,70325.6,71052.7,7996.099
2026-03-23T12:00:00,71052.6,71166.0,70836.4,71040.5,6371.552
2026-03-23T13:00:00,71040.5,71232.0,70612.5,70647.1,5709.42
2026-03-23T14:00:00,70647.1,70953.5,70509.3,70876.6,3721.269
2026-03-23T15:00:00,70876.6,70976.3,70786.1,70813.7,1745.94
2026-03-23T16:00:00,70813.9,70859.0,70477.1,70745.1,3283.294
2026-03-23T17:00:00,70745.1,70973.8,70370.0,70865.9,4213.498
2026-03-23T18:00:00,70866.0,71080.0,70377.9,70650.0,6199.428
2026-03-23T19:00:00,70650.1,70845.7,70232.0,70479.9,4958.563
2026-03-23T20:00:00,70479.9,70668.7,70329.9,70416.0,3286.238
2026-03-23T21:00:00,70416.0,70558.9,70362.6,70512.1,2460.375
2026-03-23T22:00:00,70512.1,70726.4,70214.3,70339.9,4046.127
2026-03-23T23:00:00,70340.0,70352.9,70075.5,70249.6,5168.093
2026-03-24T00:00:00,70249.6,70544.9,70220.0,70507.8,3416.96
2026-03-24T01:00:00,70507.9,71377.5,70439.8,71255.2,12633.339
2026-03-24T02:00:00,71255.2,71314.3,70823.9,70933.8,6615.475
2026-03-24T03:00:00,70933.8,71339.8,70812.7,71288.5,4817.413
2026-03-24T04:00:00,71288.5,71299.8,71050.1,71237.4,4072.22
2026-03-24T05:00:00,71237.4,71301.9,70916.9,71116.4,5395.558
2026-03-24T06:00:00,71116.4,71144.0,70822.2,70924.4,4417.19
2026-03-24T07:00:00,70924.4,71029.2,69888.0,70067.0,19945.411
2026-03-24T08:00:00,70067.0,70449.0,69467.8,69847.6,23659.283
2026-03-24T09:00:00,69847.6,70240.0,69739.5,69837.7,12541.38
2026-03-24T10:00:00,69837.6,69979.0,69281.2,69448.3,13279.255
2026-03-24T11:00:00,69448.4,69486.0,68884.5,69205.0,14034.956
2026-03-24T12:00:00,69205.0,69724.8,69127.4,69399.5,8865.94
2026-03-24T13:00:00,69399.5,69668.8,69226.0,69342.6,4274.805
2026-03-24T14:00:00,69342.6,70270.0,69257.9,70066.6,12582.894
2026-03-24T15:00:00,70066.6,70386.6,69844.3,70296.2,5844.12
2026-03-24T16:00:00,70296.2,70548.1,70084.0,70277.9,5708.524
2026-03-24T17:00:00,70278.0,70800.0,70216.7,70523.9,7968.403
2026-03-24T18:00:00,70524.0,71028.0,70422.6,70804.3,6825.485
2026-03-24T19:00:00,70804.3,70950.0,70590.6,70643.1,4999.115
2026-03-24T20:00:00,70643.1,70741.5,70460.1,70500.0,3665.029
2026-03-24T21:00:00,70500.0,70777.9,70375.0,70689.3,4678.112
2026-03-24T22:00:00,70689.2,70949.3,70659.9,70938.1,3587.173
2026-03-24T23:00:00,70938.1,71319.9,70900.2,71080.1,7548.801
2026-03-25T00:00:00,71080.1,71233.7,70928.5,70962.8,4549.668
2026-03-25T01:00:00,70962.8,71233.6,70850.0,70900.0,4490.549
2026-03-25T02:00:00,70899.9,71478.0,70752.5,71209.1,9095.11
2026-03-25T03:00:00,71209.2,71376.0,71058.4,71301.5,4503.705
2026-03-25T04:00:00,71301.4,71600.0,71250.9,71462.7,5659.848
2026-03-25T05:00:00,71462.7,71999.9,71425.0,71650.3,12351.222
2026-03-25T06:00:00,71650.3,71933.3,71085.5,71685.4,16689.829
2026-03-25T07:00:00,71685.4,71931.9,71473.3,71546.6,8415.183
2026-03-25T08:00:00,71546.6,71666.6,71190.0,71203.6,8453.325
2026-03-25T09:00:00,71203.6,71282.3,70531.4,70792.4,16505.57
2026-03-25T10:00:00,70792.4,71742.2,70671.3,71290.0,15025.604
2026-03-25T11:00:00,71290.0,71361.8,70676.8,70752.6,6405.954
2026-03-25T12:00:00,70752.6,71121.3,70623.4,70786.8,5942.276
2026-03-25T13:00:00,70786.8,71082.3,70741.8,70853.2,3149.21
2026-03-25T14:00:00,70853.3,71028.0,70603.0,70970.0,3982.23
2026-03-25T15:00:00,70970.0,71149.6,70889.6,71000.0,2495.037
2026-03-25T16:00:00,71000.0,71606.0,70907.1,71330.1,4778.789
2026-03-25T17:00:00,71330.0,71412.1,71143.5,71297.5,2719.025
2026-03-25T18:00:00,71297.5,71408.1,71088.1,71265.8,3747.894
2026-03-25T19:00:00,71265.8,71341.0,71116.9,71212.9,2453.274
2026-03-25T20:00:00,71212.9,71257.1,70640.0,70855.0,5808.408
2026-03-25T21:00:00,70855.0,70944.9,70650.0,70881.9,3359.798
2026-03-25T22:00:00,70882.0,70882.0,70680.0,70737.0,2582.728
2026-03-25T23:00:00,70737.0,70767.6,69906.2,69988.7,12385.966
2026-03-26T00:00:00,69988.6,70126.6,69815.4,70057.5,7671.515
2026-03-26T01:00:00,70057.4,70140.0,69722.6,70053.8,5530.53
2026-03-26T02:00:00,70053.8,70095.7,69769.7,69985.9,5593.527
2026-03-26T03:00:00,69986.0,70131.5,69366.0,69537.6,12236.506
2026-03-26T04:00:00,69537.6,69693.7,69417.0,69480.0,4654.052
2026-03-26T05:00:00,69480.0,69620.0,69127.2,69239.3,8815.363
2026-03-26T06:00:00,69239.3,69428.0,69187.4,69395.1,5163.581
2026-03-26T07:00:00,69395.2,69872.2,69158.9,69617.4,15536.501
2026-03-26T08:00:00,69615.8,69800.0,69217.0,69450.1,9137.728
2026-03-26T09:00:00,69450.0,69472.6,68553.4,69054.8,19276.69
2026-03-26T10:00:00,69054.9,69054.9,68797.8,68904.8,6328.572
2026-03-26T11:00:00,68904.8,69138.8,68325.2,68456.1,10124.779
2026-03-26T12:00:00,68456.2,68581.3,68115.8,68457.0,11417.16
2026-03-26T13:00:00,68457.0,68657.4,68317.9,68502.7,4550.355
2026-03-26T14:00:00,68502.7,69466.6,68378.5,68973.8,16540.148
2026-03-26T15:00:00,68973.9,69213.3,68849.8,68885.8,4792.691
2026-03-26T16:00:00,68885.8,69000.0,68542.5,68862.5,5102.573
2026-03-26T17:00:00,68862.5,68968.9,68600.0,68788.0,3663.275
2026-03-26T18:00:00,68788.1,68942.2,68458.5,68746.4,6047.978
2026-03-26T19:00:00,68746.4,69033.3,68654.8,69016.4,3407.459
2026-03-26T20:00:00,69016.5,69142.7,68815.5,68870.8,2719.084
2026-03-26T21:00:00,68870.8,68888.4,68621.5,68728.8,3607.926
2026-03-26T22:00:00,68728.8,68764.5,68257.2,68540.2,7518.881
2026-03-26T23:00:00,68540.1,68830.0,68453.6,68588.8,4033.462
2026-03-27T00:00:00,68588.8,68811.0,68530.6,68621.5,2797.227
2026-03-27T01:00:00,68621.5,68925.0,68416.5,68501.7,8267.991
2026-03-27T02:00:00,68501.8,68619.9,67560.0,67876.6,18150.811
2026-03-27T03:00:00,67876.7,67912.1,67500.2,67651.9,8934.715
2026-03-27T04:00:00,67652.0,67737.9,66257.4,66456.4,26602.953
2026-03-27T05:00:00,66456.4,66810.9,66175.4,66663.2,12567.309
2026-03-27T06:00:00,66663.3,66742.2,66388.0,66579.4,6083.774
2026-03-27T07:00:00,66579.4,66699.9,65950.0,66153.9,15382.501
2026-03-27T08:00:00,66153.9,66375.2,65681.5,66162.7,20797.151
2026-03-27T09:00:00,66162.7,66615.0,65930.3,66092.0,17540.701
2026-03-27T10:00:00,66091.9,66149.6,65731.8,65945.5,11439.941
2026-03-27T11:00:00,65945.5,66267.4,65550.0,65604.0,10726.045
2026-03-27T12:00:00,65604.0,65939.1,65501.0,65804.0,6797.913
2026-03-27T13:00:00,65804.0,66119.6,65666.6,66005.4,5796.107
2026-03-27T14:00:00,66005.5,66125.8,65766.1,65983.0,4697.996
2026-03-27T15:00:00,65983.1,66148.0,65972.6,66040.3,2232.358
2026-03-27T16:00:00,66040.4,66053.2,65874.4,65981.1,2472.071
2026-03-27T17:00:00,65981.1,66384.0,65931.5,66364.2,3728.694
2026-03-27T18:00:00,66364.1,66472.4,66239.9,66389.9,3310.686
2026-03-27T19:00:00,66389.9,66389.9,66006.1,66137.1,3788.397
2026-03-27T20:00:00,66137.2,66214.0,65888.0,66020.1,3887.024
2026-03-27T21:00:00,66020.0,66217.5,66020.0,66191.8,2461.721
2026-03-27T22:00:00,66191.8,66274.7,66068.3,66243.5,2029.542
2026-03-27T23:00:00,66243.6,66349.0,66169.0,66310.0,2222.047
2026-03-28T00:00:00,66310.0,66460.0,66270.9,66358.2,2682.148
2026-03-28T01:00:00,66358.1,66533.9,66341.3,66520.8,2427.447
2026-03-28T02:00:00,66520.9,66529.4,66352.1,66374.9,2746.771
2026-03-28T03:00:00,66374.9,66374.9,66203.5,66270.9,2795.618
2026-03-28T04:00:00,66271.0,66379.9,66087.3,66184.9,2899.948
2026-03-28T05:00:00,66184.9,66325.7,66162.0,66288.5,2252.391
2026-03-28T06:00:00,66288.4,66498.1,66191.7,66416.7,3513.902
2026-03-28T07:00:00,66416.7,67148.7,66363.6,66813.3,13186.355
2026-03-28T08:00:00,66813.4,66942.3,66631.5,66716.2,5360.55
2026-03-28T09:00:00,66716.1,67284.0,66678.1,66982.3,9848.298
2026-03-28T10:00:00,66982.4,67065.0,66821.3,66894.3,3986.863
2026-03-28T11:00:00,66894.3,66965.7,66644.0,66808.6,3473.794
2026-03-28T12:00:00,66808.6,66920.0,66801.0,66871.1,2489.409
2026-03-28T13:00:00,66871.2,66916.5,66764.7,66873.0,1312.886
2026-03-28T14:00:00,66873.0,66978.0,66868.3,66885.5,1862.549
2026-03-28T15:00:00,66885.6,66890.0,66526.8,66644.8,2392.101
2026-03-28T16:00:00,66644.9,66758.9,66562.0,66729.0,2394.618
2026-03-28T17:00:00,66729.0,66729.0,66233.6,66334.8,6048.427
2026-03-28T18:00:00,66334.8,66468.6,66235.6,66444.4,2548.004
2026-03-28T19:00:00,66444.3,66585.9,66344.2,66536.1,3135.536
2026-03-28T20:00:00,66536.0,66820.0,66500.4,66773.7,3493.131
2026-03-28T21:00:00,66773.7,67100.0,66724.0,66875.7,5860.433
2026-03-28T22:00:00,66875.7,66907.5,66683.3,66701.9,2363.996
2026-03-28T23:00:00,66701.9,66799.5,66565.0,66741.3,3093.997
2026-03-29T00:00:00,66741.3,66845.0,66601.1,66704.4,2055.614
2026-03-29T01:00:00,66704.4,66720.0,66521.4,66632.5,3044.013
2026-03-29T02:00:00,66632.4,66743.7,66560.0,66689.5,1886.205
2026-03-29T03:00:00,66689.4,66740.0,66500.9,66600.1,2076.043
2026-03-29T04:00:00,66600.0,66600.0,66375.5,66473.4,3040.43
2026-03-29T05:00:00,66473.4,66986.8,66473.3,66780.8,4790.749
2026-03-29T06:00:00,66780.8,66844.3,66668.0,66818.6,2808.839
2026-03-29T07:00:00,66818.7,66849.0,66483.9,66546.0,3973.71
2026-03-29T08:00:00,66546.1,66764.9,66420.0,66556.2,4257.793
2026-03-29T09:00:00,66556.3,66695.0,66288.1,66500.0,5548.023
2026-03-29T10:00:00,66499.9,66639.0,66400.0,66467.8,2852.833
2026-03-29T11:00:00,66467.8,66518.2,66111.0,66356.6,5384.339
2026-03-29T12:00:00,66356.6,66524.0,66291.2,66397.2,1725.593
2026-03-29T13:00:00,66397.1,66453.4,66282.1,66320.2,2175.189
2026-03-29T14:00:00,66320.3,66767.9,66312.7,66578.6,4462.303
2026-03-29T15:00:00,66578.6,66734.5,66477.5,66678.8,2390.255
2026-03-29T16:00:00,66678.8,66686.1,64918.2,65820.3,25831.762
2026-03-29T17:00:00,65820.2,66350.4,65819.0,65977.9,11479.606
2026-03-29T18:00:00,65978.0,67043.2,65754.2,66251.2,16555.213
2026-03-29T19:00:00,66251.2,66806.1,66251.1,66624.1,7416.652
2026-03-29T20:00:00,66624.2,67487.7,66538.5,67087.0,14215.662
2026-03-29T21:00:00,67087.1,67288.8,66934.7,67139.8,5264.7
2026-03-29T22:00:00,67140.0,67625.1,67129.3,67579.1,7756.25
2026-03-29T23:00:00,67579.2,67777.0,67404.0,67459.0,6598.791
2026-03-30T00:00:00,67459.0,67550.0,67238.6,67273.4,5357.868
2026-03-30T01:00:00,67273.5,67612.6,67180.5,67595.9,5275.695
2026-03-30T02:00:00,67595.9,67920.0,67574.6,67634.0,9898.419
2026-03-30T03:00:00,67633.9,67667.9,67426.0,67466.2,4284.723
2026-03-30T04:00:00,67466.2,67498.0,67333.3,67463.0,3205.103
2026-03-30T05:00:00,67463.1,67998.0,67459.7,67651.5,7852.554
2026-03-30T06:00:00,67651.5,67950.0,67627.7,67859.3,5273.29
2026-03-30T07:00:00,67859.4,68148.4,67378.7,67490.9,13074.572
2026-03-30T08:00:00,67490.8,67843.8,67055.0,67762.7,14799.32
2026-03-30T09:00:00,67762.8,67875.0,67373.7,67590.2,9621.943
2026-03-30T10:00:00,67590.2,67614.9,67188.0,67333.0,5589.669
2026-03-30T11:00:00,67332.9,67443.8,66617.3,66805.2,11208.178
2026-03-30T12:00:00,66805.1,66899.9,66456.4,66620.6,8496.874
2026-03-30T13:00:00,66620.6,66640.0,66200.1,66516.0,8875.348
2026-03-30T14:00:00,66515.9,66662.6,66488.7,66614.9,2850.822
2026-03-30T15:00:00,66614.9,66973.5,66550.0,66770.6,5139.64
2026-03-30T16:00:00,66770.6,66971.2,66650.9,66746.5,3017.686
2026-03-30T17:00:00,66746.4,66769.1,66377.1,66764.4,5430.093
2026-03-30T18:00:00,66764.4,67276.0,66498.9,67172.5,8170.125
2026-03-30T19:00:00,67172.5,68377.0,67004.2,67896.2,21388.751
2026-03-30T20:00:00,67896.1,68072.7,67726.9,67911.8,4698.842
2026-03-30T21:00:00,67911.8,67974.8,67610.5,67670.8,4526.069
2026-03-30T22:00:00,67670.8,67865.7,67441.8,67510.1,5390.717
2026-03-30T23:00:00,67510.1,67756.8,67356.4,67648.9,5254.856
2026-03-31T00:00:00,67649.0,67679.5,67300.1,67465.4,4352.913
2026-03-31T01:00:00,67465.4,67497.0,67071.9,67343.8,6776.714
2026-03-31T02:00:00,67343.9,67476.9,66655.0,66745.1,11064.148
2026-03-31T03:00:00,66745.1,66891.8,65938.0,66099.3,14984.779
2026-03-31T04:00:00,66099.3,66442.0,66067.0,66329.4,8862.329
2026-03-31T05:00:00,66329.4,66850.0,66205.0,66652.4,10995.373
2026-03-31T06:00:00,66652.4,66909.3,66480.0,66623.8,6400.174
2026-03-31T07:00:00,66623.8,67375.0,66623.8,67255.6,13271.792
2026-03-31T08:00:00,67255.6,67765.8,66374.4,66555.9,24281.881
2026-03-31T09:00:00,66556.0,67262.2,66555.9,66700.0,16438.359
2026-03-31T10:00:00,66700.0,67985.5,66695.9,67632.6,17863.811
2026-03-31T11:00:00,67632.6,68600.0,67357.1,67493.9,31074.877
2026-03-31T12:00:00,67493.8,67929.7,67488.0,67814.6,6671.407
2026-03-31T13:00:00,67814.5,67996.0,67671.3,67803.0,4561.967
2026-03-31T14:00:00,67803.0,68234.0,67794.8,68227.2,5345.004
2026-03-31T15:00:00,68227.3,68382.9,67840.4,68234.6,4214.782
2026-03-31T16:00:00,68234.7,68306.9,67919.5,68141.6,3539.41
2026-03-31T17:00:00,68141.7,68332.6,68050.0,68241.5,3204.005
2026-03-31T18:00:00,68241.4,68305.1,67808.1,68288.0,5899.344
2026-03-31T19:00:00,68288.0,68330.0,67707.5,67746.4,5867.034
2026-03-31T20:00:00,67746.4,67881.2,67534.9,67623.8,4392.19
2026-03-31T21:00:00,67623.9,68214.5,67623.9,68134.0,4893.429
2026-03-31T22:00:00,68134.0,68450.0,67965.0,68272.3,6806.107
2026-03-31T23:00:00,68272.3,68732.5,68114.5,68418.2,8388.28
2026-04-01T00:00:00,68418.3,69220.0,68418.2,69069.1,14347.278
2026-04-01T01:00:00,69069.1,69288.0,68631.1,68651.9,9948.863
2026-04-01T02:00:00,68651.9,68821.5,68425.5,68630.8,7971.803
2026-04-01T03:00:00,68630.9,68702.3,68360.0,68608.4,5165.172
2026-04-01T04:00:00,68608.4,68632.1,68370.1,68545.1,3236.913
2026-04-01T05:00:00,68545.2,68702.3,68471.5,68669.9,3332.164
2026-04-01T06:00:00,68670.0,68773.9,68220.9,68363.8,9084.82
2026-04-01T07:00:00,68364.1,68650.0,67883.7,68091.4,12785.834
2026-04-01T08:00:00,68091.4,68657.1,68020.0,68559.1,8903.706
2026-04-01T09:00:00,68559.2,68938.8,68380.3,68877.0,7696.492
2026-04-01T10:00:00,68876.9,68961.6,68570.0,68781.1,6621.467
2026-04-01T11:00:00,68781.1,69142.6,68212.1,68239.7,8742.133
2026-04-01T12:00:00,68239.7,68313.8,67900.4,68054.2,8261.383
2026-04-01T13:00:00,68054.2,68269.9,68000.0,68143.8,3616.318
2026-04-01T14:00:00,68143.7,68217.8,67927.0,68159.8,2825.356
2026-04-01T15:00:00,68159.7,68510.6,68136.5,68324.7,3518.395
2026-04-01T16:00:00,68324.8,68324.8,68032.9,68088.4,2650.481
2026-04-01T17:00:00,68088.5,68220.9,67952.2,68086.5,2321.258
2026-04-01T18:00:00,68086.4,68639.1,68013.3,68565.1,4810.862
2026-04-01T19:00:00,68565.2,68565.2,67000.3,67316.4,28476.843
2026-04-01T20:00:00,67316.4,67316.4,66590.0,66821.6,10945.857
2026-04-01T21:00:00,66821.6,66931.9,66455.9,66538.4,6817.005
2026-04-01T22:00:00,66538.4,66617.7,66171.8,66300.2,7198.698
2026-04-01T23:00:00,66300.2,66628.8,66270.0,66558.2,7378.976
2026-04-02T00:00:00,66558.2,66798.9,66506.4,66652.9,6658.861
2026-04-02T01:00:00,66653.0,66898.5,66521.4,66887.9,3805.262
2026-04-02T02:00:00,66887.8,66887.9,66372.9,66418.2,5263.115
2026-04-02T03:00:00,66418.1,66487.7,66256.0,66428.6,4756.07
2026-04-02T04:00:00,66428.7,66471.9,66188.1,66424.0,3978.965
2026-04-02T05:00:00,66424.1,66449.7,66065.1,66180.6,5811.944
2026-04-02T06:00:00,66180.6,66215.2,65919.1,66014.2,9031.717
2026-04-02T07:00:00,66014.3,66250.0,65676.1,66227.3,15856.243
2026-04-02T08:00:00,66227.3,67080.0,66123.0,66822.4,20636.572
2026-04-02T09:00:00,66822.3,66960.7,66596.2,66810.6,8566.429
2026-04-02T10:00:00,66810.6,67234.4,66707.6,67050.1,7916.796
2026-04-02T11:00:00,67050.0,67400.0,66622.4,66641.4,12264.218
2026-04-02T12:00:00,66641.4,67044.8,66550.0,66941.6,5634.322
2026-04-02T13:00:00,66941.7,67082.9,66827.8,66943.2,3699.127
2026-04-02T14:00:00,66943.2,67078.9,66755.6,66906.3,3029.761
2026-04-02T15:00:00,66906.4,66993.4,66681.3,66910.7,2094.62
2026-04-02T16:00:00,66910.7,67008.5,66782.0,66954.0,2072.862
2026-04-02T17:00:00,66954.0,67070.2,66820.6,66868.5,1653.796
2026-04-02T18:00:00,66868.6,66976.2,66671.0,66761.8,2723.057
2026-04-02T19:00:00,66761.8,66881.3,66450.0,66599.0,4087.425
2026-04-02T20:00:00,66599.1,66726.7,66240.0,66504.6,7272.397
2026-04-02T21:00:00,66504.6,66698.5,66461.0,66550.0,4129.956
2026-04-02T22:00:00,66550.1,66666.0,66468.0,66578.8,1744.992
2026-04-02T23:00:00,66578.8,66789.6,66375.1,66574.9,3463.985
2026-04-03T00:00:00,66574.9,66770.0,66523.2,66762.0,2064.989
2026-04-03T01:00:00,66762.1,67233.3,66716.4,67008.8,6199.006
2026-04-03T02:00:00,67008.8,67258.0,66864.1,66935.0,4767.938
2026-04-03T03:00:00,66935.1,66976.0,66714.3,66828.9,2763.018
2026-04-03T04:00:00,66828.9,66871.9,66644.0,66845.3,2217.705
2026-04-03T05:00:00,66845.3,67041.9,66790.6,66983.4,2737.691
2026-04-03T06:00:00,66983.5,67350.0,66605.9,66690.4,8947.233
2026-04-03T07:00:00,66690.4,66707.1,66478.5,66644.6,6171.178
2026-04-03T08:00:00,66644.6,66968.1,66600.0,66900.0,4449.791
2026-04-03T09:00:00,66899.9,66999.0,66778.9,66806.1,2790.32
2026-04-03T10:00:00,66806.0,67046.1,66800.0,66972.5,2190.628
2026-04-03T11:00:00,66972.5,67040.0,66714.1,66811.0,3190.914
2026-04-03T12:00:00,66811.0,66899.7,66746.9,66783.7,1313.064
2026-04-03T13:00:00,66783.6,66882.9,66740.6,66857.0,1227.27
2026-04-03T14:00:00,66857.0,66888.0,66800.0,66800.1,776.851
2026-04-03T15:00:00,66800.0,66946.3,66791.8,66929.5,1612.364
2026-04-03T16:00:00,66929.4,66943.0,66813.0,66860.0,1236.07
2026-04-03T17:00:00,66859.9,66930.0,66800.7,66930.0,1189.991
2026-04-03T18:00:00,66930.0,66935.3,66838.9,66863.4,939.228
2026-04-03T19:00:00,66863.4,66895.7,66795.8,66820.0,1195.529
2026-04-03T20:00:00,66820.0,66891.4,66773.3,66814.1,1049.257
2026-04-03T21:00:00,66814.0,66875.4,66798.8,66799.1,718.718
2026-04-03T22:00:00,66799.1,66840.0,66745.5,66833.5,802.699
2026-04-03T23:00:00,66833.5,66908.4,66817.8,66871.0,1487.395
2026-04-04T00:00:00,66871.0,67023.7,66871.0,66981.5,1922.566
2026-04-04T01:00:00,66981.5,67019.1,66904.0,66982.0,1794.695
2026-04-04T02:00:00,66982.1,67025.0,66874.5,66907.8,1638.621
2026-04-04T03:00:00,66907.8,66958.2,66882.1,66952.1,884.97
2026-04-04T04:00:00,66952.1,67150.3,66880.9,67139.1,2711.761
2026-04-04T05:00:00,67139.1,67223.8,67050.0,67128.9,2757.579
2026-04-04T06:00:00,67128.9,67152.5,67025.2,67062.0,1463.379
2026-04-04T07:00:00,67061.9,67245.3,67044.8,67170.0,2344.2
2026-04-04T08:00:00,67170.0,67193.3,67003.7,67177.6,4367.856
2026-04-04T09:00:00,67177.5,67554.5,67145.6,67357.3,8203.922
2026-04-04T10:00:00,67357.4,67500.0,67292.0,67335.2,5582.375
2026-04-04T11:00:00,67335.1,67386.0,67249.9,67302.3,1946.546
2026-04-04T12:00:00,67302.3,67350.0,67226.4,67265.7,1442.733
2026-04-04T13:00:00,67265.6,67523.8,67245.6,67262.7,2205.233
2026-04-04T14:00:00,67262.8,67269.4,67150.6,67240.2,1456.19
2026-04-04T15:00:00,67240.2,67452.7,67180.9,67325.0,1362.401
2026-04-04T16:00:00,67325.0,67438.7,67305.4,67368.9,1151.5
2026-04-04T17:00:00,67368.9,67371.4,67214.2,67271.0,1340.984
2026-04-04T18:00:00,67271.1,67279.2,67131.1,67177.0,1420.572
2026-04-04T19:00:00,67177.0,67200.0,67045.2,67060.6,1631.698
2026-04-04T20:00:00,67060.6,67154.0,66900.0,67144.3,3024.169
2026-04-04T21:00:00,67144.3,67166.9,67058.0,67113.5,827.213
2026-04-04T22:00:00,67113.4,67160.0,67034.8,67066.2,1007.637
2026-04-04T23:00:00,67066.3,67127.5,66822.8,66905.1,2325.371
2026-04-05T00:00:00,66905.2,66918.6,66575.5,66771.6,7701.988
2026-04-05T01:00:00,66771.6,66887.1,66685.3,66787.4,2881.334
2026-04-05T02:00:00,66787.4,66910.0,66782.1,66892.5,1538.0
2026-04-05T03:00:00,66892.6,67020.4,66862.3,66996.0,2024.531
2026-04-05T04:00:00,66996.1,67132.8,66928.1,67012.3,2032.778
2026-04-05T05:00:00,67012.4,67054.1,66934.4,66972.7,1308.905
2026-04-05T06:00:00,66972.7,66972.7,66650.0,66751.4,5228.659
2026-04-05T07:00:00,66751.5,66892.9,66666.0,66863.4,2779.283
2026-04-05T08:00:00,66863.5,66940.2,66783.1,66892.5,2313.054
2026-04-05T09:00:00,66892.6,67828.6,66792.6,67272.2,17243.801
2026-04-05T10:00:00,67272.2,67381.0,67132.2,67178.8,3833.608
2026-04-05T11:00:00,67178.9,67376.3,67150.0,67342.2,2318.157
2026-04-05T12:00:00,67342.2,67428.2,67246.6,67381.1,1759.782
2026-04-05T13:00:00,67381.2,67540.0,67250.0,67329.1,2721.463
2026-04-05T14:00:00,67329.1,67681.6,67302.4,67636.7,3902.447
2026-04-05T15:00:00,67636.7,67672.9,67377.2,67519.5,3003.776
2026-04-05T16:00:00,67519.5,68347.9,67313.6,68313.0,14605.362
2026-04-05T17:00:00,68313.0,69108.0,68232.0,68997.9,17484.581
2026-04-05T18:00:00,68997.9,69583.0,68997.9,69051.9,14169.018
2026-04-05T19:00:00,69051.9,69103.1,68761.0,68782.9,6282.17
2026-04-05T20:00:00,68782.9,69386.2,68740.2,69183.6,7133.971
2026-04-05T21:00:00,69183.6,69223.4,69026.6,69092.4,3887.373
2026-04-05T22:00:00,69092.3,69188.0,68943.3,69107.6,3311.978
2026-04-05T23:00:00,69107.6,69214.5,69052.0,69167.1,1991.853
2026-04-06T00:00:00,69167.0,69338.2,68769.6,68958.7,6473.617
2026-04-06T01:00:00,68958.8,69190.8,68800.0,69089.7,4997.301
2026-04-06T02:00:00,69089.8,69328.7,69047.7,69191.7,3993.886
2026-04-06T03:00:00,69191.7,70252.9,69180.0,69699.4,18431.974
2026-04-06T04:00:00,69699.4,69982.2,69666.0,69739.2,5348.035
2026-04-06T05:00:00,69739.2,69739.2,69524.0,69583.6,3764.749
2026-04-06T06:00:00,69583.5,69602.4,69283.0,69337.3,4709.786
2026-04-06T07:00:00,69337.4,69521.4,69200.1,69399.8,6493.035
2026-04-06T08:00:00,69399.7,69791.3,69088.0,69620.0,12807.333
2026-04-06T09:00:00,69620.0,69931.9,69490.0,69922.5,7526.043
2026-04-06T10:00:00,69922.4,70332.5,69737.6,69759.2,10741.826
2026-04-06T11:00:00,69759.2,69778.4,69240.0,69540.6,9573.939
2026-04-06T12:00:00,69540.6,69955.3,69436.4,69852.9,5050.802
2026-04-06T13:00:00,69852.8,69862.2,69543.8,69704.8,3330.826
2026-04-06T14:00:00,69704.8,69940.0,69578.0,69779.4,2833.907
2026-04-06T15:00:00,69779.5,69784.3,69400.0,69476.5,2367.163
2026-04-06T16:00:00,69476.5,69554.2,68777.0,68777.1,7405.076
2026-04-06T17:00:00,68777.0,68880.1,68227.5,68817.9,14131.575
2026-04-06T18:00:00,68817.9,69111.8,68682.7,68738.7,7076.461
2026-04-06T19:00:00,68738.6,68878.3,68291.0,68363.9,7228.844
2026-04-06T20:00:00,68363.9,68684.6,68241.9,68640.3,5150.666
2026-04-06T21:00:00,68640.3,68780.0,68586.5,68746.3,2875.385
2026-04-06T22:00:00,68746.4,68955.6,68510.5,68819.3,4248.648
2026-04-06T23:00:00,68819.2,68831.0,68577.6,68627.5,2555.837
2026-04-07T00:00:00,68627.4,68635.9,68400.6,68540.0,3505.289
2026-04-07T01:00:00,68539.9,68677.8,68470.0,68592.1,2041.225
2026-04-07T02:00:00,68592.0,68963.4,68570.7,68907.1,4642.324
2026-04-07T03:00:00,68907.1,69219.0,68900.0,69109.8,6058.021
2026-04-07T04:00:00,69109.9,69170.0,68151.8,68196.0,13660.183
2026-04-07T05:00:00,68196.1,68430.1,68033.0,68310.8,7993.096
2026-04-07T06:00:00,68310.7,68579.3,68039.8,68367.0,7657.761
2026-04-07T07:00:00,68366.9,68613.8,68168.0,68208.1,8543.123
2026-04-07T08:00:00,68208.1,68232.1,67741.0,67831.0,14376.041
2026-04-07T09:00:00,67831.1,68250.0,67711.0,68138.4,7962.196
2026-04-07T10:00:00,68138.5,68431.8,68049.9,68207.2,6229.966
2026-04-07T11:00:00,68207.2,68996.0,68164.5,68670.0,7980.601
2026-04-07T12:00:00,68670.1,68746.7,68318.1,68413.7,4727.513
2026-04-07T13:00:00,68413.7,69068.6,68315.3,68975.9,9428.713
2026-04-07T14:00:00,68975.9,69500.0,68975.9,69285.2,9691.622
2026-04-07T15:00:00,69285.3,70200.0,69273.3,69886.7,18637.709
2026-04-07T16:00:00,69886.7,71499.9,69886.6,71479.9,31964.577
2026-04-07T17:00:00,71479.9,72743.4,71155.0,71890.2,38592.446
2026-04-07T18:00:00,71890.2,72086.4,71505.2,71681.9,12154.36
2026-04-07T19:00:00,71681.9,71732.6,71416.9,71446.5,5646.636
2026-04-07T20:00:00,71446.5,71698.0,71186.0,71330.0,6209.708
2026-04-07T21:00:00,71329.9,71449.9,71231.3,71259.6,2746.993
2026-04-07T22:00:00,71259.7,71649.8,71250.0,71528.6,5039.55
2026-04-07T23:00:00,71528.6,71797.0,71516.3,71701.6,3933.249
2026-04-08T00:00:00,71701.5,71919.0,71539.2,71697.5,4019.369
2026-04-08T01:00:00,71697.4,71873.7,71551.8,71612.0,4017.693
2026-04-08T02:00:00,71612.1,71808.5,71612.0,71776.0,3116.268
2026-04-08T03:00:00,71776.0,71945.0,71555.3,71655.4,3363.095
2026-04-08T04:00:00,71655.4,71782.1,71415.3,71445.7,3263.796
2026-04-08T05:00:00,71445.7,71687.6,71367.0,71650.2,4717.931
2026-04-08T06:00:00,71650.2,72169.5,71542.6,72023.6,10583.578
2026-04-08T07:00:00,72023.6,72858.5,71460.1,71563.2,37732.505
2026-04-08T08:00:00,71563.2,71723.8,70671.6,70888.0,20733.852
2026-04-08T09:00:00,70888.0,71327.2,70796.4,71274.8,10170.443
2026-04-08T10:00:00,71274.9,71655.0,71218.9,71560.9,7730.29
2026-04-08T11:00:00,71561.0,71934.5,71447.4,71847.5,8262.334
2026-04-08T12:00:00,71847.5,71847.7,71035.8,71064.9,10227.962
2026-04-08T13:00:00,71064.9,71333.0,70980.0,71283.0,5944.079
2026-04-08T14:00:00,71283.0,71444.8,71226.0,71336.9,2304.428
2026-04-08T15:00:00,71337.0,71726.7,71293.2,71509.5,3112.217
2026-04-08T16:00:00,71509.6,71536.2,71024.2,71024.3,3942.192
2026-04-08T17:00:00,71024.2,71198.4,70850.9,71038.1,4405.964
2026-04-08T18:00:00,71038.2,71107.0,70622.9,70779.0,5843.19
2026-04-08T19:00:00,70779.0,70940.8,70428.0,70900.0,7732.073
2026-04-08T20:00:00,70899.9,71168.0,70777.0,71029.7,4609.518
2026-04-08T21:00:00,71029.6,71091.9,70818.0,70961.2,3009.072
2026-04-08T22:00:00,70961.2,70980.5,70700.0,70760.1,3066.357
2026-04-08T23:00:00,70760.1,71063.0,70666.0,70959.7,3706.321
2026-04-09T00:00:00,70959.6,71058.6,70780.1,70998.8,2557.88
2026-04-09T01:00:00,70998.8,71087.8,70913.5,70945.0,2671.884
2026-04-09T02:00:00,70945.0,71342.0,70831.9,71207.6,4857.915
2026-04-09T03:00:00,71207.5,71533.0,71060.9,71488.7,5655.474
2026-04-09T04:00:00,71488.7,71498.9,71234.7,71234.7,3102.242
2026-04-09T05:00:00,71234.7,71317.0,71007.8,71109.9,3694.561
2026-04-09T06:00:00,71109.9,71299.6,70978.8,71245.0,3685.525
2026-04-09T07:00:00,71244.9,71320.0,70590.0,70765.2,9043.698
2026-04-09T08:00:00,70765.2,71224.5,70470.2,71083.5,10350.748
2026-04-09T09:00:00,71083.4,72320.0,70887.8,72108.0,26071.831
2026-04-09T10:00:00,72108.0,72377.4,71688.8,72048.0,13698.746
2026-04-09T11:00:00,72048.1,72517.9,72028.2,72306.9,12725.975
2026-04-09T12:00:00,72307.0,72339.0,71705.0,71849.3,6911.03
2026-04-09T13:00:00,71849.3,72267.3,71701.3,72055.9,8541.443
2026-04-09T14:00:00,72055.8,72419.8,71945.0,72377.6,4197.604
2026-04-09T15:00:00,72377.6,72666.6,72102.5,72230.1,5983.887
2026-04-09T16:00:00,72230.2,73128.0,71911.1,71911.2,15253.827
2026-04-09T17:00:00,71911.1,71999.0,71539.9,71750.4,8835.656
2026-04-09T18:00:00,71750.4,71995.8,71546.0,71932.3,6397.971
2026-04-09T19:00:00,71932.3,72350.0,71620.6,72124.0,8235.607
2026-04-09T20:00:00,72124.0,72255.0,71882.3,71926.3,4051.442
2026-04-09T21:00:00,71926.2,71993.0,71770.5,71837.3,3030.935
2026-04-09T22:00:00,71837.3,72199.9,71781.9,72088.8,3096.039
2026-04-09T23:00:00,72088.8,72243.6,71973.8,72098.6,2811.713
2026-04-10T00:00:00,72098.4,72154.8,71759.0,71778.1,3516.103
2026-04-10T01:00:00,71778.1,71821.1,71382.1,71461.2,7061.726
2026-04-10T02:00:00,71461.2,71730.0,71395.0,71571.6,5531.598
2026-04-10T03:00:00,71571.6,71840.8,71555.8,71746.2,3388.617
2026-04-10T04:00:00,71746.1,71910.0,71658.8,71872.4,3363.748
2026-04-10T05:00:00,71872.5,72229.0,71861.5,72092.7,6834.269
2026-04-10T06:00:00,72092.8,72467.3,71960.5,72225.5,12107.361
2026-04-10T07:00:00,72225.4,72381.0,71868.5,72284.0,7453.352
2026-04-10T08:00:00,72283.9,73123.9,72209.8,72870.6,24555.643
2026-04-10T09:00:00,72870.6,73255.7,72309.5,72421.0,13827.109
2026-04-10T10:00:00,72421.1,73024.1,72350.0,72954.0,8170.92
2026-04-10T11:00:00,72954.0,73125.1,72750.0,73079.9,4994.395
2026-04-10T12:00:00,73079.9,73127.6,72830.7,73056.7,4415.006
2026-04-10T13:00:00,73056.7,73223.4,72850.5,73187.3,5777.684
2026-04-10T14:00:00,73187.4,73450.0,72995.8,73310.5,8258.764
2026-04-10T15:00:00,73310.5,73311.5,72883.7,73156.2,2777.08
2026-04-10T16:00:00,73156.2,73213.4,72669.1,72834.2,4476.923
2026-04-10T17:00:00,72834.2,72925.0,72744.1,72917.4,2435.661
2026-04-10T18:00:00,72917.4,72917.4,72730.8,72792.5,1856.28
2026-04-10T19:00:00,72792.5,72972.5,72615.0,72920.1,3067.207
2026-04-10T20:00:00,72920.1,73066.2,72872.6,72928.3,3039.481
2026-04-10T21:00:00,72928.2,73048.5,72769.4,72835.1,2161.031
2026-04-10T22:00:00,72835.1,72921.5,72633.5,72771.2,4560.284
2026-04-10T23:00:00,72771.3,72800.0,72631.0,72680.0,2073.16
2026-04-11T00:00:00,72680.0,72738.0,72566.4,72727.5,2678.317
2026-04-11T01:00:00,72727.5,72790.9,72630.0,72707.7,2594.582
2026-04-11T02:00:00,72707.8,72767.5,72595.0,72625.4,1952.428
2026-04-11T03:00:00,72625.4,72883.0,72580.0,72874.0,3161.384
2026-04-11T04:00:00,72874.1,72886.0,72723.2,72801.2,1747.576
2026-04-11T05:00:00,72801.3,72874.1,72781.4,72868.2,1252.593
2026-04-11T06:00:00,72868.2,72945.0,72760.3,72895.6,2157.533
2026-04-11T07:00:00,72895.6,72895.6,72451.9,72612.2,6262.79
2026-04-11T08:00:00,72612.3,72728.5,72560.4,72660.9,1953.307
2026-04-11T09:00:00,72660.8,72869.9,72638.8,72817.3,2043.715
2026-04-11T10:00:00,72817.3,73180.0,72775.3,72991.3,5048.943
2026-04-11T11:00:00,72991.3,73140.8,72900.1,73056.2,2137.239
2026-04-11T12:00:00,73056.2,73700.0,72990.2,73515.9,10134.865
2026-04-11T13:00:00,73515.9,73773.4,73400.4,73635.9,6313.742
2026-04-11T14:00:00,73635.9,73648.8,73183.5,73252.9,3776.169
2026-04-11T15:00:00,73252.8,73500.0,73155.0,73384.7,2632.347
2026-04-11T16:00:00,73384.7,73529.0,73183.4,73333.3,3102.654
2026-04-11T17:00:00,73333.3,73333.4,72861.2,73013.4,4462.043
2026-04-11T18:00:00,73013.4,73077.6,72817.4,73038.8,2584.79
2026-04-11T19:00:00,73038.7,73094.4,71259.0,71598.7,25394.345
2026-04-11T20:00:00,71598.7,72000.0,71302.0,71723.7,10553.114
2026-04-11T21:00:00,71723.7,71831.8,71556.3,71563.6,4636.933
2026-04-11T22:00:00,71563.6,71656.3,71407.7,71428.7,3979.59
2026-04-11T23:00:00,71428.7,71750.0,71369.7,71665.1,4332.298
2026-04-12T00:00:00,71665.0,71728.0,71602.0,71618.9,2011.767
2026-04-12T01:00:00,71618.8,71716.2,71541.4,71628.1,1699.934
2026-04-12T02:00:00,71628.2,71750.0,71555.0,71592.3,1973.322
2026-04-12T03:00:00,71592.4,71600.0,71461.7,71502.4,1676.216
2026-04-12T04:00:00,71502.3,71655.2,71309.7,71416.1,2947.051
2026-04-12T05:00:00,71416.1,71510.0,71384.3,71435.0,2223.504
2026-04-12T06:00:00,71435.0,71478.0,71000.0,71050.1,8813.353
2026-04-12T07:00:00,71050.0,71117.2,70818.7,70861.5,11631.888
2026-04-12T08:00:00,70861.4,71063.8,70655.6,70714.3,7906.214
2026-04-12T09:00:00,70714.3,70898.0,70566.5,70856.2,6590.007
2026-04-12T10:00:00,70856.1,70926.7,70777.0,70890.9,2601.419
2026-04-12T11:00:00,70890.8,71188.0,70853.1,71099.9,4177.012
2026-04-12T12:00:00,71100.0,71177.3,71010.0,71092.6,2607.767
2026-04-12T13:00:00,71092.5,71199.0,71034.6,71055.2,2131.614
2026-04-12T14:00:00,71055.2,71417.9,70920.4,71302.9,5128.901
2026-04-12T15:00:00,71302.8,71423.9,71110.3,71331.7,2565.008
2026-04-12T16:00:00,71331.4,71332.4,70458.2,70875.6,13082.45
2026-04-12T17:00:00,70875.5,70882.4,70533.0,70711.1,3574.492
2026-04-12T18:00:00,70711.2,71225.0,70574.0,71130.0,5326.491
2026-04-12T19:00:00,71129.9,71193.6,70990.7,71156.1,3835.131
2026-04-12T20:00:00,71156.0,71245.0,70941.4,71047.0,3419.461
2026-04-12T21:00:00,71047.0,71128.8,70874.4,70944.8,2551.518
2026-04-12T22:00:00,70944.8,71114.9,70812.7,70854.3,2218.709
2026-04-12T23:00:00,70854.4,70892.4,70627.9,70847.8,2818.291
2026-04-13T00:00:00,70847.7,71068.0,70843.7,70989.6,2518.392
2026-04-13T01:00:00,70989.7,71045.1,70640.3,70780.0,3837.005
2026-04-13T02:00:00,70780.1,70833.0,70517.3,70644.8,3558.489
2026-04-13T03:00:00,70644.9,70875.3,70634.9,70758.4,2639.981
2026-04-13T04:00:00,70758.3,70814.2,70643.5,70716.0,1970.778
2026-04-13T05:00:00,70716.0,70960.3,70700.3,70883.9,3104.39
2026-04-13T06:00:00,70883.9,71188.0,70722.3,71043.0,5697.803
2026-04-13T07:00:00,71043.0,71677.9,70780.0,71623.0,17540.464
2026-04-13T08:00:00,71623.0,72358.5,71326.3,72347.2,20806.65
2026-04-13T09:00:00,72347.1,72431.0,71600.1,71823.6,13405.348
2026-04-13T10:00:00,71823.6,72393.8,71629.5,72157.3,13649.973
2026-04-13T11:00:00,72157.4,72549.2,72015.5,72101.0,11559.413
2026-04-13T12:00:00,72100.9,72424.9,72000.0,72380.0,5777.54
2026-04-13T13:00:00,72380.1,73441.7,72248.5,73272.2,25327.444
2026-04-13T14:00:00,73272.1,73349.3,72953.3,73098.9,9281.046
2026-04-13T15:00:00,73098.8,73329.4,73026.7,73140.0,3643.338
2026-04-13T16:00:00,73140.0,74750.0,73130.0,74599.9,31775.073
2026-04-13T17:00:00,74600.0,74870.0,74367.6,74385.0,16766.791
2026-04-13T18:00:00,74384.9,74493.4,74057.7,74127.9,8218.546
2026-04-13T19:00:00,74127.9,74400.0,73946.9,74345.5,4810.747
2026-04-13T20:00:00,74345.5,74583.1,74236.1,74294.4,3853.264
2026-04-13T21:00:00,74294.5,74461.9,74212.8,74408.8,2768.526
2026-04-13T22:00:00,74408.8,74476.1,74316.9,74355.5,2265.702
2026-04-13T23:00:00,74355.5,74401.8,74112.2,74184.5,3115.487
2026-04-14T00:00:00,74184.5,74519.9,74184.5,74485.0,3312.115
2026-04-14T01:00:00,74485.1,74900.0,74395.6,74513.4,7521.321
2026-04-14T02:00:00,74513.3,74873.5,74419.1,74713.9,5411.496
2026-04-14T03:00:00,74714.0,74799.5,74403.1,74471.9,4221.747
2026-04-14T04:00:00,74471.9,74581.7,74300.0,74309.8,3610.194
2026-04-14T05:00:00,74309.8,74430.0,74267.2,74342.4,2981.975
2026-04-14T06:00:00,74342.4,74459.6,74234.0,74416.7,4585.221
2026-04-14T07:00:00,74416.7,75484.0,74366.0,75471.2,21163.234
2026-04-14T08:00:00,75471.1,76009.0,74964.7,74966.3,32074.453
2026-04-14T09:00:00,74966.3,75396.9,74514.1,75268.1,17275.135
2026-04-14T10:00:00,75268.1,75684.9,74450.0,74597.1,13496.273
2026-04-14T11:00:00,74597.2,74902.7,74200.2,74699.9,9405.722
2026-04-14T12:00:00,74699.9,74765.0,73789.7,74050.0,11823.288
2026-04-14T13:00:00,74049.9,74362.8,73833.5,74176.4,7221.741
2026-04-14T14:00:00,74176.5,74387.7,73960.0,74059.0,3417.497
2026-04-14T15:00:00,74058.9,74295.7,73903.8,74230.3,2657.168
2026-04-14T16:00:00,74230.3,74339.4,73766.8,73987.5,4679.75
2026-04-14T17:00:00,73987.6,74200.1,73961.3,74106.9,3370.888
2026-04-14T18:00:00,74106.9,74635.0,74085.0,74520.3,6386.687
2026-04-14T19:00:00,74520.3,74739.2,74450.8,74568.3,3793.236
2026-04-14T20:00:00,74568.3,74653.4,74142.7,74280.0,3803.95
2026-04-14T21:00:00,74280.0,74338.9,74123.6,74296.8,2219.931
2026-04-14T22:00:00,74296.8,74400.0,74211.3,74290.8,1828.487
2026-04-14T23:00:00,74290.7,74390.0,73822.6,73983.2,5600.465
2026-04-15T00:00:00,73983.1,74015.7,73822.0,73851.1,2724.877
2026-04-15T01:00:00,73851.0,73987.0,73449.0,73705.1,9147.153
2026-04-15T02:00:00,73705.2,74154.3,73640.1,74070.4,4910.157
2026-04-15T03:00:00,74070.4,74143.5,73868.0,73968.3,2961.195
2026-04-15T04:00:00,73968.3,74222.7,73750.0,73825.9,5354.748
2026-04-15T05:00:00,73825.9,74227.5,73825.9,74155.1,4233.263
2026-04-15T06:00:00,74155.0,74473.5,74001.1,74228.7,5486.241
2026-04-15T07:00:00,74228.8,74397.0,73769.5,74015.8,7645.902
2026-04-15T08:00:00,74015.9,74466.0,73776.5,74108.8,9303.464
2026-04-15T09:00:00,74108.8,74290.0,73540.0,73797.5,9855.922
2026-04-15T10:00:00,73797.5,74145.2,73714.9,73900.4,5052.861
2026-04-15T11:00:00,73900.3,74197.1,73873.8,74099.1,3734.784
2026-04-15T12:00:00,74099.0,74369.2,74028.0,74349.1,3731.718
2026-04-15T13:00:00,74349.1,75240.0,74311.9,74957.8,12055.2
2026-04-15T14:00:00,74957.7,74991.5,74466.5,74796.8,6702.826
2026-04-15T15:00:00,74796.7,74816.0,74498.6,74703.0,2535.824
2026-04-15T16:00:00,74703.1,75425.6,74696.0,74931.3,7850.458
2026-04-15T17:00:00,74931.3,74932.1,74579.0,74776.2,4110.422
2026-04-15T18:00:00,74776.3,74839.0,74400.0,74772.0,4289.958
2026-04-15T19:00:00,74772.1,74772.1,74415.0,74612.8,2427.54
2026-04-15T20:00:00,74612.8,75232.7,74556.7,74840.8,5925.41
2026-04-15T21:00:00,74840.7,75123.5,74825.1,74851.9,3008.342
2026-04-15T22:00:00,74851.9,75130.0,74675.4,74899.9,7685.073
2026-04-15T23:00:00,74900.0,75100.0,74852.4,75006.1,2772.243
2026-04-16T00:00:00,75006.0,75079.1,74801.8,74985.9,2797.074
2026-04-16T01:00:00,74985.9,75039.0,74590.3,74667.7,3790.884
2026-04-16T02:00:00,74667.7,74711.8,74466.9,74634.3,4804.128
2026-04-16T03:00:00,74634.2,74866.9,74550.0,74558.7,3450.627
2026-04-16T04:00:00,74558.6,74621.1,74226.2,74267.8,7078.903
2026-04-16T05:00:00,74267.7,74537.3,74234.9,74528.4,5244.012
2026-04-16T06:00:00,74528.4,74836.6,74524.7,74577.7,5712.038
2026-04-16T07:00:00,74577.8,74981.1,73256.8,73755.9,21382.008
2026-04-16T08:00:00,73756.0,74155.7,73388.0,73937.0,16481.072
2026-04-16T09:00:00,73936.8,74880.0,73900.0,74659.5,13140.692
2026-04-16T10:00:00,74659.5,74901.6,74007.6,74140.6,9530.226
2026-04-16T11:00:00,74140.6,74410.7,73873.5,74301.6,6691.907
2026-04-16T12:00:00,74301.6,75073.0,74202.0,75000.0,7853.12
2026-04-16T13:00:00,75000.1,75378.1,74711.0,75309.4,8837.111
2026-04-16T14:00:00,75309.5,75500.0,74964.6,75188.9,6256.538
2026-04-16T15:00:00,75189.0,75245.7,74736.5,74902.2,3984.835
2026-04-16T16:00:00,74902.3,75090.8,74787.7,74833.9,2612.399
2026-04-16T17:00:00,74833.9,75149.1,74800.0,75106.8,2641.585
2026-04-16T18:00:00,75106.8,75118.4,74848.4,74900.2,2958.114
2026-04-16T19:00:00,74900.2,74998.2,74532.9,74707.6,4650.303
2026-04-16T20:00:00,74707.7,74770.0,74480.0,74670.6,2338.74
2026-04-16T21:00:00,74670.5,74814.1,74558.9,74582.8,3160.293
2026-04-16T22:00:00,74582.8,74818.1,74550.0,74748.4,1846.248
2026-04-16T23:00:00,74748.3,74770.5,74508.2,74604.8,2378.041
2026-04-17T00:00:00,74604.8,74904.2,74559.7,74895.1,3090.866
2026-04-17T01:00:00,74895.2,75060.4,74892.7,75047.4,4376.71
2026-04-17T02:00:00,75047.4,75869.0,74951.6,75749.8,14296.9
2026-04-17T03:00:00,75749.8,76350.0,75463.2,75746.0,21235.691
2026-04-17T04:00:00,75746.1,75853.7,75030.2,75229.7,13662.049
2026-04-17T05:00:00,75229.6,75564.7,75195.7,75542.2,4279.613
2026-04-17T06:00:00,75542.1,76235.4,75481.8,76195.6,13125.431
2026-04-17T07:00:00,76195.7,77376.3,76006.7,77294.3,49562.355
2026-04-17T08:00:00,77294.2,77999.9,76951.1,77825.1,31429.916
2026-04-17T09:00:00,77825.1,77940.0,77389.0,77736.2,13716.929
2026-04-17T10:00:00,77736.2,78300.0,77660.0,77805.1,15584.467
2026-04-17T11:00:00,77805.1,77870.0,77042.0,77465.3,12363.466
2026-04-17T12:00:00,77465.3,77521.3,77028.4,77112.1,6498.194
2026-04-17T13:00:00,77112.0,77429.8,76921.9,77348.8,6106.231
2026-04-17T14:00:00,77349.2,77566.0,77111.0,77283.7,3754.339
2026-04-17T15:00:00,77283.7,77459.0,77228.6,77400.1,1994.375
2026-04-17T16:00:00,77400.0,77477.1,77222.1,77261.8,2677.99
2026-04-17T17:00:00,77261.9,77267.0,76854.2,77030.6,4308.654
2026-04-17T18:00:00,77030.6,77216.2,76931.0,77135.1,2853.47
2026-04-17T19:00:00,77135.2,77287.9,77072.7,77175.9,2416.708
2026-04-17T20:00:00,77175.9,77380.0,77085.6,77249.5,2121.763
2026-04-17T21:00:00,77249.6,77254.3,76903.2,76964.3,2495.093
2026-04-17T22:00:00,76964.4,77131.8,76824.1,77065.9,3532.251
2026-04-17T23:00:00,77065.8,77233.6,77063.5,77085.0,2162.711
2026-04-18T00:00:00,77085.1,77177.0,77008.0,77078.7,1684.268
2026-04-18T01:00:00,77078.7,77086.5,76826.8,76951.0,3315.779
2026-04-18T02:00:00,76951.0,77004.2,76460.0,76695.1,10953.848
2026-04-18T03:00:00,76695.1,76695.1,76357.1,76557.1,6580.507
2026-04-18T04:00:00,76557.1,76557.2,76091.8,76150.0,9595.16
2026-04-18T05:00:00,76150.0,76150.0,75710.6,76002.0,10561.507
2026-04-18T06:00:00,76002.0,76277.4,76000.0,76168.0,5429.196
2026-04-18T07:00:00,76168.0,76176.0,75738.0,76080.5,5094.502
2026-04-18T08:00:00,76080.5,76268.2,75924.4,76211.2,3696.291
2026-04-18T09:00:00,76211.2,76342.7,75931.9,76124.8,3212.335
2026-04-18T10:00:00,76124.8,76176.6,75584.1,75897.9,8581.227
2026-04-18T11:00:00,75897.9,75930.5,75724.8,75783.9,3440.03
2026-04-18T12:00:00,75783.9,75805.1,75395.9,75603.7,8666.619
2026-04-18T13:00:00,75603.7,75761.1,75532.3,75604.2,2321.47
2026-04-18T14:00:00,75604.2,75799.9,75558.6,75706.1,1982.126
2026-04-18T15:00:00,75706.1,75795.0,75551.0,75766.5,1443.332
2026-04-18T16:00:00,75766.4,75836.9,75560.0,75765.5,2228.389
2026-04-18T17:00:00,75765.5,75843.3,75653.4,75698.2,1346.998
