timestamp,open,high,low,close,volume
2026-01-18T18:00:00,13.301,13.301,12.3,12.843,5474476.43
2026-01-18T19:00:00,12.843,12.908,12.784,12.834,948375.36
2026-01-18T20:00:00,12.833,12.888,12.798,12.852,627955.64
2026-01-18T21:00:00,12.851,12.876,12.786,12.856,479412.47
2026-01-18T22:00:00,12.856,12.857,12.79,12.79,452074.22
2026-01-18T23:00:00,12.79,12.826,12.741,12.785,634675.36
2026-01-19T00:00:00,12.785,12.79,12.716,12.749,473618.01
2026-01-19T01:00:00,12.749,12.775,12.727,12.763,281584.92
2026-01-19T02:00:00,12.763,12.857,12.746,12.816,654386.34
2026-01-19T03:00:00,12.816,12.821,12.741,12.795,356340.43
2026-01-19T04:00:00,12.796,12.801,12.741,12.759,254488.15
2026-01-19T05:00:00,12.76,12.814,12.746,12.772,327746.94
2026-01-19T06:00:00,12.772,12.797,12.725,12.751,374038.14
2026-01-19T07:00:00,12.751,12.779,12.726,12.768,390819.96
2026-01-19T08:00:00,12.768,12.867,12.756,12.79,629760.51
2026-01-19T09:00:00,12.791,12.819,12.745,12.762,486894.83
2026-01-19T10:00:00,12.762,12.906,12.753,12.891,402273.58
2026-01-19T11:00:00,12.89,12.895,12.834,12.839,333982.82
2026-01-19T12:00:00,12.839,12.882,12.825,12.876,242486.33
2026-01-19T13:00:00,12.875,12.964,12.874,12.932,419233.11
2026-01-19T14:00:00,12.932,12.995,12.927,12.943,304481.81
2026-01-19T15:00:00,12.942,12.973,12.886,12.887,249015.54
2026-01-19T16:00:00,12.887,12.901,12.803,12.804,424329.68
2026-01-19T17:00:00,12.803,12.908,12.771,12.877,478189.75
2026-01-19T18:00:00,12.878,12.9,12.832,12.839,318212.67
2026-01-19T19:00:00,12.838,12.898,12.798,12.839,238691.26
2026-01-19T20:00:00,12.84,12.892,12.79,12.87,365026.28
2026-01-19T21:00:00,12.869,12.88,12.807,12.855,289971.49
2026-01-19T22:00:00,12.855,12.873,12.788,12.797,238847.03
2026-01-19T23:00:00,12.797,12.848,12.731,12.812,583897.16
2026-01-20T00:00:00,12.811,12.812,12.605,12.625,1056834.35
2026-01-20T01:00:00,12.625,12.686,12.607,12.609,464567.98
2026-01-20T02:00:00,12.609,12.622,12.473,12.565,1247143.94
2026-01-20T03:00:00,12.565,12.565,12.473,12.492,612331.02
2026-01-20T04:00:00,12.491,12.585,12.483,12.547,736334.66
2026-01-20T05:00:00,12.548,12.576,12.504,12.505,356171.25
2026-01-20T06:00:00,12.505,12.556,12.497,12.546,348149.84
2026-01-20T07:00:00,12.545,12.545,12.437,12.456,593084.34
2026-01-20T08:00:00,12.455,12.61,12.444,12.489,1331767.68
2026-01-20T09:00:00,12.489,12.525,12.34,12.431,2153336.3
2026-01-20T10:00:00,12.432,12.473,12.258,12.313,1118305.62
2026-01-20T11:00:00,12.312,12.395,12.17,12.256,1021088.69
2026-01-20T12:00:00,12.257,12.296,12.191,12.222,549022.45
2026-01-20T13:00:00,12.221,12.281,12.194,12.271,329431.21
2026-01-20T14:00:00,12.271,12.337,12.229,12.337,670409.42
2026-01-20T15:00:00,12.338,12.348,12.208,12.213,392283.2
2026-01-20T16:00:00,12.213,12.271,12.02,12.14,1071714.56
2026-01-20T17:00:00,12.141,12.168,12.086,12.12,650401.2
2026-01-20T18:00:00,12.121,12.276,12.096,12.268,754716.27
2026-01-20T19:00:00,12.269,12.321,12.25,12.304,544580.95
2026-01-20T20:00:00,12.304,12.349,12.277,12.296,478202.13
2026-01-20T21:00:00,12.296,12.343,12.285,12.305,313818.88
2026-01-20T22:00:00,12.305,12.36,12.279,12.344,255800.78
2026-01-20T23:00:00,12.344,12.464,12.341,12.431,556417.42
2026-01-21T00:00:00,12.431,12.431,12.343,12.354,382841.01
2026-01-21T01:00:00,12.354,12.381,12.298,12.311,368393.03
2026-01-21T02:00:00,12.311,12.333,12.225,12.298,466704.99
2026-01-21T03:00:00,12.297,12.33,12.272,12.281,309521.02
2026-01-21T04:00:00,12.281,12.327,12.269,12.271,258024.36
2026-01-21T05:00:00,12.27,12.304,12.161,12.172,423473.01
2026-01-21T06:00:00,12.172,12.192,12.059,12.181,952084.0
2026-01-21T07:00:00,12.181,12.229,12.111,12.136,456947.83
2026-01-21T08:00:00,12.135,12.43,12.122,12.412,1686445.72
2026-01-21T09:00:00,12.411,12.542,12.345,12.433,1316883.48
2026-01-21T10:00:00,12.433,12.446,11.971,11.989,2131994.3
2026-01-21T11:00:00,11.989,12.116,11.884,12.021,1707117.74
2026-01-21T12:00:00,12.021,12.164,11.968,12.109,936060.87
2026-01-21T13:00:00,12.11,12.614,12.057,12.6,2108162.57
2026-01-21T14:00:00,12.601,12.62,12.422,12.56,1008858.33
2026-01-21T15:00:00,12.561,12.644,12.525,12.602,536043.56
2026-01-21T16:00:00,12.602,12.667,12.496,12.496,506178.34
2026-01-21T17:00:00,12.496,12.528,12.362,12.395,506620.47
2026-01-21T18:00:00,12.395,12.481,12.395,12.434,505103.86
2026-01-21T19:00:00,12.435,12.542,12.425,12.535,437872.95
2026-01-21T20:00:00,12.536,12.575,12.498,12.506,270447.69
2026-01-21T21:00:00,12.507,12.538,12.402,12.443,381870.08
2026-01-21T22:00:00,12.442,12.525,12.436,12.508,313223.56
2026-01-21T23:00:00,12.509,12.52,12.452,12.481,196369.76
2026-01-22T00:00:00,12.482,12.498,12.421,12.468,317324.94
2026-01-22T01:00:00,12.469,12.477,12.402,12.422,241339.07
2026-01-22T02:00:00,12.421,12.457,12.389,12.443,339004.13
2026-01-22T03:00:00,12.444,12.482,12.42,12.468,242433.79
2026-01-22T04:00:00,12.468,12.472,12.436,12.443,205693.46
2026-01-22T05:00:00,12.443,12.45,12.36,12.378,326058.76
2026-01-22T06:00:00,12.378,12.401,12.361,12.376,324268.81
2026-01-22T07:00:00,12.376,12.47,12.32,12.345,608868.22
2026-01-22T08:00:00,12.345,12.384,12.226,12.239,938479.59
2026-01-22T09:00:00,12.239,12.306,12.115,12.222,956080.83
2026-01-22T10:00:00,12.223,12.327,12.194,12.286,635836.92
2026-01-22T11:00:00,12.287,12.321,12.214,12.308,428830.42
2026-01-22T12:00:00,12.308,12.322,12.211,12.215,408646.9
2026-01-22T13:00:00,12.216,12.3,12.186,12.278,334303.28
2026-01-22T14:00:00,12.277,12.299,12.194,12.231,287344.94
2026-01-22T15:00:00,12.232,12.278,12.216,12.228,294037.13
2026-01-22T16:00:00,12.228,12.272,12.208,12.238,194627.21
2026-01-22T17:00:00,12.238,12.261,12.191,12.252,265070.43
2026-01-22T18:00:00,12.251,12.269,12.215,12.238,246393.06
2026-01-22T19:00:00,12.239,12.346,12.239,12.339,270725.04
2026-01-22T20:00:00,12.338,12.349,12.255,12.26,200119.51
2026-01-22T21:00:00,12.26,12.344,12.255,12.327,228169.27
2026-01-22T22:00:00,12.327,12.402,12.314,12.381,300848.0
2026-01-22T23:00:00,12.381,12.381,12.316,12.344,272918.25
2026-01-23T00:00:00,12.344,12.382,12.264,12.268,421391.49
2026-01-23T01:00:00,12.268,12.297,12.245,12.272,291097.74
2026-01-23T02:00:00,12.271,12.289,12.168,12.185,379126.95
2026-01-23T03:00:00,12.184,12.235,12.172,12.197,336000.28
2026-01-23T04:00:00,12.197,12.232,12.162,12.219,309044.98
2026-01-23T05:00:00,12.218,12.267,12.214,12.251,295887.24
2026-01-23T06:00:00,12.253,12.274,12.221,12.248,187213.13
2026-01-23T07:00:00,12.247,12.276,12.227,12.238,246392.66
2026-01-23T08:00:00,12.238,12.252,12.034,12.111,1385878.92
2026-01-23T09:00:00,12.111,12.266,12.056,12.247,937121.19
2026-01-23T10:00:00,12.247,12.358,12.193,12.289,908734.68
2026-01-23T11:00:00,12.289,12.495,12.244,12.364,1096041.45
2026-01-23T12:00:00,12.365,12.438,12.335,12.369,540793.3
2026-01-23T13:00:00,12.37,12.372,12.195,12.243,783221.05
2026-01-23T14:00:00,12.243,12.269,12.114,12.152,507232.97
2026-01-23T15:00:00,12.151,12.216,12.14,12.157,203383.47
2026-01-23T16:00:00,12.158,12.241,12.155,12.234,313538.68
2026-01-23T17:00:00,12.234,12.234,12.193,12.21,150562.15
2026-01-23T18:00:00,12.21,12.26,12.199,12.232,449587.42
2026-01-23T19:00:00,12.232,12.273,12.182,12.223,457694.86
2026-01-23T20:00:00,12.224,12.235,12.212,12.218,192165.19
2026-01-23T21:00:00,12.219,12.27,12.205,12.248,257490.85
2026-01-23T22:00:00,12.248,12.278,12.226,12.241,165770.05
2026-01-23T23:00:00,12.241,12.242,12.215,12.227,137299.47
2026-01-24T00:00:00,12.228,12.237,12.211,12.226,120182.05
2026-01-24T01:00:00,12.226,12.234,12.199,12.2,127150.12
2026-01-24T02:00:00,12.201,12.234,12.195,12.228,147631.57
2026-01-24T03:00:00,12.228,12.234,12.201,12.205,110397.97
2026-01-24T04:00:00,12.205,12.211,12.182,12.206,133034.06
2026-01-24T05:00:00,12.207,12.218,12.199,12.206,120553.83
2026-01-24T06:00:00,12.206,12.227,12.189,12.199,154582.47
2026-01-24T07:00:00,12.198,12.211,12.15,12.153,163268.98
2026-01-24T08:00:00,12.153,12.188,12.143,12.178,225076.37
2026-01-24T09:00:00,12.179,12.207,12.145,12.146,221418.62
2026-01-24T10:00:00,12.146,12.186,12.125,12.166,368927.16
2026-01-24T11:00:00,12.166,12.2,12.157,12.199,221282.81
2026-01-24T12:00:00,12.2,12.229,12.189,12.199,299020.35
2026-01-24T13:00:00,12.198,12.206,12.178,12.178,185839.56
2026-01-24T14:00:00,12.179,12.213,12.178,12.2,99274.68
2026-01-24T15:00:00,12.201,12.217,12.183,12.213,158195.57
2026-01-24T16:00:00,12.213,12.25,12.213,12.244,186264.9
2026-01-24T17:00:00,12.245,12.25,12.196,12.197,189310.13
2026-01-24T18:00:00,12.198,12.216,12.161,12.185,215405.51
2026-01-24T19:00:00,12.184,12.192,12.136,12.145,255406.41
2026-01-24T20:00:00,12.144,12.176,12.135,12.14,157439.87
2026-01-24T21:00:00,12.14,12.144,12.062,12.083,361889.08
2026-01-24T22:00:00,12.082,12.119,12.071,12.092,187432.46
2026-01-24T23:00:00,12.092,12.12,12.09,12.118,141073.94
2026-01-25T00:00:00,12.117,12.117,12.043,12.084,322916.75
2026-01-25T01:00:00,12.084,12.101,12.053,12.084,191085.0
2026-01-25T02:00:00,12.083,12.096,12.0,12.027,436465.36
2026-01-25T03:00:00,12.026,12.095,12.001,12.06,343566.08
2026-01-25T04:00:00,12.061,12.123,12.052,12.098,438224.63
2026-01-25T05:00:00,12.097,12.12,12.058,12.075,166655.42
2026-01-25T06:00:00,12.074,12.084,12.025,12.084,281536.43
2026-01-25T07:00:00,12.084,12.11,12.03,12.088,308164.62
2026-01-25T08:00:00,12.089,12.093,11.933,11.984,929766.98
2026-01-25T09:00:00,11.983,12.013,11.94,11.957,412431.22
2026-01-25T10:00:00,11.958,11.958,11.672,11.798,2854570.98
2026-01-25T11:00:00,11.797,11.826,11.702,11.74,686070.37
2026-01-25T12:00:00,11.741,11.752,11.549,11.613,1629271.41
2026-01-25T13:00:00,11.614,11.64,11.379,11.428,2100488.49
2026-01-25T14:00:00,11.428,11.515,11.355,11.45,1243838.8
2026-01-25T15:00:00,11.451,11.534,11.445,11.512,745546.29
2026-01-25T16:00:00,11.513,11.52,11.396,11.449,542036.21
2026-01-25T17:00:00,11.45,11.525,11.388,11.517,584875.81
2026-01-25T18:00:00,11.517,11.648,11.501,11.648,677812.0
2026-01-25T19:00:00,11.648,11.86,11.646,11.819,833324.04
2026-01-25T20:00:00,11.819,11.829,11.72,11.73,427467.11
2026-01-25T21:00:00,11.729,11.778,11.657,11.699,427010.97
2026-01-25T22:00:00,11.699,11.825,11.699,11.765,415948.98
2026-01-25T23:00:00,11.764,11.796,11.756,11.769,329461.78
2026-01-26T00:00:00,11.77,11.842,11.738,11.829,340076.36
2026-01-26T01:00:00,11.829,11.88,11.807,11.857,437996.17
2026-01-26T02:00:00,11.857,11.956,11.816,11.87,729431.45
2026-01-26T03:00:00,11.871,11.875,11.76,11.774,406942.6
2026-01-26T04:00:00,11.773,11.825,11.769,11.812,245776.76
2026-01-26T05:00:00,11.812,11.847,11.791,11.8,272214.09
2026-01-26T06:00:00,11.801,11.861,11.797,11.827,262217.0
2026-01-26T07:00:00,11.827,11.882,11.817,11.877,311021.33
2026-01-26T08:00:00,11.878,12.027,11.806,11.996,1398380.0
2026-01-26T09:00:00,11.995,12.126,11.868,11.914,1360966.68
2026-01-26T10:00:00,11.914,11.985,11.85,11.94,595842.92
2026-01-26T11:00:00,11.94,11.969,11.816,11.906,719460.84
2026-01-26T12:00:00,11.906,12.022,11.891,11.985,565541.81
2026-01-26T13:00:00,11.986,12.015,11.901,11.924,534506.34
2026-01-26T14:00:00,11.923,11.948,11.857,11.878,537464.8
2026-01-26T15:00:00,11.879,12.03,11.863,11.987,462718.66
2026-01-26T16:00:00,11.986,12.013,11.94,11.968,353137.02
2026-01-26T17:00:00,11.968,12.009,11.925,11.941,272256.75
2026-01-26T18:00:00,11.942,11.97,11.927,11.949,197962.68
2026-01-26T19:00:00,11.949,12.022,11.92,11.989,286304.9
2026-01-26T20:00:00,11.99,12.055,11.984,12.049,318103.41
2026-01-26T21:00:00,12.048,12.054,11.981,11.99,223290.69
2026-01-26T22:00:00,11.991,12.058,11.963,11.985,318613.21
2026-01-26T23:00:00,11.985,11.989,11.951,11.983,155431.69
2026-01-27T00:00:00,11.983,11.995,11.936,11.947,229056.49
2026-01-27T01:00:00,11.947,12.001,11.943,11.977,254234.13
2026-01-27T02:00:00,11.977,12.009,11.936,11.953,202821.47
2026-01-27T03:00:00,11.954,11.954,11.877,11.883,362395.12
2026-01-27T04:00:00,11.882,11.923,11.873,11.884,315303.32
2026-01-27T05:00:00,11.885,11.925,11.871,11.896,213226.48
2026-01-27T06:00:00,11.896,11.913,11.864,11.878,289711.39
2026-01-27T07:00:00,11.877,11.894,11.831,11.847,303238.47
2026-01-27T08:00:00,11.848,11.988,11.844,11.883,909730.16
2026-01-27T09:00:00,11.883,12.001,11.86,11.989,660073.88
2026-01-27T10:00:00,11.989,12.185,11.987,12.141,1511687.37
2026-01-27T11:00:00,12.141,12.147,11.85,11.893,1110831.85
2026-01-27T12:00:00,11.893,12.042,11.872,12.005,699412.13
2026-01-27T13:00:00,12.006,12.025,11.942,11.972,460764.39
2026-01-27T14:00:00,11.972,12.156,11.967,12.131,1099025.42
2026-01-27T15:00:00,12.13,12.145,12.014,12.025,597446.42
2026-01-27T16:00:00,12.025,12.091,12.022,12.058,401238.82
2026-01-27T17:00:00,12.057,12.095,12.02,12.036,383978.28
2026-01-27T18:00:00,12.036,12.06,11.975,12.043,371025.98
2026-01-27T19:00:00,12.044,12.06,11.969,11.985,255530.77
2026-01-27T20:00:00,11.985,12.022,11.952,12.016,290411.41
2026-01-27T21:00:00,12.017,12.024,11.96,11.974,215215.58
2026-01-27T22:00:00,11.974,11.98,11.901,11.925,251619.43
2026-01-27T23:00:00,11.926,11.951,11.886,11.913,280736.6
2026-01-28T00:00:00,11.914,11.993,11.914,11.974,365074.88
2026-01-28T01:00:00,11.975,11.98,11.924,11.938,183536.38
2026-01-28T02:00:00,11.938,11.951,11.892,11.897,289073.76
2026-01-28T03:00:00,11.897,11.978,11.858,11.966,502295.43
2026-01-28T04:00:00,11.966,12.013,11.941,11.963,445701.21
2026-01-28T05:00:00,11.962,12.048,11.926,12.032,509410.56
2026-01-28T06:00:00,12.032,12.035,11.91,11.939,595698.25
2026-01-28T07:00:00,11.939,11.992,11.924,11.936,580987.75
2026-01-28T08:00:00,11.936,11.937,11.753,11.82,1770752.97
2026-01-28T09:00:00,11.82,11.858,11.694,11.756,1090985.29
2026-01-28T10:00:00,11.756,11.793,11.686,11.729,718585.71
2026-01-28T11:00:00,11.729,11.899,11.7,11.838,731337.83
2026-01-28T12:00:00,11.838,11.846,11.76,11.811,491326.02
2026-01-28T13:00:00,11.81,11.871,11.762,11.837,631493.36
2026-01-28T14:00:00,11.838,11.939,11.805,11.82,538065.43
2026-01-28T15:00:00,11.821,11.879,11.746,11.861,524301.51
2026-01-28T16:00:00,11.861,11.9,11.806,11.896,281560.0
2026-01-28T17:00:00,11.896,11.92,11.828,11.835,313182.8
2026-01-28T18:00:00,11.836,11.864,11.747,11.799,430462.2
2026-01-28T19:00:00,11.799,11.816,11.721,11.75,394662.7
2026-01-28T20:00:00,11.75,11.801,11.599,11.656,1162163.91
2026-01-28T21:00:00,11.655,11.727,11.621,11.637,459955.8
2026-01-28T22:00:00,11.637,11.64,11.537,11.617,486028.5
2026-01-28T23:00:00,11.617,11.65,11.591,11.602,256808.45
2026-01-29T00:00:00,11.602,11.64,11.584,11.63,255149.53
2026-01-29T01:00:00,11.63,11.649,11.612,11.623,281226.37
2026-01-29T02:00:00,11.623,11.656,11.559,11.577,540429.26
2026-01-29T03:00:00,11.577,11.61,11.565,11.565,287383.46
2026-01-29T04:00:00,11.566,11.574,11.539,11.556,247554.15
2026-01-29T05:00:00,11.557,11.569,11.506,11.538,500812.06
2026-01-29T06:00:00,11.539,11.572,11.5,11.553,365965.06
2026-01-29T07:00:00,11.553,11.605,11.551,11.577,437203.55
2026-01-29T08:00:00,11.578,11.604,11.203,11.22,1935602.53
2026-01-29T09:00:00,11.221,11.223,10.856,11.025,4255319.07
2026-01-29T10:00:00,11.024,11.069,10.92,11.065,1821887.9
2026-01-29T11:00:00,11.065,11.197,11.014,11.039,1783079.42
2026-01-29T12:00:00,11.039,11.081,10.822,10.837,1735416.72
2026-01-29T13:00:00,10.836,10.999,10.825,10.944,998369.06
2026-01-29T14:00:00,10.945,11.066,10.922,11.056,684611.31
2026-01-29T15:00:00,11.056,11.131,11.052,11.095,499510.32
2026-01-29T16:00:00,11.096,11.138,11.082,11.101,320177.38
2026-01-29T17:00:00,11.101,11.119,11.046,11.115,408994.2
2026-01-29T18:00:00,11.116,11.158,11.076,11.12,579235.56
2026-01-29T19:00:00,11.12,11.134,10.59,10.896,3252756.53
2026-01-29T20:00:00,10.896,10.904,10.701,10.835,1672252.55
2026-01-29T21:00:00,10.835,10.909,10.812,10.859,527951.89
2026-01-29T22:00:00,10.86,10.987,10.858,10.907,534475.55
2026-01-29T23:00:00,10.908,10.945,10.885,10.897,391887.37
2026-01-30T00:00:00,10.896,10.902,10.653,10.715,974971.25
2026-01-30T01:00:00,10.714,10.889,10.713,10.835,647644.68
2026-01-30T02:00:00,10.836,10.85,10.727,10.789,534695.11
2026-01-30T03:00:00,10.79,10.831,10.724,10.776,523252.96
2026-01-30T04:00:00,10.777,10.8,10.73,10.783,476618.9
2026-01-30T05:00:00,10.784,10.899,10.739,10.861,655400.5
2026-01-30T06:00:00,10.86,10.87,10.697,10.729,733045.38
2026-01-30T07:00:00,10.728,10.743,10.582,10.658,998216.81
2026-01-30T08:00:00,10.658,10.815,10.655,10.756,1090878.54
2026-01-30T09:00:00,10.757,10.839,10.64,10.765,1237430.38
2026-01-30T10:00:00,10.764,10.869,10.689,10.779,951957.29
2026-01-30T11:00:00,10.78,10.865,10.716,10.766,789092.49
2026-01-30T12:00:00,10.766,10.95,10.499,10.908,2248573.78
2026-01-30T13:00:00,10.908,10.992,10.869,10.899,1039856.77
2026-01-30T14:00:00,10.9,10.9,10.69,10.742,1384665.62
2026-01-30T15:00:00,10.743,10.847,10.728,10.786,770642.27
2026-01-30T16:00:00,10.786,10.808,10.723,10.79,306011.94
2026-01-30T17:00:00,10.789,10.796,10.733,10.784,268795.39
2026-01-30T18:00:00,10.785,10.795,10.752,10.763,296977.4
2026-01-30T19:00:00,10.762,10.81,10.755,10.797,251867.16
2026-01-30T20:00:00,10.796,10.832,10.73,10.79,310965.57
2026-01-30T21:00:00,10.79,10.809,10.723,10.737,215728.1
2026-01-30T22:00:00,10.738,10.782,10.716,10.729,233825.63
2026-01-30T23:00:00,10.73,10.757,10.694,10.748,291523.06
2026-01-31T00:00:00,10.748,10.752,10.627,10.67,430793.95
2026-01-31T01:00:00,10.67,10.674,10.545,10.614,678223.31
2026-01-31T02:00:00,10.613,10.63,10.359,10.461,1815706.16
2026-01-31T03:00:00,10.461,10.572,10.457,10.513,464554.85
2026-01-31T04:00:00,10.514,10.539,10.463,10.525,410135.05
2026-01-31T05:00:00,10.525,10.525,10.464,10.491,361675.9
2026-01-31T06:00:00,10.49,10.506,10.421,10.436,540443.02
2026-01-31T07:00:00,10.436,10.447,10.314,10.362,917996.09
2026-01-31T08:00:00,10.361,10.391,9.875,10.08,5343391.34
2026-01-31T09:00:00,10.08,10.165,10.024,10.041,1303481.21
2026-01-31T10:00:00,10.042,10.172,9.89,9.949,2408129.71
2026-01-31T11:00:00,9.948,9.976,9.357,9.602,6905207.94
2026-01-31T12:00:00,9.602,9.672,8.957,9.566,5946557.22
2026-01-31T13:00:00,9.566,9.759,9.54,9.66,2408433.03
2026-01-31T14:00:00,9.661,9.732,9.554,9.676,1046161.03
2026-01-31T15:00:00,9.676,9.839,9.626,9.816,1498021.47
2026-01-31T16:00:00,9.816,9.847,9.752,9.811,631762.42
2026-01-31T17:00:00,9.811,10.035,9.788,9.983,1138237.07
2026-01-31T18:00:00,9.982,10.046,9.964,10.013,909806.66
2026-01-31T19:00:00,10.012,10.022,9.908,10.012,530633.24
2026-01-31T20:00:00,10.013,10.074,9.994,10.049,505388.88
2026-01-31T21:00:00,10.049,10.071,10.006,10.039,437518.55
2026-01-31T22:00:00,10.039,10.075,10.017,10.017,383692.12
2026-01-31T23:00:00,10.017,10.047,9.96,9.978,501325.81
2026-02-01T00:00:00,9.978,10.018,9.916,9.933,512985.09
2026-02-01T01:00:00,9.933,10.01,9.858,9.936,744811.79
2026-02-01T02:00:00,9.937,10.014,9.891,9.956,530999.67
2026-02-01T03:00:00,9.956,9.971,9.884,9.958,578342.98
2026-02-01T04:00:00,9.959,9.977,9.762,9.773,792527.31
2026-02-01T05:00:00,9.774,9.907,9.773,9.868,559410.88
2026-02-01T06:00:00,9.87,9.873,9.776,9.826,657284.92
2026-02-01T07:00:00,9.827,9.904,9.751,9.785,591562.97
2026-02-01T08:00:00,9.784,9.812,9.581,9.725,1587919.93
2026-02-01T09:00:00,9.724,9.724,9.407,9.531,2376291.51
2026-02-01T10:00:00,9.531,9.626,9.433,9.488,2079071.57
2026-02-01T11:00:00,9.488,9.512,9.395,9.5,936015.65
2026-02-01T12:00:00,9.5,9.718,9.496,9.617,1362206.61
2026-02-01T13:00:00,9.616,9.641,9.473,9.525,724952.01
2026-02-01T14:00:00,9.524,9.656,9.433,9.531,900970.79
2026-02-01T15:00:00,9.53,9.537,9.418,9.466,1080725.12
2026-02-01T16:00:00,9.467,9.641,9.462,9.548,939816.58
2026-02-01T17:00:00,9.548,9.556,9.208,9.401,2836567.72
2026-02-01T18:00:00,9.401,9.621,9.306,9.526,1461520.45
2026-02-01T19:00:00,9.527,9.639,9.365,9.549,1458673.12
2026-02-01T20:00:00,9.549,9.59,9.424,9.43,917071.96
2026-02-01T21:00:00,9.431,9.452,9.013,9.37,3870992.45
2026-02-01T22:00:00,9.371,9.489,9.188,9.331,1517833.03
2026-02-01T23:00:00,9.332,9.345,9.086,9.189,1641010.07
2026-02-02T00:00:00,9.189,9.468,9.064,9.343,2952909.02
2026-02-02T01:00:00,9.344,9.478,9.309,9.389,1156711.64
2026-02-02T02:00:00,9.389,9.495,9.374,9.447,933577.36
2026-02-02T03:00:00,9.447,9.645,9.396,9.571,1426017.57
2026-02-02T04:00:00,9.571,9.599,9.519,9.541,768690.23
2026-02-02T05:00:00,9.542,9.587,9.517,9.529,740316.04
2026-02-02T06:00:00,9.529,9.658,9.529,9.633,959765.0
2026-02-02T07:00:00,9.633,9.712,9.599,9.684,847810.42
2026-02-02T08:00:00,9.684,9.88,9.603,9.773,2690485.65
2026-02-02T09:00:00,9.772,10.024,9.731,9.925,2201674.17
2026-02-02T10:00:00,9.926,9.994,9.876,9.919,957954.13
2026-02-02T11:00:00,9.919,9.971,9.844,9.896,714713.04
2026-02-02T12:00:00,9.896,9.909,9.794,9.862,682980.37
2026-02-02T13:00:00,9.861,9.868,9.765,9.788,458886.78
2026-02-02T14:00:00,9.789,9.819,9.701,9.736,833452.51
2026-02-02T15:00:00,9.737,9.833,9.73,9.801,528130.31
2026-02-02T16:00:00,9.802,9.859,9.79,9.836,350215.12
2026-02-02T17:00:00,9.837,9.842,9.787,9.801,441184.32
2026-02-02T18:00:00,9.801,9.84,9.733,9.829,724566.24
2026-02-02T19:00:00,9.829,9.84,9.767,9.809,406442.91
2026-02-02T20:00:00,9.81,9.811,9.601,9.613,868920.36
2026-02-02T21:00:00,9.613,9.777,9.577,9.771,829042.48
2026-02-02T22:00:00,9.77,9.852,9.747,9.811,448332.74
2026-02-02T23:00:00,9.811,9.814,9.691,9.701,553428.17
2026-02-03T00:00:00,9.701,9.741,9.646,9.715,482245.53
2026-02-03T01:00:00,9.714,9.783,9.688,9.732,408291.81
2026-02-03T02:00:00,9.733,9.753,9.658,9.665,500446.69
2026-02-03T03:00:00,9.664,9.686,9.518,9.594,1333638.58
2026-02-03T04:00:00,9.594,9.633,9.559,9.587,425586.13
2026-02-03T05:00:00,9.588,9.61,9.563,9.579,487215.72
2026-02-03T06:00:00,9.579,9.683,9.554,9.666,559595.53
2026-02-03T07:00:00,9.666,9.712,9.639,9.692,435479.32
2026-02-03T08:00:00,9.692,9.719,9.507,9.513,1216852.98
2026-02-03T09:00:00,9.513,9.766,9.485,9.744,1984092.6
2026-02-03T10:00:00,9.744,9.748,9.491,9.505,1961783.14
2026-02-03T11:00:00,9.505,9.524,9.3,9.306,1876381.12
2026-02-03T12:00:00,9.307,9.35,9.083,9.109,3496039.85
2026-02-03T13:00:00,9.109,9.547,9.091,9.474,3229895.2
2026-02-03T14:00:00,9.473,9.876,9.389,9.781,2738023.23
2026-02-03T15:00:00,9.782,9.889,9.665,9.674,1415957.72
2026-02-03T16:00:00,9.675,9.684,9.49,9.511,861730.97
2026-02-03T17:00:00,9.511,9.523,9.406,9.484,897146.27
2026-02-03T18:00:00,9.484,9.604,9.446,9.54,598386.48
2026-02-03T19:00:00,9.541,9.68,9.541,9.633,532566.84
2026-02-03T20:00:00,9.632,9.666,9.555,9.591,623812.16
2026-02-03T21:00:00,9.591,9.768,9.58,9.723,772825.24
2026-02-03T22:00:00,9.723,9.746,9.663,9.669,419930.59
2026-02-03T23:00:00,9.669,9.687,9.577,9.607,419280.68
2026-02-04T00:00:00,9.607,9.692,9.593,9.652,487182.16
2026-02-04T01:00:00,9.652,9.709,9.597,9.674,530646.34
2026-02-04T02:00:00,9.674,9.728,9.637,9.707,589278.41
2026-02-04T03:00:00,9.707,9.717,9.595,9.623,444365.22
2026-02-04T04:00:00,9.624,9.634,9.583,9.6,337314.11
2026-02-04T05:00:00,9.601,9.629,9.48,9.577,993510.02
2026-02-04T06:00:00,9.577,9.607,9.52,9.551,409968.6
2026-02-04T07:00:00,9.551,9.581,9.399,9.407,1038158.21
2026-02-04T08:00:00,9.406,9.47,9.237,9.242,2227774.47
2026-02-04T09:00:00,9.243,9.369,9.129,9.212,2723037.89
2026-02-04T10:00:00,9.213,9.282,9.069,9.162,2790107.63
2026-02-04T11:00:00,9.162,9.252,9.071,9.19,2063345.39
2026-02-04T12:00:00,9.19,9.419,9.016,9.293,3509593.47
2026-02-04T13:00:00,9.293,9.459,9.253,9.436,1345897.32
2026-02-04T14:00:00,9.436,9.461,9.34,9.368,582835.23
2026-02-04T15:00:00,9.368,9.398,9.136,9.214,894429.36
2026-02-04T16:00:00,9.213,9.368,9.045,9.172,1325963.09
2026-02-04T17:00:00,9.172,9.323,9.149,9.247,1037415.97
2026-02-04T18:00:00,9.247,9.308,9.207,9.237,642705.21
2026-02-04T19:00:00,9.237,9.348,9.15,9.229,1282976.7
2026-02-04T20:00:00,9.23,9.299,9.12,9.14,1429356.48
2026-02-04T21:00:00,9.139,9.219,9.071,9.09,1267711.13
2026-02-04T22:00:00,9.091,9.166,9.022,9.085,1634684.11
2026-02-04T23:00:00,9.085,9.22,9.009,9.103,1715050.98
2026-02-05T00:00:00,9.104,9.116,8.966,9.011,1423533.68
2026-02-05T01:00:00,9.01,9.148,9.003,9.051,1284633.88
2026-02-05T02:00:00,9.052,9.19,9.052,9.121,937757.69
2026-02-05T03:00:00,9.122,9.26,9.122,9.183,820793.46
2026-02-05T04:00:00,9.183,9.21,8.915,8.961,1490944.71
2026-02-05T05:00:00,8.96,9.009,8.796,8.936,2226505.0
2026-02-05T06:00:00,8.937,8.994,8.826,8.917,2316305.7
2026-02-05T07:00:00,8.917,8.973,8.824,8.848,1299809.54
2026-02-05T08:00:00,8.848,9.064,8.827,8.847,2032755.82
2026-02-05T09:00:00,8.847,8.878,8.3,8.458,6752406.94
2026-02-05T10:00:00,8.458,8.665,8.391,8.565,3442808.66
2026-02-05T11:00:00,8.565,8.61,8.254,8.344,3259396.79
2026-02-05T12:00:00,8.344,8.409,8.212,8.376,2407731.64
2026-02-05T13:00:00,8.376,8.392,8.219,8.252,1457387.34
2026-02-05T14:00:00,8.252,8.32,7.845,7.984,6645495.04
2026-02-05T15:00:00,7.984,8.189,7.911,7.966,3731268.48
2026-02-05T16:00:00,7.967,8.132,7.853,8.028,2178073.08
2026-02-05T17:00:00,8.029,8.204,7.887,7.906,2110759.93
2026-02-05T18:00:00,7.907,8.023,7.117,7.908,10991350.97
2026-02-05T19:00:00,7.908,8.197,7.877,8.167,3705933.1
2026-02-05T20:00:00,8.168,8.234,7.97,8.044,2183889.91
2026-02-05T21:00:00,8.044,8.103,7.972,8.028,1446042.78
2026-02-05T22:00:00,8.028,8.152,7.993,8.113,1097069.37
2026-02-05T23:00:00,8.112,8.367,8.103,8.317,1502199.23
2026-02-06T00:00:00,8.317,8.346,8.135,8.146,1607284.27
2026-02-06T01:00:00,8.147,8.175,8.055,8.078,1680669.85
2026-02-06T02:00:00,8.078,8.131,7.981,8.027,1843339.17
2026-02-06T03:00:00,8.027,8.244,8.004,8.218,1575840.22
2026-02-06T04:00:00,8.219,8.308,8.186,8.281,1388780.65
2026-02-06T05:00:00,8.28,8.35,8.26,8.32,1038194.89
2026-02-06T06:00:00,8.32,8.321,8.26,8.313,870405.79
2026-02-06T07:00:00,8.313,8.451,8.298,8.391,1623759.19
2026-02-06T08:00:00,8.391,8.601,8.318,8.543,2046155.21
2026-02-06T09:00:00,8.544,8.627,8.472,8.578,1472957.94
2026-02-06T10:00:00,8.577,8.839,8.545,8.801,2101419.48
2026-02-06T11:00:00,8.801,8.998,8.768,8.879,2337068.44
2026-02-06T12:00:00,8.88,8.893,8.699,8.799,1905229.17
2026-02-06T13:00:00,8.799,8.866,8.758,8.839,1049374.83
2026-02-06T14:00:00,8.839,8.925,8.756,8.857,1046787.09
2026-02-06T15:00:00,8.857,8.892,8.777,8.859,690116.57
2026-02-06T16:00:00,8.86,8.994,8.839,8.963,809239.6
2026-02-06T17:00:00,8.962,9.0,8.842,8.879,920909.71
2026-02-06T18:00:00,8.878,8.882,8.789,8.831,1127056.58
2026-02-06T19:00:00,8.831,8.913,8.784,8.888,597211.68
2026-02-06T20:00:00,8.887,8.9,8.828,8.874,368950.37
2026-02-06T21:00:00,8.875,8.95,8.868,8.927,648337.52
2026-02-06T22:00:00,8.927,9.04,8.863,8.9,1101282.33
2026-02-06T23:00:00,8.899,8.975,8.886,8.945,583726.49
2026-02-07T00:00:00,8.944,8.975,8.786,8.787,863394.77
2026-02-07T01:00:00,8.787,8.834,8.594,8.684,2218951.24
2026-02-07T02:00:00,8.684,8.735,8.649,8.694,940785.62
2026-02-07T03:00:00,8.694,8.74,8.606,8.624,573600.16
2026-02-07T04:00:00,8.624,8.653,8.575,8.618,615547.49
2026-02-07T05:00:00,8.617,8.663,8.609,8.65,381525.28
2026-02-07T06:00:00,8.649,8.941,8.642,8.823,1643157.11
2026-02-07T07:00:00,8.823,8.861,8.726,8.774,598597.6
2026-02-07T08:00:00,8.774,8.806,8.668,8.684,648833.34
2026-02-07T09:00:00,8.685,8.843,8.666,8.819,807033.75
2026-02-07T10:00:00,8.819,9.021,8.778,8.843,5313148.74
2026-02-07T11:00:00,8.844,8.89,8.779,8.865,560283.09
2026-02-07T12:00:00,8.865,9.03,8.857,8.978,621901.94
2026-02-07T13:00:00,8.977,8.98,8.91,8.939,356200.29
2026-02-07T14:00:00,8.939,9.017,8.937,8.996,441320.37
2026-02-07T15:00:00,8.997,9.02,8.945,8.958,365461.96
2026-02-07T16:00:00,8.958,8.993,8.921,8.928,268612.63
2026-02-07T17:00:00,8.929,8.934,8.845,8.903,648715.28
2026-02-07T18:00:00,8.904,8.916,8.832,8.881,571688.6
2026-02-07T19:00:00,8.882,8.937,8.877,8.924,406924.57
2026-02-07T20:00:00,8.925,8.964,8.85,8.878,369783.74
2026-02-07T21:00:00,8.878,8.889,8.816,8.824,408675.78
2026-02-07T22:00:00,8.823,8.846,8.776,8.844,347434.29
2026-02-07T23:00:00,8.844,8.859,8.81,8.835,248300.06
2026-02-08T00:00:00,8.835,8.87,8.822,8.838,275163.03
2026-02-08T01:00:00,8.839,8.848,8.788,8.827,420146.33
2026-02-08T02:00:00,8.827,8.977,8.792,8.957,1011178.22
2026-02-08T03:00:00,8.957,8.975,8.859,8.879,615018.29
2026-02-08T04:00:00,8.878,8.949,8.802,8.847,649185.75
2026-02-08T05:00:00,8.847,9.013,8.841,8.997,770459.15
2026-02-08T06:00:00,8.998,9.047,8.972,9.016,710604.32
2026-02-08T07:00:00,9.015,9.031,8.933,8.966,798715.28
2026-02-08T08:00:00,8.966,8.98,8.906,8.963,479807.26
2026-02-08T09:00:00,8.962,8.985,8.843,8.884,875554.01
2026-02-08T10:00:00,8.884,8.903,8.715,8.75,1067349.62
2026-02-08T11:00:00,8.75,8.839,8.743,8.799,589884.59
2026-02-08T12:00:00,8.799,8.931,8.796,8.889,462286.4
2026-02-08T13:00:00,8.889,8.969,8.875,8.953,352361.57
2026-02-08T14:00:00,8.953,8.955,8.823,8.833,331102.28
2026-02-08T15:00:00,8.833,8.863,8.767,8.796,389572.33
2026-02-08T16:00:00,8.796,8.857,8.794,8.845,257551.66
2026-02-08T17:00:00,8.844,9.021,8.746,8.818,1232190.09
2026-02-08T18:00:00,8.818,8.859,8.772,8.811,587588.34
2026-02-08T19:00:00,8.811,8.886,8.725,8.772,810255.89
2026-02-08T20:00:00,8.772,8.861,8.738,8.801,555610.07
2026-02-08T21:00:00,8.801,8.892,8.792,8.878,473657.87
2026-02-08T22:00:00,8.878,8.88,8.805,8.82,289483.61
2026-02-08T23:00:00,8.819,8.856,8.797,8.85,223145.03
2026-02-09T00:00:00,8.849,8.849,8.738,8.78,430683.9
2026-02-09T01:00:00,8.78,8.803,8.714,8.727,409227.99
2026-02-09T02:00:00,8.727,8.755,8.601,8.657,908151.8
2026-02-09T03:00:00,8.656,8.678,8.577,8.598,528300.21
2026-02-09T04:00:00,8.598,8.628,8.458,8.499,1049209.42
2026-02-09T05:00:00,8.499,8.579,8.498,8.558,526443.85
2026-02-09T06:00:00,8.559,8.616,8.553,8.601,458863.12
2026-02-09T07:00:00,8.601,8.653,8.559,8.561,472727.11
2026-02-09T08:00:00,8.561,8.678,8.519,8.628,1357613.74
2026-02-09T09:00:00,8.627,8.755,8.604,8.75,1428031.74
2026-02-09T10:00:00,8.749,8.89,8.655,8.809,1281574.55
2026-02-09T11:00:00,8.808,8.956,8.76,8.92,1086941.04
2026-02-09T12:00:00,8.92,8.971,8.828,8.904,970334.29
2026-02-09T13:00:00,8.904,8.99,8.878,8.964,658045.7
2026-02-09T14:00:00,8.963,9.014,8.869,8.912,715438.18
2026-02-09T15:00:00,8.912,8.924,8.787,8.88,584614.95
2026-02-09T16:00:00,8.88,8.915,8.852,8.869,350248.7
2026-02-09T17:00:00,8.869,8.904,8.818,8.832,329673.17
2026-02-09T18:00:00,8.833,8.857,8.797,8.805,304866.29
2026-02-09T19:00:00,8.806,8.882,8.8,8.868,380690.16
2026-02-09T20:00:00,8.868,8.868,8.795,8.803,280564.69
2026-02-09T21:00:00,8.803,8.811,8.632,8.683,922308.03
2026-02-09T22:00:00,8.683,8.727,8.676,8.714,529779.94
2026-02-09T23:00:00,8.715,8.72,8.615,8.637,469461.05
2026-02-10T00:00:00,8.637,8.655,8.474,8.499,1252795.3
2026-02-10T01:00:00,8.499,8.564,8.493,8.538,698883.72
2026-02-10T02:00:00,8.539,8.579,8.506,8.564,539480.02
2026-02-10T03:00:00,8.564,8.622,8.529,8.558,590194.87
2026-02-10T04:00:00,8.559,8.578,8.528,8.531,361263.99
2026-02-10T05:00:00,8.531,8.564,8.493,8.498,512639.06
2026-02-10T06:00:00,8.498,8.544,8.474,8.488,515203.01
2026-02-10T07:00:00,8.488,8.576,8.468,8.57,683277.61
2026-02-10T08:00:00,8.57,8.669,8.478,8.528,1349085.69
2026-02-10T09:00:00,8.528,8.618,8.495,8.57,1002395.72
2026-02-10T10:00:00,8.57,8.637,8.517,8.59,616088.74
2026-02-10T11:00:00,8.59,8.654,8.55,8.626,512363.35
2026-02-10T12:00:00,8.627,8.636,8.467,8.507,714256.84
2026-02-10T13:00:00,8.506,8.579,8.478,8.543,456930.37
2026-02-10T14:00:00,8.543,8.561,8.499,8.531,314772.71
2026-02-10T15:00:00,8.53,8.555,8.475,8.515,342746.29
2026-02-10T16:00:00,8.515,8.579,8.508,8.544,283989.76
2026-02-10T17:00:00,8.545,8.57,8.527,8.57,308730.86
2026-02-10T18:00:00,8.569,8.59,8.552,8.56,372000.18
2026-02-10T19:00:00,8.561,8.581,8.523,8.562,273751.59
2026-02-10T20:00:00,8.561,8.608,8.538,8.54,320067.32
2026-02-10T21:00:00,8.541,8.586,8.452,8.534,686030.62
2026-02-10T22:00:00,8.534,8.546,8.369,8.404,1051170.59
2026-02-10T23:00:00,8.404,8.434,8.357,8.366,456184.89
2026-02-11T00:00:00,8.367,8.384,8.272,8.302,1423703.61
2026-02-11T01:00:00,8.302,8.356,8.29,8.315,618396.63
2026-02-11T02:00:00,8.315,8.32,8.266,8.278,593901.04
2026-02-11T03:00:00,8.278,8.295,8.238,8.255,563961.42
2026-02-11T04:00:00,8.255,8.259,8.188,8.213,587266.17
2026-02-11T05:00:00,8.212,8.28,8.203,8.27,685132.91
2026-02-11T06:00:00,8.27,8.304,8.243,8.269,813961.4
2026-02-11T07:00:00,8.268,8.357,8.237,8.343,989782.47
2026-02-11T08:00:00,8.344,8.562,8.221,8.237,2790130.13
2026-02-11T09:00:00,8.238,8.277,8.122,8.235,2406337.82
2026-02-11T10:00:00,8.234,8.361,8.155,8.167,1676701.26
2026-02-11T11:00:00,8.166,8.305,8.137,8.232,1204078.33
2026-02-11T12:00:00,8.232,8.344,8.19,8.315,1289172.38
2026-02-11T13:00:00,8.315,8.372,8.267,8.312,1017201.25
2026-02-11T14:00:00,8.311,8.342,8.248,8.325,539183.09
2026-02-11T15:00:00,8.326,8.454,8.305,8.395,789680.51
2026-02-11T16:00:00,8.395,8.407,8.309,8.331,618285.52
2026-02-11T17:00:00,8.331,8.365,8.247,8.319,863365.37
2026-02-11T18:00:00,8.319,8.412,8.317,8.383,428460.93
2026-02-11T19:00:00,8.383,8.462,8.383,8.393,410745.78
2026-02-11T20:00:00,8.392,8.415,8.338,8.371,377697.91
2026-02-11T21:00:00,8.37,8.432,8.363,8.424,336130.65
2026-02-11T22:00:00,8.425,8.444,8.386,8.406,543299.23
2026-02-11T23:00:00,8.406,8.453,8.348,8.44,458302.39
2026-02-12T00:00:00,8.441,8.512,8.434,8.471,499747.43
2026-02-12T01:00:00,8.471,8.485,8.419,8.454,425130.36
2026-02-12T02:00:00,8.454,8.474,8.396,8.416,644683.13
2026-02-12T03:00:00,8.417,8.535,8.41,8.508,599997.02
2026-02-12T04:00:00,8.507,8.578,8.475,8.576,422209.9
2026-02-12T05:00:00,8.575,8.593,8.53,8.553,576885.44
2026-02-12T06:00:00,8.552,8.562,8.468,8.492,577696.28
2026-02-12T07:00:00,8.492,8.575,8.467,8.567,570131.28
2026-02-12T08:00:00,8.566,8.57,8.474,8.49,1181323.05
2026-02-12T09:00:00,8.491,8.519,8.343,8.35,1411239.2
2026-02-12T10:00:00,8.351,8.375,8.168,8.208,2396425.51
2026-02-12T11:00:00,8.208,8.309,8.174,8.229,803519.99
2026-02-12T12:00:00,8.228,8.291,8.203,8.271,605096.31
2026-02-12T13:00:00,8.271,8.42,8.244,8.304,1135035.7
2026-02-12T14:00:00,8.304,8.33,8.216,8.237,713570.93
2026-02-12T15:00:00,8.238,8.297,8.236,8.285,373232.52
2026-02-12T16:00:00,8.285,8.379,8.254,8.371,359161.26
2026-02-12T17:00:00,8.372,8.426,8.359,8.41,524229.75
2026-02-12T18:00:00,8.411,8.445,8.342,8.378,628334.3
2026-02-12T19:00:00,8.379,8.443,8.373,8.404,487403.47
2026-02-12T20:00:00,8.405,8.419,8.368,8.4,338102.46
2026-02-12T21:00:00,8.401,8.449,8.37,8.426,378072.44
2026-02-12T22:00:00,8.425,8.425,8.366,8.369,370421.03
2026-02-12T23:00:00,8.37,8.378,8.326,8.334,361319.08
2026-02-13T00:00:00,8.335,8.381,8.296,8.377,428186.25
2026-02-13T01:00:00,8.377,8.423,8.358,8.375,369026.62
2026-02-13T02:00:00,8.375,8.469,8.359,8.456,427565.14
2026-02-13T03:00:00,8.455,8.467,8.423,8.452,309532.8
2026-02-13T04:00:00,8.452,8.472,8.427,8.451,335409.31
2026-02-13T05:00:00,8.452,8.452,8.382,8.433,486945.44
2026-02-13T06:00:00,8.433,8.451,8.395,8.437,352074.89
2026-02-13T07:00:00,8.436,8.527,8.408,8.49,798721.56
2026-02-13T08:00:00,8.491,8.612,8.426,8.567,1577926.13
2026-02-13T09:00:00,8.568,8.821,8.559,8.703,2096539.88
2026-02-13T10:00:00,8.703,8.911,8.683,8.848,1561754.06
2026-02-13T11:00:00,8.848,8.879,8.788,8.822,799225.85
2026-02-13T12:00:00,8.822,8.833,8.772,8.795,605029.59
2026-02-13T13:00:00,8.795,8.832,8.766,8.797,388899.28
2026-02-13T14:00:00,8.798,8.804,8.757,8.793,417317.54
2026-02-13T15:00:00,8.793,8.843,8.791,8.831,329537.24
2026-02-13T16:00:00,8.831,8.864,8.795,8.814,476462.36
2026-02-13T17:00:00,8.814,8.814,8.76,8.764,242447.54
2026-02-13T18:00:00,8.763,8.84,8.752,8.819,402379.28
2026-02-13T19:00:00,8.818,8.886,8.8,8.868,620571.2
2026-02-13T20:00:00,8.869,8.871,8.786,8.819,638169.66
2026-02-13T21:00:00,8.82,8.855,8.811,8.845,295607.01
2026-02-13T22:00:00,8.845,8.859,8.821,8.841,243952.37
2026-02-13T23:00:00,8.841,8.873,8.822,8.822,183762.52
2026-02-14T00:00:00,8.823,8.826,8.797,8.817,194317.95
2026-02-14T01:00:00,8.818,8.897,8.813,8.882,327801.15
2026-02-14T02:00:00,8.883,8.975,8.881,8.957,724907.99
2026-02-14T03:00:00,8.958,8.993,8.945,8.972,512015.07
2026-02-14T04:00:00,8.972,8.972,8.918,8.927,255207.25
2026-02-14T05:00:00,8.927,9.041,8.926,9.033,789207.97
2026-02-14T06:00:00,9.032,9.037,8.915,8.929,696383.59
2026-02-14T07:00:00,8.928,8.96,8.901,8.948,804709.59
2026-02-14T08:00:00,8.947,9.035,8.943,9.027,532150.52
2026-02-14T09:00:00,9.027,9.044,8.989,9.033,445541.65
2026-02-14T10:00:00,9.034,9.078,8.965,9.064,744671.18
2026-02-14T11:00:00,9.065,9.128,9.033,9.04,823305.2
2026-02-14T12:00:00,9.04,9.123,9.032,9.118,436731.26
2026-02-14T13:00:00,9.119,9.183,9.094,9.163,799492.78
2026-02-14T14:00:00,9.163,9.187,9.077,9.134,540468.99
2026-02-14T15:00:00,9.134,9.212,9.086,9.134,829391.36
2026-02-14T16:00:00,9.135,9.18,9.117,9.117,434208.66
2026-02-14T17:00:00,9.117,9.132,9.07,9.085,472646.38
2026-02-14T18:00:00,9.085,9.102,9.022,9.06,493361.07
2026-02-14T19:00:00,9.06,9.115,8.994,9.059,879275.79
2026-02-14T20:00:00,9.059,9.112,8.991,9.043,476713.98
2026-02-14T21:00:00,9.042,9.08,8.925,9.065,944996.52
2026-02-14T22:00:00,9.065,9.172,9.06,9.087,847847.97
2026-02-14T23:00:00,9.087,9.198,9.077,9.184,986163.67
2026-02-15T00:00:00,9.183,9.205,9.118,9.139,397783.34
2026-02-15T01:00:00,9.139,9.239,9.13,9.198,549703.98
2026-02-15T02:00:00,9.198,9.237,9.048,9.118,967502.8
2026-02-15T03:00:00,9.117,9.185,9.094,9.12,490530.27
2026-02-15T04:00:00,9.121,9.132,9.03,9.076,530696.33
2026-02-15T05:00:00,9.076,9.099,9.037,9.049,306225.87
2026-02-15T06:00:00,9.05,9.059,8.828,8.831,1761864.72
2026-02-15T07:00:00,8.832,8.927,8.754,8.788,1632117.07
2026-02-15T08:00:00,8.788,8.878,8.782,8.876,661596.87
2026-02-15T09:00:00,8.876,8.894,8.827,8.865,471394.58
2026-02-15T10:00:00,8.864,8.866,8.779,8.861,613977.78
2026-02-15T11:00:00,8.862,8.882,8.659,8.751,1455049.14
2026-02-15T12:00:00,8.75,8.757,8.661,8.685,881942.4
2026-02-15T13:00:00,8.684,8.701,8.595,8.64,1062920.4
2026-02-15T14:00:00,8.639,8.688,8.607,8.659,539226.56
2026-02-15T15:00:00,8.659,8.743,8.657,8.714,380599.81
2026-02-15T16:00:00,8.715,8.778,8.693,8.776,311861.85
2026-02-15T17:00:00,8.776,8.788,8.674,8.779,496219.11
2026-02-15T18:00:00,8.779,8.853,8.748,8.781,597761.36
2026-02-15T19:00:00,8.781,8.819,8.705,8.744,368079.35
2026-02-15T20:00:00,8.743,8.777,8.7,8.714,393559.24
2026-02-15T21:00:00,8.714,8.749,8.693,8.748,502781.47
2026-02-15T22:00:00,8.747,8.807,8.744,8.803,387234.2
2026-02-15T23:00:00,8.804,8.821,8.661,8.686,610058.17
2026-02-16T00:00:00,8.686,8.77,8.682,8.754,273822.81
2026-02-16T01:00:00,8.754,8.793,8.736,8.759,307448.87
2026-02-16T02:00:00,8.76,8.82,8.758,8.811,224910.62
2026-02-16T03:00:00,8.812,8.886,8.803,8.873,525750.81
2026-02-16T04:00:00,8.873,8.876,8.807,8.818,314127.96
2026-02-16T05:00:00,8.817,8.837,8.692,8.784,657604.42
2026-02-16T06:00:00,8.785,8.923,8.748,8.917,750483.08
2026-02-16T07:00:00,8.918,8.987,8.726,8.758,1782797.28
2026-02-16T08:00:00,8.757,8.891,8.721,8.833,881313.79
2026-02-16T09:00:00,8.834,8.89,8.641,8.704,1317126.82
2026-02-16T10:00:00,8.705,8.805,8.701,8.772,685807.14
2026-02-16T11:00:00,8.771,8.83,8.73,8.786,413011.41
2026-02-16T12:00:00,8.786,8.824,8.745,8.753,365967.07
2026-02-16T13:00:00,8.754,8.811,8.738,8.78,205556.76
2026-02-16T14:00:00,8.78,8.877,8.755,8.863,394436.11
2026-02-16T15:00:00,8.862,8.957,8.841,8.944,833493.27
2026-02-16T16:00:00,8.944,8.964,8.879,8.891,361481.35
2026-02-16T17:00:00,8.89,8.943,8.874,8.929,302169.35
2026-02-16T18:00:00,8.93,8.963,8.913,8.921,427522.94
2026-02-16T19:00:00,8.922,8.957,8.882,8.889,301352.7
2026-02-16T20:00:00,8.888,8.99,8.856,8.964,561002.66
2026-02-16T21:00:00,8.963,8.965,8.907,8.919,329457.7
2026-02-16T22:00:00,8.919,8.957,8.883,8.909,290571.15
2026-02-16T23:00:00,8.909,8.914,8.791,8.852,538059.65
2026-02-17T00:00:00,8.853,8.903,8.852,8.891,303767.58
2026-02-17T01:00:00,8.89,8.892,8.828,8.865,281592.47
2026-02-17T02:00:00,8.865,8.889,8.814,8.821,237240.53
2026-02-17T03:00:00,8.821,8.837,8.782,8.81,317803.21
2026-02-17T04:00:00,8.81,8.821,8.724,8.751,476644.73
2026-02-17T05:00:00,8.751,8.778,8.734,8.765,368211.32
2026-02-17T06:00:00,8.765,8.809,8.748,8.764,321480.36
2026-02-17T07:00:00,8.763,8.877,8.752,8.86,591101.56
2026-02-17T08:00:00,8.859,8.91,8.684,8.704,1327429.98
2026-02-17T09:00:00,8.703,8.779,8.658,8.772,1025233.16
2026-02-17T10:00:00,8.772,8.949,8.767,8.816,1258075.85
2026-02-17T11:00:00,8.816,8.835,8.687,8.733,919720.21
2026-02-17T12:00:00,8.733,8.927,8.715,8.891,946547.15
2026-02-17T13:00:00,8.891,8.945,8.852,8.875,519621.37
2026-02-17T14:00:00,8.875,8.888,8.815,8.852,336995.72
2026-02-17T15:00:00,8.853,8.894,8.834,8.869,268833.24
2026-02-17T16:00:00,8.869,8.895,8.837,8.846,240387.74
2026-02-17T17:00:00,8.845,8.855,8.812,8.825,281105.35
2026-02-17T18:00:00,8.825,8.847,8.785,8.786,345326.85
2026-02-17T19:00:00,8.786,8.806,8.74,8.791,416006.16
2026-02-17T20:00:00,8.79,8.866,8.787,8.848,275048.37
2026-02-17T21:00:00,8.848,8.902,8.839,8.881,266063.13
2026-02-17T22:00:00,8.881,8.886,8.825,8.843,306078.72
2026-02-17T23:00:00,8.844,8.866,8.826,8.844,184053.43
2026-02-18T00:00:00,8.844,8.891,8.844,8.854,223852.31
2026-02-18T01:00:00,8.854,8.932,8.844,8.913,364129.57
2026-02-18T02:00:00,8.913,8.995,8.889,8.897,873744.24
2026-02-18T03:00:00,8.897,8.901,8.872,8.879,380444.87
2026-02-18T04:00:00,8.88,8.923,8.828,8.842,514925.37
2026-02-18T05:00:00,8.842,8.848,8.753,8.762,740602.62
2026-02-18T06:00:00,8.761,8.793,8.718,8.774,680307.0
2026-02-18T07:00:00,8.775,8.79,8.657,8.698,581399.6
2026-02-18T08:00:00,8.697,8.747,8.658,8.728,601501.05
2026-02-18T09:00:00,8.728,8.895,8.721,8.797,1059602.47
2026-02-18T10:00:00,8.796,8.799,8.684,8.709,896239.42
2026-02-18T11:00:00,8.708,8.794,8.698,8.703,425220.0
2026-02-18T12:00:00,8.704,8.717,8.6,8.616,781514.65
2026-02-18T13:00:00,8.615,8.664,8.511,8.568,844431.83
2026-02-18T14:00:00,8.569,8.61,8.532,8.555,487102.26
2026-02-18T15:00:00,8.556,8.605,8.538,8.558,366240.17
2026-02-18T16:00:00,8.558,8.588,8.518,8.569,335151.83
2026-02-18T17:00:00,8.57,8.602,8.555,8.598,324435.16
2026-02-18T18:00:00,8.599,8.62,8.566,8.598,387262.14
2026-02-18T19:00:00,8.597,8.671,8.597,8.666,440201.06
2026-02-18T20:00:00,8.667,8.683,8.623,8.652,315766.81
2026-02-18T21:00:00,8.652,8.677,8.622,8.666,253771.4
2026-02-18T22:00:00,8.666,8.716,8.665,8.673,379891.26
2026-02-18T23:00:00,8.673,8.689,8.617,8.657,276880.01
2026-02-19T00:00:00,8.657,8.748,8.652,8.716,283972.29
2026-02-19T01:00:00,8.716,8.729,8.683,8.695,249636.52
2026-02-19T02:00:00,8.695,8.697,8.604,8.629,393654.51
2026-02-19T03:00:00,8.63,8.686,8.597,8.599,452168.76
2026-02-19T04:00:00,8.599,8.619,8.558,8.576,444655.84
2026-02-19T05:00:00,8.576,8.61,8.556,8.565,291708.38
2026-02-19T06:00:00,8.565,8.602,8.549,8.551,312752.94
2026-02-19T07:00:00,8.551,8.556,8.358,8.395,1597028.9
2026-02-19T08:00:00,8.395,8.519,8.391,8.474,1129829.55
2026-02-19T09:00:00,8.475,8.524,8.378,8.436,773688.38
2026-02-19T10:00:00,8.435,8.47,8.338,8.429,627943.55
2026-02-19T11:00:00,8.429,8.543,8.392,8.42,620268.29
2026-02-19T12:00:00,8.419,8.537,8.409,8.525,500849.53
2026-02-19T13:00:00,8.525,8.541,8.45,8.509,669682.59
2026-02-19T14:00:00,8.509,8.544,8.473,8.523,337294.61
2026-02-19T15:00:00,8.522,8.548,8.507,8.517,222978.96
2026-02-19T16:00:00,8.516,8.533,8.48,8.524,240472.76
2026-02-19T17:00:00,8.524,8.574,8.514,8.572,296156.53
2026-02-19T18:00:00,8.572,8.645,8.557,8.613,461536.33
2026-02-19T19:00:00,8.613,8.639,8.586,8.61,385544.02
2026-02-19T20:00:00,8.61,8.629,8.582,8.583,248375.89
2026-02-19T21:00:00,8.584,8.639,8.579,8.602,236723.84
2026-02-19T22:00:00,8.602,8.604,8.518,8.558,450281.31
2026-02-19T23:00:00,8.558,8.669,8.541,8.629,548468.9
2026-02-20T00:00:00,8.63,8.638,8.587,8.637,263111.65
2026-02-20T01:00:00,8.636,8.674,8.629,8.649,477327.32
2026-02-20T02:00:00,8.65,8.695,8.649,8.669,439926.88
2026-02-20T03:00:00,8.668,8.722,8.668,8.693,535094.91
2026-02-20T04:00:00,8.693,8.725,8.66,8.667,492771.44
2026-02-20T05:00:00,8.668,8.67,8.6,8.618,579130.23
2026-02-20T06:00:00,8.619,8.645,8.599,8.625,383437.42
2026-02-20T07:00:00,8.625,8.625,8.45,8.496,1389255.03
2026-02-20T08:00:00,8.496,8.652,8.489,8.606,1131181.0
2026-02-20T09:00:00,8.606,8.839,8.599,8.825,2539955.13
2026-02-20T10:00:00,8.825,8.971,8.81,8.916,1791789.09
2026-02-20T11:00:00,8.915,8.918,8.689,8.846,1626213.94
2026-02-20T12:00:00,8.846,8.926,8.809,8.897,1076122.03
2026-02-20T13:00:00,8.897,8.916,8.851,8.899,418262.0
2026-02-20T14:00:00,8.898,8.95,8.879,8.905,517075.01
2026-02-20T15:00:00,8.904,8.982,8.892,8.975,357616.09
2026-02-20T16:00:00,8.975,9.011,8.943,8.969,662202.76
2026-02-20T17:00:00,8.968,8.98,8.925,8.937,342539.62
2026-02-20T18:00:00,8.938,8.957,8.883,8.901,382793.78
2026-02-20T19:00:00,8.902,8.953,8.897,8.947,288426.02
2026-02-20T20:00:00,8.948,8.98,8.928,8.93,199771.68
2026-02-20T21:00:00,8.931,8.936,8.851,8.886,651889.16
2026-02-20T22:00:00,8.887,8.889,8.852,8.878,352546.92
2026-02-20T23:00:00,8.878,8.909,8.877,8.883,215626.71
2026-02-21T00:00:00,8.883,8.917,8.86,8.863,206010.78
2026-02-21T01:00:00,8.863,8.881,8.853,8.861,211431.05
2026-02-21T02:00:00,8.862,8.917,8.856,8.904,321190.21
2026-02-21T03:00:00,8.903,8.96,8.885,8.918,505832.44
2026-02-21T04:00:00,8.917,8.939,8.906,8.912,259725.92
2026-02-21T05:00:00,8.912,8.979,8.909,8.936,313128.61
2026-02-21T06:00:00,8.936,8.952,8.894,8.924,390149.27
2026-02-21T07:00:00,8.923,8.976,8.902,8.972,270637.28
2026-02-21T08:00:00,8.971,9.057,8.943,8.957,1028974.95
2026-02-21T09:00:00,8.956,8.969,8.918,8.932,396551.1
2026-02-21T10:00:00,8.932,8.937,8.841,8.89,1369884.65
2026-02-21T11:00:00,8.89,8.963,8.878,8.951,466096.4
2026-02-21T12:00:00,8.951,8.992,8.944,8.968,372846.14
2026-02-21T13:00:00,8.969,8.977,8.919,8.93,269762.62
2026-02-21T14:00:00,8.93,8.948,8.87,8.871,385334.3
2026-02-21T15:00:00,8.871,8.909,8.86,8.908,228759.72
2026-02-21T16:00:00,8.908,8.918,8.869,8.877,162768.05
2026-02-21T17:00:00,8.877,8.894,8.866,8.868,180319.58
2026-02-21T18:00:00,8.867,8.873,8.81,8.841,423118.37
2026-02-21T19:00:00,8.841,8.887,8.831,8.874,257600.03
2026-02-21T20:00:00,8.874,8.896,8.82,8.83,266040.27
2026-02-21T21:00:00,8.831,8.851,8.792,8.837,291114.93
2026-02-21T22:00:00,8.836,8.859,8.83,8.842,196766.56
2026-02-21T23:00:00,8.843,8.848,8.807,8.826,181866.84
2026-02-22T00:00:00,8.827,8.857,8.8,8.852,233463.82
2026-02-22T01:00:00,8.853,8.871,8.839,8.85,363818.47
2026-02-22T02:00:00,8.849,8.865,8.794,8.8,417646.32
2026-02-22T03:00:00,8.801,8.813,8.787,8.81,356150.56
2026-02-22T04:00:00,8.81,8.842,8.8,8.821,323859.06
2026-02-22T05:00:00,8.821,8.839,8.812,8.831,223944.3
2026-02-22T06:00:00,8.83,8.838,8.723,8.752,702509.83
2026-02-22T07:00:00,8.752,8.759,8.702,8.718,515156.91
2026-02-22T08:00:00,8.718,8.752,8.687,8.722,694367.65
2026-02-22T09:00:00,8.723,8.775,8.679,8.706,931143.55
2026-02-22T10:00:00,8.705,8.709,8.658,8.69,488269.65
2026-02-22T11:00:00,8.69,8.692,8.604,8.63,528528.87
2026-02-22T12:00:00,8.63,8.643,8.61,8.631,306005.09
2026-02-22T13:00:00,8.63,8.642,8.599,8.639,252883.33
2026-02-22T14:00:00,8.638,8.639,8.6,8.614,277974.49
2026-02-22T15:00:00,8.614,8.664,8.607,8.657,323182.47
2026-02-22T16:00:00,8.656,8.704,8.647,8.692,274295.67
2026-02-22T17:00:00,8.691,8.696,8.638,8.677,287718.05
2026-02-22T18:00:00,8.677,8.692,8.544,8.551,523622.64
2026-02-22T19:00:00,8.552,8.552,8.165,8.198,4134687.52
2026-02-22T20:00:00,8.199,8.258,8.178,8.217,1100856.26
2026-02-22T21:00:00,8.218,8.283,8.189,8.249,711465.24
2026-02-22T22:00:00,8.249,8.253,8.171,8.206,521013.18
2026-02-22T23:00:00,8.206,8.269,8.202,8.233,530300.64
2026-02-23T00:00:00,8.232,8.353,8.224,8.34,696119.52
2026-02-23T01:00:00,8.341,8.374,8.316,8.35,492144.48
2026-02-23T02:00:00,8.35,8.35,8.306,8.328,418469.73
2026-02-23T03:00:00,8.328,8.529,8.328,8.523,830381.32
2026-02-23T04:00:00,8.523,8.557,8.485,8.505,640639.23
2026-02-23T05:00:00,8.505,8.509,8.448,8.47,374734.0
2026-02-23T06:00:00,8.47,8.577,8.439,8.533,747378.16
2026-02-23T07:00:00,8.534,8.548,8.489,8.496,446023.63
2026-02-23T08:00:00,8.495,8.515,8.411,8.451,972209.12
2026-02-23T09:00:00,8.451,8.482,8.392,8.414,765555.86
2026-02-23T10:00:00,8.413,8.452,8.35,8.361,1069568.71
2026-02-23T11:00:00,8.361,8.39,8.177,8.293,1366588.15
2026-02-23T12:00:00,8.293,8.356,8.249,8.261,766304.49
2026-02-23T13:00:00,8.261,8.275,8.19,8.228,545330.93
2026-02-23T14:00:00,8.227,8.309,8.202,8.276,746571.13
2026-02-23T15:00:00,8.276,8.336,8.274,8.304,358083.54
2026-02-23T16:00:00,8.304,8.341,8.288,8.289,433003.0
2026-02-23T17:00:00,8.289,8.336,8.253,8.262,344725.16
2026-02-23T18:00:00,8.262,8.335,8.262,8.323,422466.09
2026-02-23T19:00:00,8.323,8.326,8.113,8.233,1295178.2
2026-02-23T20:00:00,8.233,8.308,8.211,8.259,476311.02
2026-02-23T21:00:00,8.258,8.258,8.163,8.205,568419.91
2026-02-23T22:00:00,8.204,8.23,8.141,8.17,820515.02
2026-02-23T23:00:00,8.17,8.215,8.121,8.17,765803.61
2026-02-24T00:00:00,8.17,8.19,8.128,8.14,283964.17
2026-02-24T01:00:00,8.141,8.17,8.12,8.147,370669.44
2026-02-24T02:00:00,8.147,8.19,8.114,8.172,589549.1
2026-02-24T03:00:00,8.172,8.182,8.102,8.164,461565.53
2026-02-24T04:00:00,8.164,8.198,8.154,8.179,378793.29
2026-02-24T05:00:00,8.18,8.187,8.145,8.172,354631.93
2026-02-24T06:00:00,8.172,8.192,8.138,8.144,305260.45
2026-02-24T07:00:00,8.145,8.154,8.055,8.093,812417.8
2026-02-24T08:00:00,8.093,8.227,8.05,8.171,1158985.89
2026-02-24T09:00:00,8.172,8.22,8.143,8.21,879813.75
2026-02-24T10:00:00,8.211,8.276,8.171,8.242,902479.64
2026-02-24T11:00:00,8.242,8.269,8.219,8.231,546174.01
2026-02-24T12:00:00,8.231,8.262,8.174,8.237,383563.92
2026-02-24T13:00:00,8.236,8.261,8.195,8.226,304212.24
2026-02-24T14:00:00,8.226,8.258,8.213,8.233,220497.49
2026-02-24T15:00:00,8.232,8.233,8.161,8.193,349852.26
2026-02-24T16:00:00,8.193,8.237,8.187,8.212,343408.75
2026-02-24T17:00:00,8.213,8.239,8.168,8.191,414473.19
2026-02-24T18:00:00,8.192,8.245,8.177,8.229,398940.93
2026-02-24T19:00:00,8.229,8.607,8.224,8.559,2695373.92
2026-02-24T20:00:00,8.559,8.627,8.551,8.598,1225887.86
2026-02-24T21:00:00,8.597,8.622,8.495,8.5,805968.15
2026-02-24T22:00:00,8.501,8.552,8.451,8.485,584131.0
2026-02-24T23:00:00,8.485,8.502,8.352,8.405,828006.58
2026-02-25T00:00:00,8.405,8.447,8.39,8.403,357031.9
2026-02-25T01:00:00,8.403,8.486,8.396,8.474,394806.27
2026-02-25T02:00:00,8.474,8.534,8.433,8.52,608246.5
2026-02-25T03:00:00,8.519,8.583,8.512,8.576,554845.0
2026-02-25T04:00:00,8.576,8.62,8.568,8.588,528081.37
2026-02-25T05:00:00,8.588,8.663,8.556,8.654,556943.1
2026-02-25T06:00:00,8.654,8.827,8.636,8.81,1382452.22
2026-02-25T07:00:00,8.81,8.977,8.81,8.885,2424550.89
2026-02-25T08:00:00,8.885,9.127,8.885,9.12,2055318.31
2026-02-25T09:00:00,9.12,9.332,9.098,9.279,2615361.59
2026-02-25T10:00:00,9.279,9.461,9.278,9.447,2067071.46
2026-02-25T11:00:00,9.447,9.506,9.427,9.472,1121556.03
2026-02-25T12:00:00,9.472,9.504,9.386,9.433,962129.52
2026-02-25T13:00:00,9.433,9.488,9.347,9.473,648740.79
2026-02-25T14:00:00,9.474,9.492,9.385,9.424,669467.0
2026-02-25T15:00:00,9.424,9.589,9.372,9.482,1262644.03
2026-02-25T16:00:00,9.483,9.547,9.38,9.419,709178.14
2026-02-25T17:00:00,9.418,9.439,9.179,9.266,1129666.26
2026-02-25T18:00:00,9.266,9.334,9.191,9.238,1157434.24
2026-02-25T19:00:00,9.239,9.274,9.166,9.204,731882.68
2026-02-25T20:00:00,9.205,9.255,9.145,9.239,594970.17
2026-02-25T21:00:00,9.24,9.254,9.197,9.218,323657.93
2026-02-25T22:00:00,9.218,9.333,9.205,9.29,736864.14
2026-02-25T23:00:00,9.291,9.306,9.2,9.296,632684.21
2026-02-26T00:00:00,9.297,9.338,9.249,9.272,584390.33
2026-02-26T01:00:00,9.273,9.278,9.188,9.203,471508.78
2026-02-26T02:00:00,9.204,9.258,9.156,9.184,819793.47
2026-02-26T03:00:00,9.184,9.312,9.178,9.29,842996.15
2026-02-26T04:00:00,9.289,9.317,9.21,9.228,479819.48
2026-02-26T05:00:00,9.228,9.246,9.191,9.206,459897.54
2026-02-26T06:00:00,9.207,9.31,9.198,9.293,480117.21
2026-02-26T07:00:00,9.292,9.293,9.206,9.227,417320.17
2026-02-26T08:00:00,9.227,9.277,9.09,9.151,1272201.71
2026-02-26T09:00:00,9.15,9.164,9.022,9.116,1854475.03
2026-02-26T10:00:00,9.117,9.139,8.862,8.885,1575102.88
2026-02-26T11:00:00,8.885,8.965,8.857,8.878,734173.65
2026-02-26T12:00:00,8.878,8.996,8.853,8.982,644367.18
2026-02-26T13:00:00,8.982,9.114,8.977,9.092,746923.51
2026-02-26T14:00:00,9.092,9.139,9.04,9.062,378293.54
2026-02-26T15:00:00,9.062,9.095,9.037,9.082,237378.6
2026-02-26T16:00:00,9.083,9.141,9.071,9.123,246192.75
2026-02-26T17:00:00,9.123,9.124,9.078,9.093,246708.2
2026-02-26T18:00:00,9.093,9.103,9.0,9.044,485911.55
2026-02-26T19:00:00,9.045,9.079,8.998,9.071,731796.36
2026-02-26T20:00:00,9.071,9.129,9.057,9.109,299566.8
2026-02-26T21:00:00,9.11,9.197,9.092,9.18,517645.89
2026-02-26T22:00:00,9.181,9.293,9.163,9.18,848847.43
2026-02-26T23:00:00,9.18,9.22,9.166,9.181,309826.08
2026-02-27T00:00:00,9.181,9.205,9.123,9.18,412344.06
2026-02-27T01:00:00,9.18,9.187,9.116,9.172,417971.06
2026-02-27T02:00:00,9.172,9.232,9.135,9.175,506592.98
2026-02-27T03:00:00,9.176,9.194,9.059,9.079,559636.43
2026-02-27T04:00:00,9.078,9.093,8.914,8.921,1037916.8
2026-02-27T05:00:00,8.921,8.956,8.801,8.841,1049281.39
2026-02-27T06:00:00,8.841,8.865,8.764,8.819,1123880.25
2026-02-27T07:00:00,8.818,8.864,8.726,8.833,1064387.56
2026-02-27T08:00:00,8.833,8.845,8.752,8.763,691108.43
2026-02-27T09:00:00,8.762,8.831,8.751,8.811,850892.86
2026-02-27T10:00:00,8.81,8.813,8.711,8.721,763651.64
2026-02-27T11:00:00,8.721,8.753,8.65,8.744,1051492.81
2026-02-27T12:00:00,8.744,8.747,8.659,8.672,530889.09
2026-02-27T13:00:00,8.672,8.691,8.638,8.667,440235.47
2026-02-27T14:00:00,8.667,8.705,8.664,8.691,318324.99
2026-02-27T15:00:00,8.69,8.729,8.644,8.667,389425.92
2026-02-27T16:00:00,8.667,8.679,8.543,8.668,741229.18
2026-02-27T17:00:00,8.668,8.71,8.663,8.705,361643.92
2026-02-27T18:00:00,8.705,8.739,8.67,8.735,491854.25
2026-02-27T19:00:00,8.735,8.744,8.683,8.69,313343.17
2026-02-27T20:00:00,8.691,8.728,8.682,8.724,177062.72
2026-02-27T21:00:00,8.725,8.737,8.661,8.674,232619.66
2026-02-27T22:00:00,8.674,8.692,8.624,8.67,267554.82
2026-02-27T23:00:00,8.671,8.682,8.62,8.646,244030.8
2026-02-28T00:00:00,8.645,8.645,8.25,8.275,3554454.65
2026-02-28T01:00:00,8.275,8.438,8.211,8.345,1334684.68
2026-02-28T02:00:00,8.345,8.347,8.248,8.263,872055.8
2026-02-28T03:00:00,8.264,8.303,8.216,8.258,900876.31
2026-02-28T04:00:00,8.258,8.316,8.203,8.304,765549.54
2026-02-28T05:00:00,8.304,8.338,8.262,8.27,647027.81
2026-02-28T06:00:00,8.271,8.326,8.269,8.306,686096.57
2026-02-28T07:00:00,8.306,8.495,8.287,8.495,1331776.61
2026-02-28T08:00:00,8.495,8.539,8.37,8.394,1212624.81
2026-02-28T09:00:00,8.394,8.467,8.345,8.432,617170.84
2026-02-28T10:00:00,8.431,8.499,8.398,8.484,567497.72
2026-02-28T11:00:00,8.484,8.505,8.399,8.487,529952.13
2026-02-28T12:00:00,8.487,8.665,8.464,8.616,1029987.86
2026-02-28T13:00:00,8.616,8.73,8.558,8.682,1040334.07
2026-02-28T14:00:00,8.682,8.847,8.659,8.833,1236219.91
2026-02-28T15:00:00,8.834,8.848,8.739,8.796,686089.23
2026-02-28T16:00:00,8.796,8.94,8.785,8.847,818088.79
2026-02-28T17:00:00,8.847,8.865,8.806,8.84,416694.59
2026-02-28T18:00:00,8.839,8.87,8.8,8.822,582949.54
2026-02-28T19:00:00,8.822,9.049,8.739,8.994,1133517.33
2026-02-28T20:00:00,8.995,9.206,8.995,9.1,1282078.93
2026-02-28T21:00:00,9.099,9.138,9.029,9.051,524477.89
2026-02-28T22:00:00,9.051,9.079,8.967,9.054,557859.84
2026-02-28T23:00:00,9.055,9.093,9.038,9.042,355960.28
2026-03-01T00:00:00,9.042,9.054,8.922,8.954,682888.59
2026-03-01T01:00:00,8.954,8.999,8.939,8.974,298096.86
2026-03-01T02:00:00,8.974,8.992,8.85,8.873,585164.85
2026-03-01T03:00:00,8.873,8.958,8.845,8.886,626136.74
2026-03-01T04:00:00,8.885,8.921,8.835,8.875,537543.6
2026-03-01T05:00:00,8.875,8.907,8.857,8.87,216335.84
2026-03-01T06:00:00,8.869,8.902,8.818,8.827,409574.61
2026-03-01T07:00:00,8.826,9.013,8.78,8.96,1216185.84
2026-03-01T08:00:00,8.959,9.053,8.918,8.937,1129532.66
2026-03-01T09:00:00,8.937,8.992,8.906,8.912,476454.66
2026-03-01T10:00:00,8.912,8.971,8.747,8.819,1242082.26
2026-03-01T11:00:00,8.818,8.835,8.711,8.773,949452.03
2026-03-01T12:00:00,8.773,8.918,8.771,8.806,731124.13
2026-03-01T13:00:00,8.806,8.81,8.671,8.688,778043.06
2026-03-01T14:00:00,8.688,8.692,8.532,8.551,1191100.74
2026-03-01T15:00:00,8.552,8.633,8.543,8.621,527695.33
2026-03-01T16:00:00,8.621,8.782,8.587,8.599,941806.71
2026-03-01T17:00:00,8.598,8.723,8.579,8.669,470127.92
2026-03-01T18:00:00,8.669,8.803,8.655,8.76,725453.63
2026-03-01T19:00:00,8.761,8.884,8.747,8.773,710612.92
2026-03-01T20:00:00,8.774,8.802,8.672,8.754,590673.4
2026-03-01T21:00:00,8.755,8.855,8.724,8.822,541735.04
2026-03-01T22:00:00,8.823,8.832,8.783,8.807,328895.97
2026-03-01T23:00:00,8.807,8.85,8.749,8.798,390953.27
2026-03-02T00:00:00,8.799,8.801,8.653,8.688,506026.69
2026-03-02T01:00:00,8.687,8.691,8.602,8.668,415154.9
2026-03-02T02:00:00,8.669,8.715,8.582,8.693,685424.57
2026-03-02T03:00:00,8.693,8.766,8.669,8.67,524258.35
2026-03-02T04:00:00,8.669,8.702,8.657,8.692,312245.5
2026-03-02T05:00:00,8.692,8.728,8.647,8.689,454565.32
2026-03-02T06:00:00,8.69,8.702,8.631,8.655,327754.63
2026-03-02T07:00:00,8.655,8.696,8.592,8.602,502461.26
2026-03-02T08:00:00,8.602,8.872,8.581,8.848,1443210.36
2026-03-02T09:00:00,8.848,9.177,8.83,9.101,2648216.41
2026-03-02T10:00:00,9.102,9.268,9.068,9.143,1881142.04
2026-03-02T11:00:00,9.142,9.161,8.965,9.057,1028068.95
2026-03-02T12:00:00,9.056,9.075,8.983,9.008,612645.18
2026-03-02T13:00:00,9.009,9.049,8.943,9.034,573302.9
2026-03-02T14:00:00,9.033,9.088,8.961,8.987,587625.75
2026-03-02T15:00:00,8.988,9.04,8.96,9.028,465141.41
2026-03-02T16:00:00,9.028,9.106,9.019,9.056,366172.26
2026-03-02T17:00:00,9.055,9.063,8.917,8.945,561165.6
2026-03-02T18:00:00,8.946,9.006,8.917,8.968,507839.54
2026-03-02T19:00:00,8.968,9.007,8.913,8.916,415127.62
2026-03-02T20:00:00,8.915,8.943,8.84,8.912,575724.48
2026-03-02T21:00:00,8.912,8.921,8.861,8.88,277591.84
2026-03-02T22:00:00,8.881,8.895,8.827,8.838,272435.4
2026-03-02T23:00:00,8.839,8.932,8.766,8.802,653689.81
2026-03-03T00:00:00,8.802,8.822,8.771,8.801,358690.68
2026-03-03T01:00:00,8.801,8.837,8.776,8.79,336049.27
2026-03-03T02:00:00,8.789,8.803,8.626,8.646,1004529.33
2026-03-03T03:00:00,8.646,8.695,8.591,8.638,912836.67
2026-03-03T04:00:00,8.638,8.675,8.601,8.639,498583.65
2026-03-03T05:00:00,8.639,8.678,8.613,8.667,450875.58
2026-03-03T06:00:00,8.668,8.784,8.662,8.701,590859.07
2026-03-03T07:00:00,8.701,8.707,8.593,8.628,601827.37
2026-03-03T08:00:00,8.629,8.75,8.552,8.621,1301690.93
2026-03-03T09:00:00,8.621,8.757,8.581,8.741,1177614.72
2026-03-03T10:00:00,8.741,8.925,8.701,8.819,1768876.53
2026-03-03T11:00:00,8.819,8.837,8.713,8.822,651188.42
2026-03-03T12:00:00,8.823,8.907,8.769,8.839,575038.48
2026-03-03T13:00:00,8.839,8.845,8.767,8.802,460549.89
2026-03-03T14:00:00,8.803,8.817,8.733,8.755,314543.03
2026-03-03T15:00:00,8.754,8.757,8.674,8.724,482849.71
2026-03-03T16:00:00,8.724,8.828,8.721,8.802,1027467.15
2026-03-03T17:00:00,8.801,8.883,8.791,8.805,357416.03
2026-03-03T18:00:00,8.804,8.818,8.723,8.796,543960.49
2026-03-03T19:00:00,8.796,8.894,8.775,8.819,633135.85
2026-03-03T20:00:00,8.819,8.839,8.763,8.827,302996.63
2026-03-03T21:00:00,8.826,8.833,8.681,8.754,586572.87
2026-03-03T22:00:00,8.753,8.771,8.682,8.737,392806.95
2026-03-03T23:00:00,8.738,8.796,8.69,8.756,390240.5
2026-03-04T00:00:00,8.755,8.814,8.707,8.786,398472.94
2026-03-04T01:00:00,8.787,8.922,8.757,8.896,582021.39
2026-03-04T02:00:00,8.896,9.204,8.882,9.178,1518753.02
2026-03-04T03:00:00,9.178,9.296,9.148,9.213,1632888.72
2026-03-04T04:00:00,9.213,9.26,9.153,9.186,906005.52
2026-03-04T05:00:00,9.187,9.232,9.096,9.126,619057.68
2026-03-04T06:00:00,9.125,9.131,9.023,9.1,734411.39
2026-03-04T07:00:00,9.101,9.17,9.094,9.16,648508.65
2026-03-04T08:00:00,9.161,9.345,9.146,9.202,1512850.06
2026-03-04T09:00:00,9.202,9.509,9.199,9.497,1384239.8
2026-03-04T10:00:00,9.496,9.571,9.357,9.466,1307375.14
2026-03-04T11:00:00,9.466,9.528,9.389,9.437,763395.4
2026-03-04T12:00:00,9.437,9.502,9.377,9.484,516207.1
2026-03-04T13:00:00,9.483,9.628,9.471,9.525,887940.4
2026-03-04T14:00:00,9.525,9.56,9.473,9.477,635982.52
2026-03-04T15:00:00,9.477,9.482,9.407,9.437,528731.77
2026-03-04T16:00:00,9.437,9.503,9.331,9.355,580402.63
2026-03-04T17:00:00,9.354,9.379,9.29,9.343,607401.68
2026-03-04T18:00:00,9.344,9.379,9.326,9.334,527756.55
2026-03-04T19:00:00,9.335,9.389,9.238,9.259,699496.78
2026-03-04T20:00:00,9.258,9.329,9.232,9.273,801574.31
2026-03-04T21:00:00,9.273,9.302,9.23,9.259,325549.91
2026-03-04T22:00:00,9.26,9.354,9.251,9.336,478682.07
2026-03-04T23:00:00,9.337,9.352,9.239,9.258,373319.87
2026-03-05T00:00:00,9.259,9.291,9.208,9.28,418230.63
2026-03-05T01:00:00,9.28,9.299,9.174,9.213,528539.19
2026-03-05T02:00:00,9.214,9.259,9.192,9.246,405272.46
2026-03-05T03:00:00,9.247,9.335,9.242,9.298,455087.82
2026-03-05T04:00:00,9.299,9.459,9.253,9.436,888377.39
2026-03-05T05:00:00,9.437,9.451,9.36,9.391,553428.79
2026-03-05T06:00:00,9.392,9.482,9.359,9.474,743115.74
2026-03-05T07:00:00,9.474,9.481,9.309,9.372,1151614.1
2026-03-05T08:00:00,9.372,9.425,9.307,9.385,917326.53
2026-03-05T09:00:00,9.386,9.404,9.166,9.23,1411009.93
2026-03-05T10:00:00,9.23,9.232,9.075,9.176,1062181.26
2026-03-05T11:00:00,9.176,9.241,9.064,9.078,719937.66
2026-03-05T12:00:00,9.078,9.175,9.063,9.168,479544.74
2026-03-05T13:00:00,9.169,9.269,9.168,9.179,432166.69
2026-03-05T14:00:00,9.179,9.286,9.165,9.275,535358.6
2026-03-05T15:00:00,9.274,9.318,9.195,9.216,649339.22
2026-03-05T16:00:00,9.216,9.248,9.17,9.213,266585.67
2026-03-05T17:00:00,9.214,9.238,9.177,9.199,275987.35
2026-03-05T18:00:00,9.199,9.228,9.176,9.198,218718.36
2026-03-05T19:00:00,9.198,9.295,9.163,9.272,636475.6
2026-03-05T20:00:00,9.273,9.287,9.239,9.253,318022.5
2026-03-05T21:00:00,9.252,9.283,9.214,9.259,224424.92
2026-03-05T22:00:00,9.259,9.264,9.147,9.195,372263.23
2026-03-05T23:00:00,9.195,9.226,9.163,9.206,363631.93
2026-03-06T00:00:00,9.206,9.229,9.179,9.196,292766.04
2026-03-06T01:00:00,9.197,9.288,9.175,9.271,397662.75
2026-03-06T02:00:00,9.272,9.273,9.185,9.206,354215.04
2026-03-06T03:00:00,9.207,9.21,9.066,9.105,738723.29
2026-03-06T04:00:00,9.105,9.176,9.1,9.138,419553.5
2026-03-06T05:00:00,9.138,9.158,9.051,9.068,472861.21
2026-03-06T06:00:00,9.068,9.093,9.005,9.057,761819.97
2026-03-06T07:00:00,9.057,9.134,8.945,8.948,1215701.0
2026-03-06T08:00:00,8.947,8.973,8.759,8.8,1979211.47
2026-03-06T09:00:00,8.8,8.876,8.74,8.784,931704.31
2026-03-06T10:00:00,8.783,8.804,8.708,8.732,763569.05
2026-03-06T11:00:00,8.731,8.777,8.663,8.712,887987.39
2026-03-06T12:00:00,8.713,8.799,8.706,8.767,590740.69
2026-03-06T13:00:00,8.768,8.828,8.766,8.783,428668.52
2026-03-06T14:00:00,8.783,8.801,8.73,8.774,361507.89
2026-03-06T15:00:00,8.773,8.783,8.738,8.778,207842.11
2026-03-06T16:00:00,8.779,8.822,8.769,8.809,203727.47
2026-03-06T17:00:00,8.81,8.813,8.779,8.791,205304.69
2026-03-06T18:00:00,8.792,8.835,8.784,8.806,304071.66
2026-03-06T19:00:00,8.806,8.811,8.77,8.775,168113.18
2026-03-06T20:00:00,8.775,8.798,8.755,8.794,224994.32
2026-03-06T21:00:00,8.794,8.852,8.784,8.784,299511.44
2026-03-06T22:00:00,8.785,8.814,8.735,8.791,315135.92
2026-03-06T23:00:00,8.79,8.809,8.775,8.802,214007.16
2026-03-07T00:00:00,8.802,8.802,8.753,8.757,285626.13
2026-03-07T01:00:00,8.757,8.804,8.726,8.803,342890.02
2026-03-07T02:00:00,8.802,8.82,8.751,8.766,388235.87
2026-03-07T03:00:00,8.765,8.81,8.743,8.803,194204.5
2026-03-07T04:00:00,8.804,8.806,8.763,8.77,214800.92
2026-03-07T05:00:00,8.77,8.819,8.752,8.795,235068.78
2026-03-07T06:00:00,8.795,8.809,8.768,8.778,215959.86
2026-03-07T07:00:00,8.778,8.816,8.773,8.795,236605.45
2026-03-07T08:00:00,8.795,8.801,8.723,8.788,419230.71
2026-03-07T09:00:00,8.788,8.796,8.723,8.747,231091.34
2026-03-07T10:00:00,8.747,8.763,8.734,8.758,162833.92
2026-03-07T11:00:00,8.759,8.805,8.759,8.767,306856.4
2026-03-07T12:00:00,8.767,8.768,8.68,8.708,566731.37
2026-03-07T13:00:00,8.708,8.712,8.635,8.655,657892.45
2026-03-07T14:00:00,8.655,8.706,8.653,8.698,300646.83
2026-03-07T15:00:00,8.698,8.711,8.669,8.695,204936.71
2026-03-07T16:00:00,8.696,8.698,8.636,8.67,303406.53
2026-03-07T17:00:00,8.67,8.699,8.664,8.692,173663.84
2026-03-07T18:00:00,8.693,8.711,8.649,8.661,293017.87
2026-03-07T19:00:00,8.662,8.706,8.648,8.69,270490.37
2026-03-07T20:00:00,8.689,8.69,8.574,8.593,561560.23
2026-03-07T21:00:00,8.593,8.625,8.577,8.597,252676.23
2026-03-07T22:00:00,8.597,8.622,8.522,8.547,433471.12
2026-03-07T23:00:00,8.547,8.628,8.543,8.605,371936.67
2026-03-08T00:00:00,8.606,8.612,8.571,8.6,204874.43
2026-03-08T01:00:00,8.6,8.664,8.598,8.628,255853.36
2026-03-08T02:00:00,8.628,8.641,8.585,8.632,341048.56
2026-03-08T03:00:00,8.631,8.703,8.621,8.682,551063.83
2026-03-08T04:00:00,8.682,8.773,8.682,8.726,449151.4
2026-03-08T05:00:00,8.726,8.728,8.624,8.648,323925.14
2026-03-08T06:00:00,8.648,8.672,8.552,8.646,590059.82
2026-03-08T07:00:00,8.646,8.66,8.533,8.589,593052.17
2026-03-08T08:00:00,8.589,8.618,8.545,8.581,355571.63
2026-03-08T09:00:00,8.582,8.594,8.535,8.563,471441.02
2026-03-08T10:00:00,8.562,8.568,8.496,8.521,615150.45
2026-03-08T11:00:00,8.521,8.572,8.516,8.555,414066.2
2026-03-08T12:00:00,8.555,8.559,8.51,8.537,201036.62
2026-03-08T13:00:00,8.537,8.661,8.522,8.639,477982.01
2026-03-08T14:00:00,8.638,8.698,8.604,8.633,345346.09
2026-03-08T15:00:00,8.633,8.64,8.559,8.591,263773.73
2026-03-08T16:00:00,8.59,8.59,8.386,8.546,1346985.79
2026-03-08T17:00:00,8.547,8.584,8.492,8.507,459727.41
2026-03-08T18:00:00,8.508,8.652,8.504,8.561,800913.5
2026-03-08T19:00:00,8.561,8.613,8.522,8.524,493369.56
2026-03-08T20:00:00,8.525,8.632,8.5,8.605,480062.84
2026-03-08T21:00:00,8.606,8.8,8.598,8.679,982789.39
2026-03-08T22:00:00,8.679,8.76,8.674,8.686,329791.38
2026-03-08T23:00:00,8.686,8.874,8.677,8.834,894577.11
2026-03-09T00:00:00,8.834,8.84,8.725,8.731,406287.64
2026-03-09T01:00:00,8.731,8.741,8.642,8.735,421417.06
2026-03-09T02:00:00,8.736,8.792,8.718,8.751,450948.03
2026-03-09T03:00:00,8.751,8.849,8.708,8.775,640525.67
2026-03-09T04:00:00,8.775,8.798,8.744,8.758,415847.66
2026-03-09T05:00:00,8.758,8.792,8.707,8.77,337476.47
2026-03-09T06:00:00,8.77,8.841,8.77,8.81,394687.34
2026-03-09T07:00:00,8.81,8.96,8.802,8.915,1183520.88
2026-03-09T08:00:00,8.914,8.968,8.832,8.926,1084005.97
2026-03-09T09:00:00,8.926,8.962,8.881,8.923,633649.82
2026-03-09T10:00:00,8.923,8.973,8.901,8.938,586302.79
2026-03-09T11:00:00,8.938,8.988,8.873,8.909,548947.07
2026-03-09T12:00:00,8.908,8.955,8.864,8.9,440756.63
2026-03-09T13:00:00,8.9,9.099,8.863,9.004,1125857.52
2026-03-09T14:00:00,9.004,9.036,8.944,8.974,631278.2
2026-03-09T15:00:00,8.973,9.018,8.962,8.989,278187.67
2026-03-09T16:00:00,8.988,8.999,8.883,8.908,520692.09
2026-03-09T17:00:00,8.907,8.914,8.84,8.863,313581.82
2026-03-09T18:00:00,8.862,8.962,8.846,8.916,435983.63
2026-03-09T19:00:00,8.915,8.955,8.868,8.923,302978.19
2026-03-09T20:00:00,8.922,9.079,8.893,9.033,608866.56
2026-03-09T21:00:00,9.033,9.047,8.916,8.933,437852.45
2026-03-09T22:00:00,8.933,9.031,8.932,9.013,375927.68
2026-03-09T23:00:00,9.013,9.044,8.987,9.004,337641.07
2026-03-10T00:00:00,9.005,9.019,8.965,8.998,291315.36
2026-03-10T01:00:00,8.998,9.077,8.977,9.075,460413.37
2026-03-10T02:00:00,9.076,9.16,9.067,9.072,1081235.82
2026-03-10T03:00:00,9.072,9.148,9.071,9.117,791634.66
2026-03-10T04:00:00,9.116,9.12,9.06,9.105,462175.14
2026-03-10T05:00:00,9.104,9.105,9.058,9.064,387008.42
2026-03-10T06:00:00,9.065,9.078,9.021,9.042,453583.0
2026-03-10T07:00:00,9.043,9.092,8.939,8.958,963122.28
2026-03-10T08:00:00,8.958,9.147,8.853,9.144,1584497.1
2026-03-10T09:00:00,9.144,9.18,9.058,9.129,1211845.15
2026-03-10T10:00:00,9.129,9.176,9.075,9.144,720116.26
2026-03-10T11:00:00,9.144,9.165,9.061,9.102,645873.98
2026-03-10T12:00:00,9.102,9.108,8.939,8.961,786076.49
2026-03-10T13:00:00,8.96,8.989,8.914,8.967,413096.66
2026-03-10T14:00:00,8.966,9.003,8.962,8.985,246450.69
2026-03-10T15:00:00,8.985,9.008,8.916,8.934,504093.1
2026-03-10T16:00:00,8.933,8.977,8.904,8.951,390051.58
2026-03-10T17:00:00,8.952,8.99,8.951,8.979,277938.89
2026-03-10T18:00:00,8.98,8.998,8.921,8.979,573186.36
2026-03-10T19:00:00,8.979,9.003,8.958,8.992,340666.43
2026-03-10T20:00:00,8.992,8.999,8.907,8.968,454665.39
2026-03-10T21:00:00,8.967,8.984,8.918,8.923,441424.9
2026-03-10T22:00:00,8.922,9.028,8.911,9.016,525329.67
2026-03-10T23:00:00,9.015,9.033,8.862,8.877,578391.32
2026-03-11T00:00:00,8.877,8.963,8.872,8.939,397000.65
2026-03-11T01:00:00,8.939,8.951,8.869,8.884,262896.21
2026-03-11T02:00:00,8.884,8.929,8.877,8.915,452364.84
2026-03-11T03:00:00,8.915,8.936,8.878,8.886,219143.6
2026-03-11T04:00:00,8.886,8.961,8.881,8.938,281842.03
2026-03-11T05:00:00,8.939,8.964,8.898,8.905,318726.83
2026-03-11T06:00:00,8.906,9.036,8.878,8.959,667426.93
2026-03-11T07:00:00,8.958,9.168,8.952,9.038,1796760.52
2026-03-11T08:00:00,9.037,9.127,9.025,9.059,1059838.77
2026-03-11T09:00:00,9.06,9.071,8.893,8.992,1364170.14
2026-03-11T10:00:00,8.993,9.077,8.965,9.055,824287.88
2026-03-11T11:00:00,9.054,9.149,9.014,9.079,701474.8
2026-03-11T12:00:00,9.078,9.118,9.052,9.091,466400.8
2026-03-11T13:00:00,9.091,9.105,9.051,9.082,244206.46
2026-03-11T14:00:00,9.081,9.083,9.025,9.059,252662.07
2026-03-11T15:00:00,9.059,9.083,9.029,9.066,227447.29
2026-03-11T16:00:00,9.066,9.109,9.007,9.044,311205.67
2026-03-11T17:00:00,9.044,9.06,8.974,8.993,346747.12
2026-03-11T18:00:00,8.993,9.015,8.975,9.0,292442.12
2026-03-11T19:00:00,8.999,8.999,8.93,8.948,351192.9
2026-03-11T20:00:00,8.948,8.957,8.851,8.864,750103.25
2026-03-11T21:00:00,8.863,8.901,8.826,8.86,569262.7
2026-03-11T22:00:00,8.859,8.891,8.848,8.863,300749.19
2026-03-11T23:00:00,8.862,8.888,8.836,8.887,314170.35
2026-03-12T00:00:00,8.886,8.913,8.87,8.906,288681.75
2026-03-12T01:00:00,8.906,8.956,8.885,8.943,339176.01
2026-03-12T02:00:00,8.943,8.999,8.933,8.965,410200.68
2026-03-12T03:00:00,8.965,9.046,8.917,8.994,758034.84
2026-03-12T04:00:00,8.994,9.103,8.971,9.065,802927.16
2026-03-12T05:00:00,9.064,9.073,9.013,9.023,448266.52
2026-03-12T06:00:00,9.024,9.065,9.003,9.035,489442.18
2026-03-12T07:00:00,9.036,9.063,8.96,9.012,970834.3
2026-03-12T08:00:00,9.012,9.095,8.891,8.941,1329788.85
2026-03-12T09:00:00,8.942,9.087,8.91,9.03,828967.86
2026-03-12T10:00:00,9.029,9.078,8.956,9.046,857044.32
2026-03-12T11:00:00,9.045,9.059,8.979,9.004,377344.51
2026-03-12T12:00:00,9.005,9.02,8.957,8.973,471253.81
2026-03-12T13:00:00,8.972,9.048,8.955,9.03,432335.21
2026-03-12T14:00:00,9.03,9.034,8.96,8.967,411228.29
2026-03-12T15:00:00,8.967,9.036,8.967,9.021,215833.14
2026-03-12T16:00:00,9.021,9.028,8.973,9.007,212853.9
2026-03-12T17:00:00,9.006,9.086,9.004,9.052,527502.57
2026-03-12T18:00:00,9.052,9.401,9.031,9.25,2690839.49
2026-03-12T19:00:00,9.249,9.333,9.245,9.319,677790.6
2026-03-12T20:00:00,9.318,9.331,9.2,9.224,712005.84
2026-03-12T21:00:00,9.224,9.305,9.198,9.281,449430.85
2026-03-12T22:00:00,9.281,9.297,9.237,9.249,330821.93
2026-03-12T23:00:00,9.249,9.291,9.216,9.26,359227.67
2026-03-13T00:00:00,9.26,9.279,9.168,9.182,496492.28
2026-03-13T01:00:00,9.181,9.214,9.168,9.192,369370.86
2026-03-13T02:00:00,9.191,9.29,9.155,9.215,493645.0
2026-03-13T03:00:00,9.214,9.294,9.199,9.269,380952.29
2026-03-13T04:00:00,9.27,9.326,9.267,9.296,499641.87
2026-03-13T05:00:00,9.296,9.3,9.253,9.268,319358.27
2026-03-13T06:00:00,9.268,9.439,9.266,9.386,830061.66
2026-03-13T07:00:00,9.385,9.58,9.367,9.518,1952263.05
2026-03-13T08:00:00,9.518,9.594,9.325,9.354,1616483.77
2026-03-13T09:00:00,9.355,9.419,9.233,9.26,1052152.29
2026-03-13T10:00:00,9.26,9.327,9.197,9.283,1187228.11
2026-03-13T11:00:00,9.282,9.304,9.095,9.143,1054507.89
2026-03-13T12:00:00,9.142,9.181,9.106,9.124,605422.38
2026-03-13T13:00:00,9.123,9.16,9.103,9.14,577480.31
2026-03-13T14:00:00,9.141,9.172,9.125,9.172,300883.82
2026-03-13T15:00:00,9.172,9.198,9.115,9.129,476701.99
2026-03-13T16:00:00,9.128,9.136,9.014,9.061,1077186.55
2026-03-13T17:00:00,9.061,9.097,9.047,9.081,331856.29
2026-03-13T18:00:00,9.08,9.111,9.046,9.05,436043.45
2026-03-13T19:00:00,9.049,9.084,9.017,9.076,402264.28
2026-03-13T20:00:00,9.076,9.094,9.058,9.076,265160.41
2026-03-13T21:00:00,9.077,9.128,9.068,9.113,400503.28
2026-03-13T22:00:00,9.114,9.138,9.077,9.082,380246.08
2026-03-13T23:00:00,9.082,9.092,9.015,9.058,418761.73
2026-03-14T00:00:00,9.058,9.058,8.955,8.998,819834.16
2026-03-14T01:00:00,8.998,9.0,8.96,8.974,450868.66
2026-03-14T02:00:00,8.974,8.987,8.96,8.975,341169.75
2026-03-14T03:00:00,8.975,9.004,8.912,8.939,670695.45
2026-03-14T04:00:00,8.939,8.945,8.916,8.941,354456.63
2026-03-14T05:00:00,8.941,8.994,8.94,8.987,204424.88
2026-03-14T06:00:00,8.986,8.995,8.963,8.981,317696.66
2026-03-14T07:00:00,8.982,9.008,8.974,9.001,319638.74
2026-03-14T08:00:00,9.001,9.011,8.961,8.968,428001.92
2026-03-14T09:00:00,8.969,9.006,8.955,8.998,600341.53
2026-03-14T10:00:00,8.997,9.039,8.976,9.032,374363.02
2026-03-14T11:00:00,9.031,9.049,9.001,9.001,303189.39
2026-03-14T12:00:00,9.001,9.028,8.985,9.012,312048.86
2026-03-14T13:00:00,9.013,9.037,9.004,9.021,169765.92
2026-03-14T14:00:00,9.021,9.039,9.011,9.035,225787.45
2026-03-14T15:00:00,9.034,9.096,9.02,9.084,388931.6
2026-03-14T16:00:00,9.086,9.102,9.071,9.074,284772.36
2026-03-14T17:00:00,9.073,9.168,9.072,9.162,723720.81
2026-03-14T18:00:00,9.162,9.182,9.135,9.139,671995.48
2026-03-14T19:00:00,9.139,9.146,9.108,9.136,323190.86
2026-03-14T20:00:00,9.136,9.254,9.136,9.226,661961.57
2026-03-14T21:00:00,9.225,9.24,9.178,9.203,252514.95
2026-03-14T22:00:00,9.203,9.249,9.181,9.212,350544.84
2026-03-14T23:00:00,9.212,9.263,9.187,9.217,383954.7
2026-03-15T00:00:00,9.216,9.236,9.194,9.211,294789.1
2026-03-15T01:00:00,9.211,9.233,9.187,9.214,292810.64
2026-03-15T02:00:00,9.214,9.263,9.214,9.261,388137.55
2026-03-15T03:00:00,9.261,9.318,9.255,9.263,605466.55
2026-03-15T04:00:00,9.263,9.289,9.248,9.28,293871.86
2026-03-15T05:00:00,9.281,9.288,9.255,9.27,218964.92
2026-03-15T06:00:00,9.271,9.274,9.242,9.248,350707.09
2026-03-15T07:00:00,9.248,9.269,9.138,9.19,982336.65
2026-03-15T08:00:00,9.189,9.203,9.133,9.18,443779.81
2026-03-15T09:00:00,9.179,9.179,9.14,9.152,238671.19
2026-03-15T10:00:00,9.152,9.181,9.114,9.135,468126.23
2026-03-15T11:00:00,9.134,9.235,9.129,9.205,357350.44
2026-03-15T12:00:00,9.205,9.216,9.13,9.147,356195.18
2026-03-15T13:00:00,9.147,9.203,9.142,9.193,303709.0
2026-03-15T14:00:00,9.192,9.289,9.171,9.242,590782.15
2026-03-15T15:00:00,9.242,9.335,9.228,9.301,609117.91
2026-03-15T16:00:00,9.301,9.529,9.23,9.479,1776741.61
2026-03-15T17:00:00,9.48,9.557,9.397,9.489,1153951.35
2026-03-15T18:00:00,9.49,9.537,9.418,9.453,692636.36
2026-03-15T19:00:00,9.454,9.532,9.405,9.514,525402.03
2026-03-15T20:00:00,9.515,9.529,9.415,9.481,567798.05
2026-03-15T21:00:00,9.481,9.808,9.451,9.694,2643226.4
2026-03-15T22:00:00,9.693,9.834,9.693,9.748,1529496.08
2026-03-15T23:00:00,9.747,9.787,9.672,9.757,1401338.51
2026-03-16T00:00:00,9.757,9.768,9.668,9.706,753663.97
2026-03-16T01:00:00,9.705,9.753,9.67,9.681,640521.05
2026-03-16T02:00:00,9.682,9.729,9.554,9.586,983078.22
2026-03-16T03:00:00,9.586,9.658,9.573,9.639,456799.86
2026-03-16T04:00:00,9.639,9.722,9.623,9.719,550129.7
2026-03-16T05:00:00,9.719,9.729,9.634,9.657,465132.16
2026-03-16T06:00:00,9.656,9.761,9.656,9.7,838821.48
2026-03-16T07:00:00,9.7,9.815,9.664,9.748,1163640.63
2026-03-16T08:00:00,9.748,9.792,9.588,9.698,1310197.68
2026-03-16T09:00:00,9.698,9.774,9.674,9.714,682440.97
2026-03-16T10:00:00,9.714,9.817,9.701,9.787,650664.49
2026-03-16T11:00:00,9.788,9.863,9.767,9.822,751540.9
2026-03-16T12:00:00,9.821,9.921,9.813,9.855,818814.99
2026-03-16T13:00:00,9.856,9.965,9.828,9.926,879002.36
2026-03-16T14:00:00,9.927,9.966,9.902,9.94,514728.75
2026-03-16T15:00:00,9.94,10.043,9.915,9.977,844165.74
2026-03-16T16:00:00,9.977,10.077,9.948,9.973,814097.65
2026-03-16T17:00:00,9.973,9.973,9.857,9.918,842701.98
2026-03-16T18:00:00,9.918,10.008,9.876,9.951,898432.61
2026-03-16T19:00:00,9.951,10.017,9.902,9.954,739467.61
2026-03-16T20:00:00,9.953,9.959,9.867,9.907,838752.3
2026-03-16T21:00:00,9.906,9.911,9.773,9.823,1012180.28
2026-03-16T22:00:00,9.823,9.853,9.713,9.764,735742.9
2026-03-16T23:00:00,9.764,9.788,9.677,9.724,471847.64
2026-03-17T00:00:00,9.723,9.788,9.683,9.743,424885.06
2026-03-17T01:00:00,9.744,9.843,9.744,9.793,434048.79
2026-03-17T02:00:00,9.792,9.829,9.756,9.767,433343.38
2026-03-17T03:00:00,9.768,9.803,9.731,9.763,466956.57
2026-03-17T04:00:00,9.763,9.782,9.722,9.746,377616.78
2026-03-17T05:00:00,9.747,9.804,9.739,9.757,370636.7
2026-03-17T06:00:00,9.757,9.793,9.71,9.725,435927.84
2026-03-17T07:00:00,9.724,9.83,9.718,9.778,652417.29
2026-03-17T08:00:00,9.778,9.866,9.748,9.861,714714.24
2026-03-17T09:00:00,9.862,9.931,9.736,9.794,748194.28
2026-03-17T10:00:00,9.795,9.862,9.784,9.827,437555.63
2026-03-17T11:00:00,9.827,9.886,9.81,9.878,374830.52
2026-03-17T12:00:00,9.878,9.911,9.855,9.885,345934.61
2026-03-17T13:00:00,9.885,9.888,9.795,9.799,369173.68
2026-03-17T14:00:00,9.8,9.842,9.769,9.835,351516.61
2026-03-17T15:00:00,9.835,9.902,9.833,9.88,309194.52
2026-03-17T16:00:00,9.879,9.907,9.796,9.848,380188.27
2026-03-17T17:00:00,9.847,9.858,9.776,9.786,290035.96
2026-03-17T18:00:00,9.787,9.815,9.748,9.812,419187.0
2026-03-17T19:00:00,9.813,9.854,9.793,9.8,299537.01
2026-03-17T20:00:00,9.8,9.875,9.797,9.843,272450.43
2026-03-17T21:00:00,9.843,9.922,9.833,9.884,365749.42
2026-03-17T22:00:00,9.885,9.892,9.816,9.833,279183.97
2026-03-17T23:00:00,9.833,9.874,9.778,9.792,490443.52
2026-03-18T00:00:00,9.792,9.856,9.792,9.807,280270.41
2026-03-18T01:00:00,9.807,9.813,9.774,9.808,319215.75
2026-03-18T02:00:00,9.809,9.85,9.808,9.845,378601.38
2026-03-18T03:00:00,9.845,9.879,9.807,9.828,718222.58
2026-03-18T04:00:00,9.829,9.832,9.729,9.754,489197.4
2026-03-18T05:00:00,9.753,9.781,9.52,9.551,1882999.05
2026-03-18T06:00:00,9.55,9.55,9.345,9.373,2060524.68
2026-03-18T07:00:00,9.374,9.416,9.323,9.389,1186221.84
2026-03-18T08:00:00,9.389,9.397,9.172,9.196,1241171.6
2026-03-18T09:00:00,9.195,9.232,9.118,9.2,1427253.53
2026-03-18T10:00:00,9.199,9.199,9.087,9.136,1068952.27
2026-03-18T11:00:00,9.136,9.257,9.123,9.223,590983.93
2026-03-18T12:00:00,9.223,9.305,9.15,9.177,848266.02
2026-03-18T13:00:00,9.177,9.24,9.158,9.165,403404.84
2026-03-18T14:00:00,9.165,9.223,9.076,9.211,930611.59
2026-03-18T15:00:00,9.21,9.257,9.203,9.239,390627.33
2026-03-18T16:00:00,9.239,9.242,9.184,9.208,208593.63
2026-03-18T17:00:00,9.207,9.235,9.178,9.222,356569.82
2026-03-18T18:00:00,9.223,9.237,9.195,9.205,333211.37
2026-03-18T19:00:00,9.205,9.219,9.176,9.195,260249.32
2026-03-18T20:00:00,9.195,9.22,9.157,9.187,295464.85
2026-03-18T21:00:00,9.187,9.335,9.187,9.248,642897.96
2026-03-18T22:00:00,9.247,9.256,9.176,9.181,435716.97
2026-03-18T23:00:00,9.182,9.2,9.148,9.163,281720.99
2026-03-19T00:00:00,9.164,9.202,9.137,9.152,416328.16
2026-03-19T01:00:00,9.152,9.16,9.03,9.09,1221280.07
2026-03-19T02:00:00,9.089,9.112,9.061,9.085,410896.09
2026-03-19T03:00:00,9.085,9.168,9.077,9.158,545744.98
2026-03-19T04:00:00,9.159,9.166,9.119,9.123,337891.91
2026-03-19T05:00:00,9.123,9.136,9.085,9.09,319406.65
2026-03-19T06:00:00,9.09,9.091,8.938,8.952,1095142.55
2026-03-19T07:00:00,8.953,9.008,8.887,8.988,1609961.87
2026-03-19T08:00:00,8.989,9.029,8.892,8.942,748943.12
2026-03-19T09:00:00,8.942,8.994,8.887,8.958,963981.72
2026-03-19T10:00:00,8.957,8.965,8.908,8.933,498819.33
2026-03-19T11:00:00,8.932,9.016,8.893,8.993,541220.55
2026-03-19T12:00:00,8.992,8.993,8.953,8.985,630342.82
2026-03-19T13:00:00,8.985,9.09,8.984,9.026,1020668.32
2026-03-19T14:00:00,9.026,9.077,9.016,9.049,299155.43
2026-03-19T15:00:00,9.049,9.094,9.044,9.078,434699.96
2026-03-19T16:00:00,9.077,9.08,9.006,9.045,349608.74
2026-03-19T17:00:00,9.045,9.068,9.006,9.041,322977.13
2026-03-19T18:00:00,9.041,9.088,9.033,9.073,328394.9
2026-03-19T19:00:00,9.073,9.157,9.072,9.113,566822.73
2026-03-19T20:00:00,9.114,9.117,9.043,9.087,299096.19
2026-03-19T21:00:00,9.087,9.134,9.079,9.115,233846.92
2026-03-19T22:00:00,9.115,9.145,9.073,9.121,253892.03
2026-03-19T23:00:00,9.12,9.148,9.093,9.113,342121.44
2026-03-20T00:00:00,9.112,9.113,9.069,9.076,351343.49
2026-03-20T01:00:00,9.075,9.131,9.026,9.109,402606.01
2026-03-20T02:00:00,9.109,9.209,9.097,9.147,717767.84
2026-03-20T03:00:00,9.147,9.147,9.059,9.094,509119.83
2026-03-20T04:00:00,9.094,9.129,9.055,9.099,395003.24
2026-03-20T05:00:00,9.098,9.147,9.051,9.082,480439.21
2026-03-20T06:00:00,9.083,9.122,9.048,9.068,306403.89
2026-03-20T07:00:00,9.069,9.115,8.997,9.012,778293.16
2026-03-20T08:00:00,9.012,9.084,8.981,8.996,787902.34
2026-03-20T09:00:00,8.996,9.033,8.965,9.021,604885.85
2026-03-20T10:00:00,9.021,9.061,8.99,9.022,446610.16
2026-03-20T11:00:00,9.022,9.041,8.956,9.036,422034.73
2026-03-20T12:00:00,9.036,9.041,8.956,8.993,383217.38
2026-03-20T13:00:00,8.993,9.046,8.952,9.036,414032.94
2026-03-20T14:00:00,9.037,9.051,8.975,9.023,367581.9
2026-03-20T15:00:00,9.023,9.122,9.0,9.097,390544.36
2026-03-20T16:00:00,9.097,9.161,9.097,9.13,286500.53
2026-03-20T17:00:00,9.13,9.134,9.085,9.107,188386.54
2026-03-20T18:00:00,9.108,9.154,9.106,9.129,307356.95
2026-03-20T19:00:00,9.129,9.173,9.117,9.123,235784.99
2026-03-20T20:00:00,9.123,9.161,9.104,9.151,200275.91
2026-03-20T21:00:00,9.151,9.163,9.121,9.124,230780.89
2026-03-20T22:00:00,9.124,9.149,9.1,9.101,188150.93
2026-03-20T23:00:00,9.101,9.138,9.101,9.113,216164.59
2026-03-21T00:00:00,9.112,9.132,9.105,9.124,183026.32
2026-03-21T01:00:00,9.123,9.139,9.116,9.122,259055.29
2026-03-21T02:00:00,9.123,9.13,9.101,9.128,193244.31
2026-03-21T03:00:00,9.127,9.161,9.125,9.136,231904.98
2026-03-21T04:00:00,9.135,9.137,9.086,9.097,297322.64
2026-03-21T05:00:00,9.096,9.107,9.087,9.102,147234.8
2026-03-21T06:00:00,9.101,9.113,9.092,9.1,150409.48
2026-03-21T07:00:00,9.1,9.107,9.078,9.093,197348.34
2026-03-21T08:00:00,9.093,9.14,9.058,9.065,635100.52
2026-03-21T09:00:00,9.064,9.104,9.048,9.101,403380.88
2026-03-21T10:00:00,9.101,9.105,9.054,9.061,289074.5
2026-03-21T11:00:00,9.061,9.079,9.044,9.064,179673.21
2026-03-21T12:00:00,9.065,9.083,9.054,9.055,215109.25
2026-03-21T13:00:00,9.055,9.071,9.038,9.065,557438.71
2026-03-21T14:00:00,9.065,9.102,9.06,9.097,246284.89
2026-03-21T15:00:00,9.098,9.104,9.076,9.08,175971.65
2026-03-21T16:00:00,9.081,9.084,9.063,9.072,117462.62
2026-03-21T17:00:00,9.072,9.072,8.758,8.819,2102054.62
2026-03-21T18:00:00,8.819,8.89,8.664,8.851,1706831.12
2026-03-21T19:00:00,8.851,8.884,8.804,8.843,447596.38
2026-03-21T20:00:00,8.844,8.925,8.83,8.89,396336.78
2026-03-21T21:00:00,8.89,8.968,8.861,8.901,470597.78
2026-03-21T22:00:00,8.902,8.943,8.88,8.925,377422.18
2026-03-21T23:00:00,8.924,8.93,8.89,8.89,264847.38
2026-03-22T00:00:00,8.891,8.895,8.865,8.882,259170.07
2026-03-22T01:00:00,8.882,8.899,8.832,8.837,267151.1
2026-03-22T02:00:00,8.837,8.841,8.768,8.824,544748.43
2026-03-22T03:00:00,8.824,8.86,8.797,8.819,357588.38
2026-03-22T04:00:00,8.819,8.822,8.762,8.771,283876.77
2026-03-22T05:00:00,8.77,8.78,8.741,8.75,353165.52
2026-03-22T06:00:00,8.75,8.825,8.75,8.788,291288.6
2026-03-22T07:00:00,8.789,8.833,8.757,8.789,330017.81
2026-03-22T08:00:00,8.789,8.818,8.758,8.767,227800.03
2026-03-22T09:00:00,8.767,8.801,8.762,8.792,263192.19
2026-03-22T10:00:00,8.792,8.803,8.768,8.779,334941.45
2026-03-22T11:00:00,8.779,8.789,8.763,8.765,220834.48
2026-03-22T12:00:00,8.764,8.786,8.712,8.762,487717.04
2026-03-22T13:00:00,8.761,8.763,8.682,8.703,666539.79
2026-03-22T14:00:00,8.704,8.745,8.674,8.692,297533.04
2026-03-22T15:00:00,8.693,8.701,8.569,8.655,1150483.71
2026-03-22T16:00:00,8.656,8.731,8.597,8.72,416656.95
2026-03-22T17:00:00,8.721,8.757,8.675,8.685,304239.5
2026-03-22T18:00:00,8.684,8.722,8.627,8.67,504881.59
2026-03-22T19:00:00,8.671,8.737,8.65,8.684,338317.55
2026-03-22T20:00:00,8.685,8.77,8.68,8.736,325648.04
2026-03-22T21:00:00,8.736,8.776,8.697,8.7,315397.91
2026-03-22T22:00:00,8.701,8.754,8.7,8.752,286368.32
2026-03-22T23:00:00,8.752,8.778,8.718,8.758,411052.52
2026-03-23T00:00:00,8.757,8.757,8.592,8.631,566105.38
2026-03-23T01:00:00,8.631,8.671,8.571,8.643,624958.65
2026-03-23T02:00:00,8.644,8.689,8.617,8.635,474112.77
2026-03-23T03:00:00,8.635,8.646,8.573,8.644,665194.96
2026-03-23T04:00:00,8.644,8.691,8.62,8.652,503574.2
2026-03-23T05:00:00,8.653,9.249,8.649,8.972,7448836.1
2026-03-23T06:00:00,8.972,9.065,8.902,9.031,1500209.07
2026-03-23T07:00:00,9.032,9.171,9.006,9.164,1447666.01
2026-03-23T08:00:00,9.164,9.245,9.14,9.224,1392709.55
2026-03-23T09:00:00,9.224,9.286,9.027,9.044,2318401.76
2026-03-23T10:00:00,9.043,9.111,8.989,9.056,1147625.33
2026-03-23T11:00:00,9.056,9.136,9.006,9.124,552161.27
2026-03-23T12:00:00,9.124,9.179,9.086,9.171,525945.65
2026-03-23T13:00:00,9.171,9.217,9.114,9.122,603246.42
2026-03-23T14:00:00,9.121,9.174,9.11,9.159,401302.6
2026-03-23T15:00:00,9.159,9.169,9.127,9.137,323735.13
2026-03-23T16:00:00,9.137,9.145,9.078,9.107,336063.26
2026-03-23T17:00:00,9.107,9.117,9.064,9.103,344404.74
2026-03-23T18:00:00,9.103,9.138,9.028,9.063,786471.23
2026-03-23T19:00:00,9.063,9.082,9.004,9.047,381898.03
2026-03-23T20:00:00,9.047,9.097,9.039,9.048,417762.97
2026-03-23T21:00:00,9.048,9.096,9.038,9.083,291291.48
2026-03-23T22:00:00,9.084,9.125,9.041,9.055,533975.21
2026-03-23T23:00:00,9.056,9.107,8.989,9.082,1102751.27
2026-03-24T00:00:00,9.081,9.136,9.073,9.132,388890.23
2026-03-24T01:00:00,9.133,9.258,9.125,9.24,826388.29
2026-03-24T02:00:00,9.24,9.256,9.19,9.2,669821.86
2026-03-24T03:00:00,9.2,9.255,9.161,9.248,576815.91
2026-03-24T04:00:00,9.248,9.251,9.206,9.231,403332.25
2026-03-24T05:00:00,9.231,9.253,9.168,9.241,635982.93
2026-03-24T06:00:00,9.241,9.247,9.2,9.217,466637.29
2026-03-24T07:00:00,9.217,9.239,9.083,9.117,1325545.85
2026-03-24T08:00:00,9.117,9.142,9.036,9.115,1347670.5
2026-03-24T09:00:00,9.116,9.173,9.104,9.111,464715.04
2026-03-24T10:00:00,9.111,9.16,9.071,9.091,458829.68
2026-03-24T11:00:00,9.091,9.106,9.007,9.047,630394.5
2026-03-24T12:00:00,9.046,9.125,9.035,9.069,433314.09
2026-03-24T13:00:00,9.069,9.111,9.05,9.057,229684.88
2026-03-24T14:00:00,9.056,9.243,9.053,9.199,656282.57
2026-03-24T15:00:00,9.199,9.227,9.154,9.215,566645.12
2026-03-24T16:00:00,9.215,9.25,9.171,9.196,456704.32
2026-03-24T17:00:00,9.196,9.267,9.19,9.246,373411.23
2026-03-24T18:00:00,9.247,9.312,9.212,9.267,561855.28
2026-03-24T19:00:00,9.267,9.284,9.232,9.241,428978.52
2026-03-24T20:00:00,9.242,9.249,9.203,9.208,481181.64
2026-03-24T21:00:00,9.208,9.248,9.172,9.24,396392.56
2026-03-24T22:00:00,9.239,9.275,9.226,9.266,221932.89
2026-03-24T23:00:00,9.265,9.336,9.254,9.299,623521.53
2026-03-25T00:00:00,9.299,9.354,9.287,9.307,577628.94
2026-03-25T01:00:00,9.307,9.358,9.28,9.284,463033.8
2026-03-25T02:00:00,9.284,9.418,9.284,9.361,704356.62
2026-03-25T03:00:00,9.361,9.398,9.341,9.385,340470.5
2026-03-25T04:00:00,9.385,9.399,9.371,9.375,242204.43
2026-03-25T05:00:00,9.374,9.461,9.357,9.413,654506.04
2026-03-25T06:00:00,9.413,9.466,9.339,9.426,813787.17
2026-03-25T07:00:00,9.427,9.493,9.411,9.441,667416.37
2026-03-25T08:00:00,9.441,9.457,9.39,9.394,612702.99
2026-03-25T09:00:00,9.395,9.413,9.287,9.363,918182.3
2026-03-25T10:00:00,9.362,9.47,9.335,9.421,668891.41
2026-03-25T11:00:00,9.421,9.44,9.321,9.347,599566.75
2026-03-25T12:00:00,9.347,9.377,9.296,9.321,433574.86
2026-03-25T13:00:00,9.321,9.366,9.312,9.346,289335.38
2026-03-25T14:00:00,9.347,9.349,9.276,9.313,408680.77
2026-03-25T15:00:00,9.314,9.34,9.295,9.319,322514.23
2026-03-25T16:00:00,9.318,9.405,9.312,9.375,407671.71
2026-03-25T17:00:00,9.375,9.393,9.351,9.372,208127.38
2026-03-25T18:00:00,9.373,9.387,9.345,9.368,291377.5
2026-03-25T19:00:00,9.368,9.382,9.338,9.345,205974.73
2026-03-25T20:00:00,9.344,9.347,9.232,9.264,513536.58
2026-03-25T21:00:00,9.264,9.269,9.215,9.248,372596.99
2026-03-25T22:00:00,9.248,9.249,9.215,9.222,236126.71
2026-03-25T23:00:00,9.222,9.225,9.086,9.098,1139079.95
2026-03-26T00:00:00,9.098,9.109,9.071,9.093,622765.27
2026-03-26T01:00:00,9.093,9.116,9.059,9.099,306190.57
2026-03-26T02:00:00,9.1,9.105,9.052,9.085,337056.07
2026-03-26T03:00:00,9.086,9.101,8.93,8.965,1117878.58
2026-03-26T04:00:00,8.965,8.978,8.929,8.97,614497.35
2026-03-26T05:00:00,8.971,8.99,8.915,8.939,664257.0
2026-03-26T06:00:00,8.94,8.956,8.92,8.948,485999.92
2026-03-26T07:00:00,8.949,9.025,8.93,8.989,760750.64
2026-03-26T08:00:00,8.989,9.018,8.922,8.953,450979.92
2026-03-26T09:00:00,8.952,8.953,8.849,8.927,863576.05
2026-03-26T10:00:00,8.928,8.933,8.897,8.903,407782.43
2026-03-26T11:00:00,8.904,8.947,8.841,8.856,622084.49
2026-03-26T12:00:00,8.855,8.876,8.806,8.847,642688.13
2026-03-26T13:00:00,8.847,8.851,8.805,8.828,314486.71
2026-03-26T14:00:00,8.828,8.979,8.816,8.906,1240344.81
2026-03-26T15:00:00,8.905,8.97,8.892,8.935,378721.86
2026-03-26T16:00:00,8.936,8.95,8.881,8.931,281755.65
2026-03-26T17:00:00,8.93,8.948,8.898,8.906,263482.75
2026-03-26T18:00:00,8.907,8.927,8.881,8.922,380615.5
2026-03-26T19:00:00,8.921,8.967,8.913,8.961,215241.53
2026-03-26T20:00:00,8.962,8.978,8.936,8.94,236993.3
2026-03-26T21:00:00,8.941,8.95,8.9,8.91,290037.06
2026-03-26T22:00:00,8.91,8.911,8.839,8.882,437039.39
2026-03-26T23:00:00,8.882,8.942,8.874,8.893,318680.99
2026-03-27T00:00:00,8.893,8.909,8.876,8.892,476280.96
2026-03-27T01:00:00,8.892,8.921,8.873,8.903,223702.14
2026-03-27T02:00:00,8.904,8.921,8.759,8.821,817602.66
2026-03-27T03:00:00,8.82,8.825,8.749,8.777,560660.41
2026-03-27T04:00:00,8.777,8.782,8.555,8.583,1818391.29
2026-03-27T05:00:00,8.584,8.614,8.542,8.589,838986.28
2026-03-27T06:00:00,8.589,8.591,8.537,8.571,554788.03
2026-03-27T07:00:00,8.572,8.616,8.518,8.554,806422.11
2026-03-27T08:00:00,8.553,8.594,8.518,8.58,919604.37
2026-03-27T09:00:00,8.581,8.679,8.565,8.605,1062351.56
2026-03-27T10:00:00,8.605,8.609,8.557,8.577,472049.65
2026-03-27T11:00:00,8.576,8.634,8.531,8.539,369453.19
2026-03-27T12:00:00,8.539,8.551,8.492,8.528,610202.22
2026-03-27T13:00:00,8.527,8.564,8.477,8.538,694208.04
2026-03-27T14:00:00,8.538,8.551,8.486,8.528,349478.58
2026-03-27T15:00:00,8.527,8.559,8.521,8.531,221096.3
2026-03-27T16:00:00,8.531,8.54,8.506,8.517,291520.13
2026-03-27T17:00:00,8.517,8.573,8.504,8.564,231395.46
2026-03-27T18:00:00,8.564,8.567,8.542,8.549,229829.68
2026-03-27T19:00:00,8.549,8.55,8.494,8.528,305323.1
2026-03-27T20:00:00,8.527,8.552,8.498,8.509,204067.51
2026-03-27T21:00:00,8.51,8.531,8.503,8.514,154952.68
2026-03-27T22:00:00,8.514,8.532,8.496,8.525,190199.38
2026-03-27T23:00:00,8.526,8.54,8.502,8.535,266904.59
2026-03-28T00:00:00,8.535,8.576,8.523,8.556,256210.24
2026-03-28T01:00:00,8.556,8.601,8.553,8.597,258195.39
2026-03-28T02:00:00,8.598,8.61,8.552,8.555,282015.73
2026-03-28T03:00:00,8.554,8.555,8.519,8.534,344168.7
2026-03-28T04:00:00,8.533,8.569,8.474,8.517,684278.04
2026-03-28T05:00:00,8.517,8.543,8.512,8.535,218884.34
2026-03-28T06:00:00,8.535,8.565,8.509,8.512,268142.17
2026-03-28T07:00:00,8.511,8.674,8.51,8.623,1314095.57
2026-03-28T08:00:00,8.623,8.65,8.583,8.605,779823.98
2026-03-28T09:00:00,8.605,8.693,8.595,8.636,528677.53
2026-03-28T10:00:00,8.637,8.643,8.617,8.632,296692.25
2026-03-28T11:00:00,8.631,8.65,8.589,8.6,368714.54
2026-03-28T12:00:00,8.599,8.616,8.593,8.597,159999.29
2026-03-28T13:00:00,8.596,8.603,8.577,8.599,155464.11
2026-03-28T14:00:00,8.599,8.62,8.597,8.605,151017.39
2026-03-28T15:00:00,8.605,8.609,8.537,8.552,210575.52
2026-03-28T16:00:00,8.551,8.574,8.539,8.57,218616.9
2026-03-28T17:00:00,8.569,8.569,8.364,8.428,2715380.52
2026-03-28T18:00:00,8.429,8.459,8.407,8.457,476528.07
2026-03-28T19:00:00,8.457,8.488,8.449,8.481,308467.37
2026-03-28T20:00:00,8.481,8.509,8.468,8.501,204387.91
2026-03-28T21:00:00,8.501,8.594,8.49,8.537,897077.88
2026-03-28T22:00:00,8.537,8.538,8.51,8.519,272348.37
2026-03-28T23:00:00,8.519,8.532,8.494,8.517,395250.34
2026-03-29T00:00:00,8.518,8.539,8.504,8.519,274619.22
2026-03-29T01:00:00,8.518,8.529,8.488,8.511,410801.47
2026-03-29T02:00:00,8.511,8.532,8.504,8.519,439217.93
2026-03-29T03:00:00,8.519,8.543,8.496,8.501,484170.27
2026-03-29T04:00:00,8.5,8.5,8.449,8.468,442608.0
2026-03-29T05:00:00,8.468,8.525,8.464,8.503,284069.2
2026-03-29T06:00:00,8.503,8.509,8.468,8.49,242812.4
2026-03-29T07:00:00,8.49,8.492,8.404,8.427,762304.68
2026-03-29T08:00:00,8.426,8.48,8.415,8.432,442680.48
2026-03-29T09:00:00,8.432,8.449,8.381,8.422,587399.81
2026-03-29T10:00:00,8.423,8.462,8.412,8.428,238895.13
2026-03-29T11:00:00,8.427,8.446,8.389,8.428,298853.56
2026-03-29T12:00:00,8.427,8.455,8.408,8.435,177694.24
2026-03-29T13:00:00,8.435,8.44,8.407,8.414,163645.72
2026-03-29T14:00:00,8.413,8.486,8.412,8.456,234306.07
2026-03-29T15:00:00,8.456,8.484,8.449,8.475,216349.34
2026-03-29T16:00:00,8.474,8.474,8.184,8.374,2374793.18
2026-03-29T17:00:00,8.373,8.444,8.364,8.409,775084.63
2026-03-29T18:00:00,8.41,8.565,8.394,8.475,1023122.02
2026-03-29T19:00:00,8.475,8.558,8.474,8.541,598581.53
2026-03-29T20:00:00,8.542,8.669,8.532,8.607,791461.22
2026-03-29T21:00:00,8.606,8.652,8.582,8.632,335843.24
2026-03-29T22:00:00,8.632,8.69,8.631,8.675,735087.66
2026-03-29T23:00:00,8.674,8.728,8.657,8.669,661866.9
2026-03-30T00:00:00,8.668,8.688,8.645,8.656,334496.86
2026-03-30T01:00:00,8.656,8.749,8.654,8.739,494219.29
2026-03-30T02:00:00,8.74,8.82,8.733,8.79,825662.34
2026-03-30T03:00:00,8.79,8.799,8.75,8.751,493826.74
2026-03-30T04:00:00,8.751,8.783,8.723,8.766,555517.62
2026-03-30T05:00:00,8.766,8.906,8.763,8.865,1070595.71
2026-03-30T06:00:00,8.865,8.915,8.865,8.881,878710.17
2026-03-30T07:00:00,8.881,8.927,8.826,8.843,994254.07
2026-03-30T08:00:00,8.843,8.885,8.772,8.873,833316.02
2026-03-30T09:00:00,8.873,8.887,8.795,8.826,677720.37
2026-03-30T10:00:00,8.826,8.838,8.776,8.81,946676.69
2026-03-30T11:00:00,8.809,8.832,8.681,8.712,717023.51
2026-03-30T12:00:00,8.712,8.717,8.621,8.651,871328.62
2026-03-30T13:00:00,8.651,8.652,8.565,8.622,653354.66
2026-03-30T14:00:00,8.622,8.651,8.614,8.632,362682.75
2026-03-30T15:00:00,8.631,8.723,8.619,8.677,359512.31
2026-03-30T16:00:00,8.677,8.692,8.623,8.637,385152.74
2026-03-30T17:00:00,8.638,8.638,8.58,8.622,423817.63
2026-03-30T18:00:00,8.621,8.673,8.593,8.652,568850.32
2026-03-30T19:00:00,8.652,8.855,8.631,8.788,860491.98
2026-03-30T20:00:00,8.788,8.821,8.762,8.777,334378.88
2026-03-30T21:00:00,8.778,8.789,8.737,8.745,333820.0
2026-03-30T22:00:00,8.745,8.775,8.718,8.728,376935.81
2026-03-30T23:00:00,8.728,8.772,8.693,8.755,324672.4
2026-03-31T00:00:00,8.755,8.759,8.707,8.732,261694.0
2026-03-31T01:00:00,8.733,8.737,8.665,8.707,457104.18
2026-03-31T02:00:00,8.706,8.715,8.626,8.633,646407.76
2026-03-31T03:00:00,8.633,8.648,8.498,8.525,957680.31
2026-03-31T04:00:00,8.524,8.576,8.517,8.56,436965.97
2026-03-31T05:00:00,8.561,8.631,8.544,8.611,719960.04
2026-03-31T06:00:00,8.611,8.667,8.595,8.631,449464.19
2026-03-31T07:00:00,8.631,8.77,8.629,8.742,671949.5
2026-03-31T08:00:00,8.742,8.806,8.585,8.62,1053757.24
2026-03-31T09:00:00,8.62,8.732,8.617,8.622,658912.64
2026-03-31T10:00:00,8.623,8.848,8.619,8.782,1236181.77
2026-03-31T11:00:00,8.781,8.888,8.744,8.764,967483.77
2026-03-31T12:00:00,8.764,8.837,8.764,8.792,388358.37
2026-03-31T13:00:00,8.792,8.806,8.749,8.772,291680.58
2026-03-31T14:00:00,8.771,8.814,8.763,8.796,371076.62
2026-03-31T15:00:00,8.797,8.8,8.737,8.764,220742.67
2026-03-31T16:00:00,8.764,8.771,8.706,8.739,252248.59
2026-03-31T17:00:00,8.739,8.789,8.729,8.777,319198.81
2026-03-31T18:00:00,8.778,8.826,8.745,8.819,416806.36
2026-03-31T19:00:00,8.819,8.826,8.744,8.757,479705.5
2026-03-31T20:00:00,8.757,8.786,8.735,8.756,338017.77
2026-03-31T21:00:00,8.756,8.83,8.756,8.816,312033.04
2026-03-31T22:00:00,8.816,8.858,8.79,8.839,275747.8
2026-03-31T23:00:00,8.839,8.947,8.817,8.907,712966.32
2026-04-01T00:00:00,8.908,9.107,8.908,9.089,1338829.92
2026-04-01T01:00:00,9.089,9.193,9.042,9.056,1231448.12
2026-04-01T02:00:00,9.056,9.101,9.042,9.057,771779.5
2026-04-01T03:00:00,9.057,9.061,8.982,9.043,808450.54
2026-04-01T04:00:00,9.044,9.056,9.0,9.022,354658.99
2026-04-01T05:00:00,9.023,9.036,9.001,9.017,310228.86
2026-04-01T06:00:00,9.017,9.089,8.978,8.989,894374.01
2026-04-01T07:00:00,8.989,9.025,8.913,8.949,708377.58
2026-04-01T08:00:00,8.949,9.0,8.928,8.993,498191.25
2026-04-01T09:00:00,8.993,9.007,8.941,9.002,492979.5
2026-04-01T10:00:00,9.001,9.066,8.949,9.047,634792.51
2026-04-01T11:00:00,9.046,9.136,8.979,9.002,808974.57
2026-04-01T12:00:00,9.002,9.02,8.951,8.956,383328.12
2026-04-01T13:00:00,8.958,9.023,8.956,9.014,295458.44
2026-04-01T14:00:00,9.015,9.025,8.94,8.969,406121.44
2026-04-01T15:00:00,8.969,9.037,8.968,9.005,319855.13
2026-04-01T16:00:00,9.005,9.013,8.933,8.941,313578.74
2026-04-01T17:00:00,8.942,8.96,8.921,8.939,250040.47
2026-04-01T18:00:00,8.939,9.006,8.927,8.997,424341.75
2026-04-01T19:00:00,8.997,8.997,8.667,8.737,2758557.81
2026-04-01T20:00:00,8.736,8.749,8.588,8.618,1158962.67
2026-04-01T21:00:00,8.618,8.632,8.516,8.56,1244726.47
2026-04-01T22:00:00,8.56,8.565,8.506,8.512,709023.78
2026-04-01T23:00:00,8.513,8.549,8.495,8.542,617598.84
2026-04-02T00:00:00,8.542,8.565,8.52,8.554,437223.59
2026-04-02T01:00:00,8.553,8.563,8.526,8.56,407283.69
2026-04-02T02:00:00,8.559,8.56,8.496,8.498,374957.69
2026-04-02T03:00:00,8.497,8.516,8.474,8.501,613492.79
2026-04-02T04:00:00,8.501,8.511,8.463,8.495,502349.61
2026-04-02T05:00:00,8.495,8.51,8.446,8.479,438662.39
2026-04-02T06:00:00,8.479,8.489,8.453,8.46,489987.68
2026-04-02T07:00:00,8.46,8.492,8.416,8.486,1014151.49
2026-04-02T08:00:00,8.487,8.64,8.47,8.605,1487222.91
2026-04-02T09:00:00,8.604,8.606,8.526,8.561,663697.91
2026-04-02T10:00:00,8.561,8.645,8.535,8.604,553404.33
2026-04-02T11:00:00,8.603,8.654,8.527,8.533,680159.78
2026-04-02T12:00:00,8.533,8.604,8.518,8.586,316242.4
2026-04-02T13:00:00,8.586,8.618,8.558,8.608,279123.78
2026-04-02T14:00:00,8.609,8.651,8.584,8.633,315695.74
2026-04-02T15:00:00,8.633,8.644,8.595,8.63,244745.35
2026-04-02T16:00:00,8.629,8.645,8.598,8.628,328763.69
2026-04-02T17:00:00,8.628,8.64,8.604,8.627,316953.93
2026-04-02T18:00:00,8.628,8.641,8.601,8.62,318047.78
2026-04-02T19:00:00,8.619,8.668,8.6,8.619,446664.98
2026-04-02T20:00:00,8.619,8.66,8.585,8.632,517408.63
2026-04-02T21:00:00,8.633,8.673,8.622,8.645,397443.65
2026-04-02T22:00:00,8.646,8.685,8.643,8.672,279257.62
2026-04-02T23:00:00,8.672,8.724,8.637,8.682,396762.65
2026-04-03T00:00:00,8.683,8.726,8.665,8.717,387514.43
2026-04-03T01:00:00,8.717,8.763,8.693,8.709,369852.53
2026-04-03T02:00:00,8.71,8.74,8.694,8.705,303360.08
2026-04-03T03:00:00,8.704,8.72,8.672,8.702,304738.55
2026-04-03T04:00:00,8.702,8.707,8.657,8.691,294758.32
2026-04-03T05:00:00,8.691,8.725,8.688,8.721,263085.3
2026-04-03T06:00:00,8.721,8.807,8.67,8.686,774078.04
2026-04-03T07:00:00,8.686,8.692,8.647,8.689,553826.42
2026-04-03T08:00:00,8.69,8.735,8.67,8.725,331618.58
2026-04-03T09:00:00,8.724,8.735,8.691,8.693,577850.06
2026-04-03T10:00:00,8.693,8.726,8.683,8.716,286487.19
2026-04-03T11:00:00,8.715,8.727,8.668,8.682,230615.74
2026-04-03T12:00:00,8.682,8.708,8.663,8.669,263558.28
2026-04-03T13:00:00,8.669,8.68,8.641,8.673,317220.6
2026-04-03T14:00:00,8.673,8.69,8.67,8.679,191807.38
2026-04-03T15:00:00,8.678,8.712,8.671,8.691,339154.85
2026-04-03T16:00:00,8.69,8.695,8.643,8.648,231191.43
2026-04-03T17:00:00,8.648,8.662,8.636,8.654,291796.43
2026-04-03T18:00:00,8.654,8.654,8.615,8.638,369713.88
2026-04-03T19:00:00,8.638,8.646,8.618,8.635,213577.77
2026-04-03T20:00:00,8.634,8.648,8.613,8.627,162951.82
2026-04-03T21:00:00,8.628,8.652,8.628,8.64,174220.77
2026-04-03T22:00:00,8.639,8.651,8.627,8.646,145608.53
2026-04-03T23:00:00,8.646,8.665,8.636,8.642,155204.1
2026-04-04T00:00:00,8.643,8.676,8.633,8.666,167224.14
2026-04-04T01:00:00,8.667,8.668,8.642,8.654,141666.61
2026-04-04T02:00:00,8.655,8.673,8.638,8.644,210083.25
2026-04-04T03:00:00,8.644,8.649,8.631,8.636,183382.05
2026-04-04T04:00:00,8.637,8.67,8.622,8.662,208682.0
2026-04-04T05:00:00,8.663,8.67,8.65,8.657,130738.93
2026-04-04T06:00:00,8.658,8.666,8.631,8.639,215064.91
2026-04-04T07:00:00,8.639,8.664,8.63,8.645,360962.64
2026-04-04T08:00:00,8.645,8.662,8.605,8.654,286742.61
2026-04-04T09:00:00,8.653,8.708,8.647,8.683,386779.01
2026-04-04T10:00:00,8.684,8.722,8.669,8.673,582804.24
2026-04-04T11:00:00,8.672,8.704,8.66,8.692,206790.46
2026-04-04T12:00:00,8.691,8.7,8.68,8.692,132661.45
2026-04-04T13:00:00,8.692,8.778,8.689,8.721,437821.22
2026-04-04T14:00:00,8.72,8.723,8.694,8.695,97848.33
2026-04-04T15:00:00,8.695,8.717,8.679,8.701,160705.74
2026-04-04T16:00:00,8.701,8.721,8.696,8.707,104627.38
2026-04-04T17:00:00,8.707,8.708,8.674,8.689,139272.57
2026-04-04T18:00:00,8.69,8.694,8.67,8.684,211653.87
2026-04-04T19:00:00,8.683,8.691,8.648,8.651,284742.11
2026-04-04T20:00:00,8.65,8.664,8.633,8.66,204879.83
2026-04-04T21:00:00,8.659,8.667,8.639,8.646,137036.09
2026-04-04T22:00:00,8.646,8.656,8.629,8.633,167023.38
2026-04-04T23:00:00,8.633,8.643,8.585,8.601,290749.72
2026-04-05T00:00:00,8.602,8.603,8.495,8.548,1014297.07
2026-04-05T01:00:00,8.548,8.568,8.516,8.527,378617.26
2026-04-05T02:00:00,8.526,8.553,8.52,8.539,443670.94
2026-04-05T03:00:00,8.539,8.56,8.536,8.547,224581.05
2026-04-05T04:00:00,8.547,8.576,8.534,8.535,177360.02
2026-04-05T05:00:00,8.535,8.548,8.528,8.542,119396.49
2026-04-05T06:00:00,8.542,8.542,8.471,8.497,505483.23
2026-04-05T07:00:00,8.497,8.53,8.477,8.529,359005.7
2026-04-05T08:00:00,8.529,8.557,8.517,8.545,215234.01
2026-04-05T09:00:00,8.544,8.678,8.518,8.595,866947.93
2026-04-05T10:00:00,8.596,8.614,8.577,8.585,241271.34
2026-04-05T11:00:00,8.585,8.622,8.569,8.618,181297.33
2026-04-05T12:00:00,8.618,8.63,8.59,8.611,162922.89
2026-04-05T13:00:00,8.612,8.643,8.592,8.62,188402.46
2026-04-05T14:00:00,8.62,8.664,8.611,8.649,235521.33
2026-04-05T15:00:00,8.65,8.65,8.582,8.606,223669.19
2026-04-05T16:00:00,8.605,8.722,8.559,8.706,802111.99
2026-04-05T17:00:00,8.706,8.872,8.692,8.82,1427068.66
2026-04-05T18:00:00,8.82,8.974,8.82,8.921,1386170.15
2026-04-05T19:00:00,8.921,8.941,8.873,8.884,694297.32
2026-04-05T20:00:00,8.885,9.026,8.882,8.975,913979.11
2026-04-05T21:00:00,8.976,8.991,8.917,8.927,463592.62
2026-04-05T22:00:00,8.927,8.957,8.913,8.948,383947.01
2026-04-05T23:00:00,8.949,8.964,8.926,8.952,564665.25
2026-04-06T00:00:00,8.953,8.998,8.905,8.922,700524.8
2026-04-06T01:00:00,8.923,8.983,8.899,8.959,521671.24
2026-04-06T02:00:00,8.96,9.019,8.953,8.975,613880.97
2026-04-06T03:00:00,8.975,9.153,8.975,9.081,1596319.87
2026-04-06T04:00:00,9.082,9.101,9.047,9.061,587257.35
2026-04-06T05:00:00,9.06,9.061,9.025,9.043,469406.91
2026-04-06T06:00:00,9.044,9.057,9.014,9.023,442751.49
2026-04-06T07:00:00,9.024,9.049,9.002,9.038,598492.4
2026-04-06T08:00:00,9.037,9.086,8.993,9.052,862064.92
2026-04-06T09:00:00,9.052,9.086,9.037,9.082,430133.81
2026-04-06T10:00:00,9.083,9.101,8.995,9.001,524764.71
2026-04-06T11:00:00,9.002,9.01,8.935,8.995,764582.34
2026-04-06T12:00:00,8.996,9.038,8.983,9.008,447358.02
2026-04-06T13:00:00,9.007,9.007,8.964,8.984,498270.08
2026-04-06T14:00:00,8.985,9.019,8.973,8.994,246844.94
2026-04-06T15:00:00,8.994,8.997,8.944,8.953,248238.9
2026-04-06T16:00:00,8.952,8.969,8.81,8.814,714587.9
2026-04-06T17:00:00,8.814,8.814,8.718,8.794,1172884.71
2026-04-06T18:00:00,8.794,8.844,8.781,8.808,609794.62
2026-04-06T19:00:00,8.808,8.833,8.738,8.752,349067.13
2026-04-06T20:00:00,8.751,8.788,8.722,8.777,362131.31
2026-04-06T21:00:00,8.776,8.793,8.768,8.787,202075.88
2026-04-06T22:00:00,8.786,8.826,8.754,8.801,296715.27
2026-04-06T23:00:00,8.802,8.804,8.753,8.767,240128.73
2026-04-07T00:00:00,8.767,8.767,8.724,8.754,301510.53
2026-04-07T01:00:00,8.755,8.778,8.74,8.76,228401.78
2026-04-07T02:00:00,8.761,8.834,8.76,8.819,520512.2
2026-04-07T03:00:00,8.82,8.895,8.819,8.858,484977.18
2026-04-07T04:00:00,8.858,8.87,8.688,8.697,945000.73
2026-04-07T05:00:00,8.697,8.708,8.666,8.676,583898.51
2026-04-07T06:00:00,8.676,8.718,8.614,8.683,1598214.1
2026-04-07T07:00:00,8.683,8.705,8.614,8.614,672306.77
2026-04-07T08:00:00,8.614,8.638,8.568,8.587,900132.06
2026-04-07T09:00:00,8.586,8.645,8.566,8.613,907383.94
2026-04-07T10:00:00,8.613,8.654,8.594,8.609,500375.8
2026-04-07T11:00:00,8.609,8.722,8.591,8.656,654073.14
2026-04-07T12:00:00,8.656,8.664,8.588,8.608,397600.17
2026-04-07T13:00:00,8.608,8.752,8.605,8.738,866097.98
2026-04-07T14:00:00,8.739,8.789,8.709,8.724,721987.24
2026-04-07T15:00:00,8.725,8.91,8.725,8.883,946210.47
2026-04-07T16:00:00,8.883,9.202,8.883,9.2,2364293.16
2026-04-07T17:00:00,9.2,9.417,9.2,9.285,2377383.54
2026-04-07T18:00:00,9.284,9.337,9.187,9.216,1122523.57
2026-04-07T19:00:00,9.216,9.253,9.191,9.223,437385.69
2026-04-07T20:00:00,9.224,9.279,9.184,9.199,453441.5
2026-04-07T21:00:00,9.199,9.22,9.171,9.176,355094.02
2026-04-07T22:00:00,9.177,9.252,9.177,9.217,465197.16
2026-04-07T23:00:00,9.218,9.258,9.216,9.232,325668.58
2026-04-08T00:00:00,9.233,9.25,9.2,9.228,345576.97
2026-04-08T01:00:00,9.228,9.269,9.206,9.251,531651.57
2026-04-08T02:00:00,9.252,9.271,9.222,9.249,305202.02
2026-04-08T03:00:00,9.249,9.268,9.193,9.208,352324.36
2026-04-08T04:00:00,9.209,9.235,9.183,9.183,308400.22
2026-04-08T05:00:00,9.182,9.217,9.143,9.182,592143.55
2026-04-08T06:00:00,9.183,9.212,9.156,9.2,578199.81
2026-04-08T07:00:00,9.201,9.265,9.132,9.149,1166130.95
2026-04-08T08:00:00,9.148,9.165,8.962,8.993,1369870.77
2026-04-08T09:00:00,8.993,9.041,8.975,9.026,1031306.96
2026-04-08T10:00:00,9.026,9.077,9.017,9.061,372937.24
2026-04-08T11:00:00,9.062,9.114,9.036,9.098,435878.92
2026-04-08T12:00:00,9.099,9.1,8.954,8.959,436890.26
2026-04-08T13:00:00,8.959,8.986,8.931,8.984,414006.52
2026-04-08T14:00:00,8.983,9.005,8.949,8.968,229287.44
2026-04-08T15:00:00,8.967,9.035,8.963,9.003,286406.11
2026-04-08T16:00:00,9.004,9.007,8.91,8.921,437925.49
2026-04-08T17:00:00,8.92,8.92,8.83,8.851,889879.38
2026-04-08T18:00:00,8.852,8.853,8.739,8.764,1013041.86
2026-04-08T19:00:00,8.763,8.768,8.683,8.748,1128699.05
2026-04-08T20:00:00,8.748,8.776,8.725,8.763,613537.54
2026-04-08T21:00:00,8.763,8.776,8.729,8.755,275719.56
2026-04-08T22:00:00,8.755,8.783,8.743,8.759,327303.59
2026-04-08T23:00:00,8.758,8.789,8.742,8.756,421833.29
2026-04-09T00:00:00,8.757,8.787,8.747,8.771,250021.57
2026-04-09T01:00:00,8.772,8.797,8.742,8.751,387522.41
2026-04-09T02:00:00,8.752,8.785,8.733,8.766,421575.79
2026-04-09T03:00:00,8.767,8.801,8.746,8.784,444366.94
2026-04-09T04:00:00,8.784,8.801,8.764,8.772,261521.42
2026-04-09T05:00:00,8.772,8.777,8.742,8.758,387637.87
2026-04-09T06:00:00,8.758,8.809,8.755,8.793,414408.89
2026-04-09T07:00:00,8.794,8.804,8.71,8.735,590821.59
2026-04-09T08:00:00,8.735,8.799,8.685,8.786,504446.96
2026-04-09T09:00:00,8.787,8.972,8.746,8.94,1301567.64
2026-04-09T10:00:00,8.94,8.989,8.86,8.936,877591.56
2026-04-09T11:00:00,8.936,9.017,8.927,9.006,671549.58
2026-04-09T12:00:00,9.007,9.016,8.921,8.96,677889.69
2026-04-09T13:00:00,8.961,9.035,8.945,9.002,428577.24
2026-04-09T14:00:00,9.003,9.037,8.987,9.012,372639.4
2026-04-09T15:00:00,9.012,9.072,9.005,9.031,398520.69
2026-04-09T16:00:00,9.032,9.183,9.015,9.015,893705.18
2026-04-09T17:00:00,9.016,9.02,8.925,8.943,664904.68
2026-04-09T18:00:00,8.942,8.964,8.902,8.954,493174.6
2026-04-09T19:00:00,8.953,9.003,8.882,8.941,493592.31
2026-04-09T20:00:00,8.941,8.978,8.928,8.938,221956.61
2026-04-09T21:00:00,8.938,8.954,8.896,8.91,310317.13
2026-04-09T22:00:00,8.911,8.982,8.907,8.959,256366.2
2026-04-09T23:00:00,8.959,8.992,8.94,8.958,214726.23
2026-04-10T00:00:00,8.958,8.983,8.903,8.92,269839.42
2026-04-10T01:00:00,8.921,8.936,8.883,8.895,341004.12
2026-04-10T02:00:00,8.896,8.937,8.875,8.901,434635.9
2026-04-10T03:00:00,8.901,8.967,8.901,8.961,489321.85
2026-04-10T04:00:00,8.961,8.962,8.926,8.933,223328.87
2026-04-10T05:00:00,8.934,9.016,8.93,8.982,452984.12
2026-04-10T06:00:00,8.982,9.045,8.96,9.005,746945.07
2026-04-10T07:00:00,9.005,9.042,8.968,9.024,423648.84
2026-04-10T08:00:00,9.023,9.143,9.006,9.121,1368833.34
2026-04-10T09:00:00,9.121,9.163,9.034,9.054,981050.54
2026-04-10T10:00:00,9.055,9.117,9.019,9.11,707371.49
2026-04-10T11:00:00,9.111,9.112,9.06,9.102,274974.74
2026-04-10T12:00:00,9.102,9.138,9.081,9.13,346644.77
2026-04-10T13:00:00,9.129,9.159,9.11,9.153,306876.94
2026-04-10T14:00:00,9.153,9.173,9.107,9.153,329518.84
2026-04-10T15:00:00,9.152,9.158,9.102,9.135,272684.27
2026-04-10T16:00:00,9.134,9.139,9.066,9.087,282319.42
2026-04-10T17:00:00,9.086,9.091,9.062,9.08,209367.69
2026-04-10T18:00:00,9.081,9.09,9.053,9.06,187800.0
2026-04-10T19:00:00,9.06,9.075,9.024,9.067,296251.28
2026-04-10T20:00:00,9.067,9.095,9.053,9.074,208965.32
2026-04-10T21:00:00,9.075,9.11,9.042,9.045,266112.04
2026-04-10T22:00:00,9.046,9.074,9.038,9.045,472822.73
2026-04-10T23:00:00,9.045,9.046,8.98,8.99,413258.53
2026-04-11T00:00:00,8.99,9.002,8.968,8.999,249306.77
2026-04-11T01:00:00,8.999,9.013,8.993,9.006,140146.67
2026-04-11T02:00:00,9.006,9.019,8.992,8.994,156180.26
2026-04-11T03:00:00,8.993,9.047,8.99,9.023,296693.48
2026-04-11T04:00:00,9.023,9.029,8.992,9.001,182333.94
2026-04-11T05:00:00,9.001,9.014,8.984,9.008,149499.13
2026-04-11T06:00:00,9.008,9.025,8.99,9.005,170379.86
2026-04-11T07:00:00,9.005,9.005,8.944,8.983,436246.68
2026-04-11T08:00:00,8.982,9.0,8.963,8.984,225125.34
2026-04-11T09:00:00,8.983,9.043,8.975,9.021,331885.63
2026-04-11T10:00:00,9.021,9.12,9.016,9.089,520634.5
2026-04-11T11:00:00,9.089,9.105,9.067,9.075,286199.61
2026-04-11T12:00:00,9.075,9.232,9.055,9.199,844774.41
2026-04-11T13:00:00,9.198,9.286,9.191,9.26,689242.49
2026-04-11T14:00:00,9.261,9.27,9.158,9.185,453181.04
2026-04-11T15:00:00,9.184,9.194,9.138,9.169,349073.97
2026-04-11T16:00:00,9.168,9.215,9.116,9.133,350043.03
2026-04-11T17:00:00,9.132,9.132,9.037,9.065,496677.03
2026-04-11T18:00:00,9.066,9.068,9.031,9.059,350025.96
2026-04-11T19:00:00,9.059,9.077,8.751,8.784,1958068.21
2026-04-11T20:00:00,8.784,8.841,8.739,8.831,972338.69
2026-04-11T21:00:00,8.83,8.842,8.786,8.788,396066.05
2026-04-11T22:00:00,8.787,8.796,8.76,8.769,364576.67
2026-04-11T23:00:00,8.769,8.798,8.752,8.789,271198.04
2026-04-12T00:00:00,8.789,8.808,8.777,8.781,274600.03
2026-04-12T01:00:00,8.78,8.809,8.761,8.791,379035.59
2026-04-12T02:00:00,8.791,8.81,8.784,8.795,204783.21
2026-04-12T03:00:00,8.795,8.797,8.774,8.78,253888.48
2026-04-12T04:00:00,8.781,8.8,8.742,8.756,309879.08
2026-04-12T05:00:00,8.757,8.792,8.745,8.781,207282.83
2026-04-12T06:00:00,8.78,8.822,8.753,8.754,862279.02
2026-04-12T07:00:00,8.753,8.784,8.724,8.728,558304.79
2026-04-12T08:00:00,8.727,8.752,8.691,8.704,540934.81
2026-04-12T09:00:00,8.704,8.724,8.679,8.71,303241.0
2026-04-12T10:00:00,8.71,8.727,8.695,8.719,249513.58
2026-04-12T11:00:00,8.72,8.786,8.717,8.776,343385.74
2026-04-12T12:00:00,8.777,8.799,8.756,8.761,278705.06
2026-04-12T13:00:00,8.761,8.78,8.756,8.758,144054.75
2026-04-12T14:00:00,8.758,8.834,8.736,8.821,417546.92
2026-04-12T15:00:00,8.821,8.839,8.792,8.823,233039.82
2026-04-12T16:00:00,8.822,8.823,8.706,8.758,617728.05
2026-04-12T17:00:00,8.758,8.758,8.707,8.729,409194.46
2026-04-12T18:00:00,8.73,8.799,8.716,8.785,368111.13
2026-04-12T19:00:00,8.784,8.82,8.781,8.815,285276.45
2026-04-12T20:00:00,8.815,8.833,8.785,8.788,332267.79
2026-04-12T21:00:00,8.788,8.791,8.751,8.776,436575.39
2026-04-12T22:00:00,8.775,8.792,8.739,8.749,234954.48
2026-04-12T23:00:00,8.748,8.753,8.72,8.746,359603.05
2026-04-13T00:00:00,8.745,8.808,8.741,8.779,415176.46
2026-04-13T01:00:00,8.779,8.785,8.706,8.725,583044.98
2026-04-13T02:00:00,8.724,8.738,8.69,8.707,333251.9
2026-04-13T03:00:00,8.707,8.752,8.707,8.731,333113.82
2026-04-13T04:00:00,8.73,8.73,8.692,8.698,248695.32
2026-04-13T05:00:00,8.699,8.732,8.698,8.725,494183.22
2026-04-13T06:00:00,8.724,8.778,8.678,8.753,781829.59
2026-04-13T07:00:00,8.753,8.853,8.713,8.843,1013781.36
2026-04-13T08:00:00,8.843,8.913,8.762,8.908,1368093.34
2026-04-13T09:00:00,8.907,8.912,8.777,8.819,788708.25
2026-04-13T10:00:00,8.819,8.902,8.772,8.887,808026.63
2026-04-13T11:00:00,8.887,8.959,8.864,8.87,765628.07
2026-04-13T12:00:00,8.87,8.899,8.83,8.895,397148.67
2026-04-13T13:00:00,8.895,9.035,8.876,9.017,877699.62
2026-04-13T14:00:00,9.018,9.029,8.953,8.964,575617.94
2026-04-13T15:00:00,8.964,9.016,8.95,8.997,293418.53
2026-04-13T16:00:00,8.997,9.359,8.993,9.327,2448298.38
2026-04-13T17:00:00,9.327,9.435,9.287,9.359,1644579.52
2026-04-13T18:00:00,9.359,9.386,9.215,9.22,1270443.62
2026-04-13T19:00:00,9.22,9.262,9.175,9.239,866022.99
2026-04-13T20:00:00,9.24,9.268,9.22,9.237,349081.12
2026-04-13T21:00:00,9.238,9.238,9.205,9.214,366435.53
2026-04-13T22:00:00,9.215,9.234,9.202,9.217,805050.31
2026-04-13T23:00:00,9.217,9.22,9.13,9.145,381459.58
2026-04-14T00:00:00,9.146,9.208,9.145,9.198,291590.84
2026-04-14T01:00:00,9.199,9.244,9.178,9.213,460190.25
2026-04-14T02:00:00,9.214,9.252,9.183,9.22,382257.56
2026-04-14T03:00:00,9.221,9.234,9.194,9.212,347743.02
2026-04-14T04:00:00,9.211,9.212,9.163,9.176,257192.32
2026-04-14T05:00:00,9.175,9.2,9.158,9.171,245842.42
2026-04-14T06:00:00,9.171,9.173,9.103,9.116,669895.96
2026-04-14T07:00:00,9.117,9.237,9.112,9.235,814586.99
2026-04-14T08:00:00,9.236,9.293,9.133,9.135,1291287.22
2026-04-14T09:00:00,9.134,9.162,9.06,9.126,1135350.7
2026-04-14T10:00:00,9.125,9.175,9.036,9.065,571578.91
2026-04-14T11:00:00,9.064,9.114,9.023,9.085,491895.04
2026-04-14T12:00:00,9.085,9.112,8.941,8.97,807219.62
2026-04-14T13:00:00,8.969,9.011,8.922,8.983,585260.08
2026-04-14T14:00:00,8.983,9.017,8.963,9.0,338416.1
2026-04-14T15:00:00,9.0,9.046,8.993,9.037,257987.51
2026-04-14T16:00:00,9.037,9.052,8.974,8.992,341344.97
2026-04-14T17:00:00,8.992,9.03,8.986,9.014,255914.7
2026-04-14T18:00:00,9.014,9.075,9.011,9.048,368896.94
2026-04-14T19:00:00,9.048,9.106,9.033,9.077,335935.85
2026-04-14T20:00:00,9.077,9.094,9.021,9.055,309545.28
2026-04-14T21:00:00,9.055,9.068,9.033,9.066,176698.41
2026-04-14T22:00:00,9.067,9.094,9.053,9.083,263996.56
2026-04-14T23:00:00,9.083,9.109,9.014,9.038,321873.71
2026-04-15T00:00:00,9.037,9.04,9.015,9.028,187001.23
2026-04-15T01:00:00,9.029,9.047,8.988,9.01,414121.6
2026-04-15T02:00:00,9.011,9.09,8.999,9.067,265954.69
2026-04-15T03:00:00,9.066,9.077,9.035,9.057,238830.67
2026-04-15T04:00:00,9.058,9.108,9.034,9.056,348740.7
2026-04-15T05:00:00,9.056,9.153,9.055,9.134,427778.73
2026-04-15T06:00:00,9.133,9.18,9.111,9.159,389940.01
2026-04-15T07:00:00,9.158,9.169,9.1,9.141,560937.88
2026-04-15T08:00:00,9.141,9.207,9.123,9.203,529552.01
2026-04-15T09:00:00,9.203,9.246,9.123,9.158,811053.53
2026-04-15T10:00:00,9.158,9.22,9.148,9.2,471698.48
2026-04-15T11:00:00,9.201,9.258,9.194,9.238,528107.17
2026-04-15T12:00:00,9.238,9.282,9.225,9.279,468800.29
2026-04-15T13:00:00,9.279,9.37,9.262,9.323,988698.36
2026-04-15T14:00:00,9.323,9.329,9.253,9.278,412358.81
2026-04-15T15:00:00,9.277,9.3,9.237,9.291,340632.48
2026-04-15T16:00:00,9.29,9.353,9.267,9.273,397959.52
2026-04-15T17:00:00,9.272,9.272,9.217,9.258,389214.25
2026-04-15T18:00:00,9.259,9.268,9.207,9.26,308056.53
2026-04-15T19:00:00,9.26,9.26,9.201,9.238,183802.47
2026-04-15T20:00:00,9.237,9.331,9.237,9.277,415158.8
2026-04-15T21:00:00,9.277,9.31,9.267,9.277,290402.55
2026-04-15T22:00:00,9.277,9.344,9.264,9.296,345609.75
2026-04-15T23:00:00,9.296,9.359,9.283,9.301,486663.33
2026-04-16T00:00:00,9.302,9.311,9.261,9.289,252642.63
2026-04-16T01:00:00,9.289,9.333,9.251,9.291,789173.56
2026-04-16T02:00:00,9.291,9.316,9.265,9.278,345098.56
2026-04-16T03:00:00,9.277,9.327,9.253,9.257,400211.48
2026-04-16T04:00:00,9.257,9.266,9.207,9.245,579202.59
2026-04-16T05:00:00,9.245,9.286,9.233,9.283,216614.87
2026-04-16T06:00:00,9.282,9.36,9.281,9.325,660470.08
2026-04-16T07:00:00,9.326,9.432,9.147,9.245,1960566.0
2026-04-16T08:00:00,9.244,9.259,9.122,9.23,1270629.15
2026-04-16T09:00:00,9.229,9.464,9.216,9.453,1584683.87
2026-04-16T10:00:00,9.452,9.486,9.3,9.338,1166242.68
2026-04-16T11:00:00,9.339,9.43,9.31,9.411,646294.47
2026-04-16T12:00:00,9.411,9.61,9.371,9.583,1389553.08
2026-04-16T13:00:00,9.583,9.652,9.543,9.642,678101.73
2026-04-16T14:00:00,9.643,9.677,9.489,9.533,755668.03
2026-04-16T15:00:00,9.533,9.566,9.461,9.531,562721.77
2026-04-16T16:00:00,9.532,9.579,9.47,9.506,666721.36
2026-04-16T17:00:00,9.506,9.603,9.502,9.596,508577.11
2026-04-16T18:00:00,9.595,9.612,9.499,9.518,591322.62
2026-04-16T19:00:00,9.519,9.532,9.417,9.453,422654.32
2026-04-16T20:00:00,9.454,9.472,9.389,9.434,398381.25
2026-04-16T21:00:00,9.435,9.446,9.402,9.411,259017.37
2026-04-16T22:00:00,9.412,9.441,9.397,9.404,434548.12
2026-04-16T23:00:00,9.405,9.406,9.334,9.339,486356.39
2026-04-17T00:00:00,9.34,9.422,9.334,9.409,340967.57
2026-04-17T01:00:00,9.41,9.467,9.409,9.467,400967.09
2026-04-17T02:00:00,9.468,9.562,9.457,9.533,540766.24
2026-04-17T03:00:00,9.533,9.604,9.483,9.554,711949.77
2026-04-17T04:00:00,9.555,9.574,9.45,9.494,535739.96
2026-04-17T05:00:00,9.494,9.564,9.491,9.516,423518.65
2026-04-17T06:00:00,9.517,9.639,9.455,9.61,1210131.52
2026-04-17T07:00:00,9.611,9.802,9.585,9.785,1868065.04
2026-04-17T08:00:00,9.786,9.865,9.762,9.811,1075101.53
2026-04-17T09:00:00,9.811,9.812,9.71,9.747,598394.83
2026-04-17T10:00:00,9.747,9.829,9.739,9.819,534691.08
2026-04-17T11:00:00,9.82,9.823,9.662,9.731,826827.96
2026-04-17T12:00:00,9.73,9.743,9.626,9.65,498955.98
2026-04-17T13:00:00,9.65,9.698,9.625,9.665,301777.51
2026-04-17T14:00:00,9.666,9.687,9.597,9.646,315375.26
2026-04-17T15:00:00,9.646,9.668,9.596,9.654,316562.65
2026-04-17T16:00:00,9.654,9.706,9.631,9.66,376913.77
2026-04-17T17:00:00,9.66,9.66,9.576,9.607,395617.36
2026-04-17T18:00:00,9.607,9.633,9.574,9.614,255347.62
2026-04-17T19:00:00,9.615,9.647,9.564,9.587,291611.73
2026-04-17T20:00:00,9.587,9.622,9.555,9.607,204574.39
2026-04-17T21:00:00,9.606,9.615,9.539,9.557,280880.14
2026-04-17T22:00:00,9.557,9.584,9.542,9.565,235706.34
2026-04-17T23:00:00,9.565,9.612,9.564,9.597,195887.08
2026-04-18T00:00:00,9.598,9.626,9.577,9.61,255946.99
2026-04-18T01:00:00,9.61,9.618,9.591,9.598,204825.47
2026-04-18T02:00:00,9.599,9.6,9.442,9.493,1223482.1
2026-04-18T03:00:00,9.493,9.501,9.43,9.472,644638.36
2026-04-18T04:00:00,9.473,9.474,9.385,9.405,819657.54
2026-04-18T05:00:00,9.404,9.408,9.332,9.397,862338.01
2026-04-18T06:00:00,9.397,9.445,9.358,9.371,854956.23
2026-04-18T07:00:00,9.371,9.382,9.306,9.37,981454.53
2026-04-18T08:00:00,9.37,9.406,9.349,9.403,278134.1
2026-04-18T09:00:00,9.402,9.432,9.366,9.379,261490.8
2026-04-18T10:00:00,9.378,9.413,9.332,9.363,462323.21
2026-04-18T11:00:00,9.362,9.383,9.329,9.361,282715.44
2026-04-18T12:00:00,9.36,9.37,9.25,9.268,783106.83
2026-04-18T13:00:00,9.268,9.308,9.255,9.276,384884.76
2026-04-18T14:00:00,9.276,9.317,9.258,9.301,313968.2
2026-04-18T15:00:00,9.302,9.321,9.291,9.32,192573.35
2026-04-18T16:00:00,9.319,9.321,9.28,9.315,190419.83
2026-04-18T17:00:00,9.316,9.342,9.284,9.292,174377.56
