timestamp,open,high,low,close,volume
2026-01-18T18:00:00,137.79,137.79,129.82,133.72,8718793.61
2026-01-18T19:00:00,133.71,134.39,133.36,133.73,1099436.44
2026-01-18T20:00:00,133.73,134.04,133.4,133.75,624782.34
2026-01-18T21:00:00,133.74,134.06,133.53,133.85,566937.77
2026-01-18T22:00:00,133.85,134.0,133.46,133.62,364431.97
2026-01-18T23:00:00,133.62,133.93,133.26,133.29,913681.35
2026-01-19T00:00:00,133.28,133.37,132.64,133.21,797101.16
2026-01-19T01:00:00,133.21,133.52,133.12,133.39,392468.18
2026-01-19T02:00:00,133.39,133.99,133.2,133.8,731714.48
2026-01-19T03:00:00,133.8,134.0,133.47,133.66,493556.31
2026-01-19T04:00:00,133.67,133.79,133.45,133.73,284740.13
2026-01-19T05:00:00,133.73,134.32,133.56,134.05,543294.68
2026-01-19T06:00:00,134.05,134.14,133.64,134.07,575481.06
2026-01-19T07:00:00,134.07,134.08,133.52,133.67,426665.78
2026-01-19T08:00:00,133.67,133.73,133.2,133.44,530007.27
2026-01-19T09:00:00,133.44,133.87,133.35,133.47,589544.22
2026-01-19T10:00:00,133.48,134.6,133.4,134.39,641033.22
2026-01-19T11:00:00,134.39,134.46,134.0,134.21,504921.59
2026-01-19T12:00:00,134.2,134.35,133.81,134.19,293841.36
2026-01-19T13:00:00,134.18,134.65,134.16,134.38,240882.38
2026-01-19T14:00:00,134.37,135.1,134.37,134.62,449356.2
2026-01-19T15:00:00,134.61,134.91,134.0,134.03,313201.38
2026-01-19T16:00:00,134.02,134.15,132.7,132.89,844793.42
2026-01-19T17:00:00,132.89,133.88,132.69,133.38,748559.52
2026-01-19T18:00:00,133.38,133.9,133.0,133.67,606665.49
2026-01-19T19:00:00,133.66,134.23,133.22,133.8,418809.85
2026-01-19T20:00:00,133.81,134.1,133.28,133.79,441968.81
2026-01-19T21:00:00,133.78,134.6,133.43,134.21,776357.74
2026-01-19T22:00:00,134.2,134.21,133.13,133.34,768718.9
2026-01-19T23:00:00,133.35,133.48,132.33,132.97,1058725.08
2026-01-20T00:00:00,132.97,132.98,131.0,131.17,1962104.05
2026-01-20T01:00:00,131.16,131.7,130.51,130.56,995995.05
2026-01-20T02:00:00,130.57,130.73,128.27,129.03,3477529.52
2026-01-20T03:00:00,129.03,129.15,128.5,128.85,902134.68
2026-01-20T04:00:00,128.85,129.28,128.68,128.83,749252.59
2026-01-20T05:00:00,128.84,129.42,128.64,128.73,711308.22
2026-01-20T06:00:00,128.73,129.39,128.65,129.26,590335.74
2026-01-20T07:00:00,129.26,129.28,128.3,128.37,1085607.72
2026-01-20T08:00:00,128.36,129.73,127.75,128.79,2345202.97
2026-01-20T09:00:00,128.79,128.89,127.15,127.78,2612942.25
2026-01-20T10:00:00,127.77,128.52,126.2,127.0,2152761.52
2026-01-20T11:00:00,127.0,127.9,126.3,126.92,1373069.32
2026-01-20T12:00:00,126.92,127.67,126.79,126.93,807172.15
2026-01-20T13:00:00,126.92,127.49,126.54,127.18,609500.13
2026-01-20T14:00:00,127.18,128.03,126.93,127.77,981499.71
2026-01-20T15:00:00,127.77,127.9,126.87,126.87,391440.02
2026-01-20T16:00:00,126.88,127.42,124.25,126.03,1562923.98
2026-01-20T17:00:00,126.02,126.43,125.51,125.72,829773.38
2026-01-20T18:00:00,125.72,127.45,125.66,127.23,887798.45
2026-01-20T19:00:00,127.23,127.82,127.12,127.29,701172.9
2026-01-20T20:00:00,127.29,127.73,126.7,126.88,555601.98
2026-01-20T21:00:00,126.87,127.79,126.82,127.54,592207.86
2026-01-20T22:00:00,127.54,127.97,127.39,127.69,384603.47
2026-01-20T23:00:00,127.7,128.68,127.66,128.43,636354.52
2026-01-21T00:00:00,128.43,128.55,127.91,128.16,453328.85
2026-01-21T01:00:00,128.16,128.39,127.4,127.53,672538.03
2026-01-21T02:00:00,127.52,127.62,126.9,127.1,592365.8
2026-01-21T03:00:00,127.1,127.71,126.97,127.4,563551.4
2026-01-21T04:00:00,127.4,128.14,127.34,127.66,401750.24
2026-01-21T05:00:00,127.67,127.86,126.73,126.87,711510.4
2026-01-21T06:00:00,126.87,127.39,126.09,127.35,1594025.68
2026-01-21T07:00:00,127.35,127.58,126.74,127.04,796826.52
2026-01-21T08:00:00,127.04,129.69,126.9,129.47,2547843.95
2026-01-21T09:00:00,129.47,131.13,129.29,130.38,2311846.68
2026-01-21T10:00:00,130.37,130.39,125.42,125.52,3268540.57
2026-01-21T11:00:00,125.51,127.0,125.17,126.85,2192237.61
2026-01-21T12:00:00,126.86,127.81,126.28,127.55,1192182.1
2026-01-21T13:00:00,127.55,131.64,127.11,131.46,2760529.64
2026-01-21T14:00:00,131.46,131.6,129.97,131.09,1331140.12
2026-01-21T15:00:00,131.09,132.09,130.7,130.99,748340.0
2026-01-21T16:00:00,131.0,131.7,130.51,130.54,501256.64
2026-01-21T17:00:00,130.54,130.98,129.08,129.48,748497.25
2026-01-21T18:00:00,129.48,130.27,129.47,129.93,532231.44
2026-01-21T19:00:00,129.92,130.55,129.81,130.15,414820.64
2026-01-21T20:00:00,130.15,130.53,129.64,129.72,357353.21
2026-01-21T21:00:00,129.72,130.22,129.45,129.77,318799.95
2026-01-21T22:00:00,129.77,130.42,129.72,130.28,262441.27
2026-01-21T23:00:00,130.28,130.37,129.88,130.04,176677.84
2026-01-22T00:00:00,130.04,130.4,129.66,130.29,328424.94
2026-01-22T01:00:00,130.28,130.37,129.68,129.72,236192.93
2026-01-22T02:00:00,129.73,130.04,129.26,129.87,418900.65
2026-01-22T03:00:00,129.87,130.2,129.53,130.1,358711.47
2026-01-22T04:00:00,130.1,130.3,129.93,130.08,232407.15
2026-01-22T05:00:00,130.09,130.27,129.63,130.04,445684.82
2026-01-22T06:00:00,130.04,130.38,129.9,130.01,305790.45
2026-01-22T07:00:00,130.0,130.89,129.01,129.3,1147776.88
2026-01-22T08:00:00,129.29,129.46,127.76,127.83,1962113.49
2026-01-22T09:00:00,127.83,128.46,126.66,127.32,2068446.9
2026-01-22T10:00:00,127.32,128.24,126.82,127.81,1171428.32
2026-01-22T11:00:00,127.81,128.75,127.46,128.62,639498.3
2026-01-22T12:00:00,128.61,128.72,127.53,127.66,556472.02
2026-01-22T13:00:00,127.66,129.3,127.39,129.18,855635.09
2026-01-22T14:00:00,129.18,129.7,128.25,128.42,769675.65
2026-01-22T15:00:00,128.42,129.0,128.14,128.24,384303.26
2026-01-22T16:00:00,128.25,128.71,127.95,128.65,290221.67
2026-01-22T17:00:00,128.64,128.66,128.05,128.41,247279.64
2026-01-22T18:00:00,128.42,128.45,128.0,128.28,211221.84
2026-01-22T19:00:00,128.28,128.87,128.2,128.82,286302.91
2026-01-22T20:00:00,128.83,128.9,128.11,128.11,308158.58
2026-01-22T21:00:00,128.11,128.71,128.07,128.7,214812.1
2026-01-22T22:00:00,128.69,129.24,128.53,129.05,579467.59
2026-01-22T23:00:00,129.06,129.06,128.3,128.6,401782.38
2026-01-23T00:00:00,128.6,129.09,127.16,127.43,1019030.97
2026-01-23T01:00:00,127.43,128.03,127.43,127.84,449300.65
2026-01-23T02:00:00,127.84,127.93,126.87,127.04,530889.3
2026-01-23T03:00:00,127.04,127.32,126.84,127.0,417234.74
2026-01-23T04:00:00,127.0,127.42,126.94,127.21,350210.55
2026-01-23T05:00:00,127.21,127.68,127.15,127.45,294396.84
2026-01-23T06:00:00,127.46,127.46,127.08,127.11,273791.34
2026-01-23T07:00:00,127.11,127.35,126.65,126.77,495791.95
2026-01-23T08:00:00,126.77,127.31,125.22,126.04,1885474.6
2026-01-23T09:00:00,126.05,128.05,125.43,127.84,1447515.14
2026-01-23T10:00:00,127.85,129.12,127.37,128.38,1653664.14
2026-01-23T11:00:00,128.38,130.15,127.8,128.35,1570096.37
2026-01-23T12:00:00,128.36,129.51,128.18,128.98,862082.69
2026-01-23T13:00:00,128.98,129.06,127.59,128.01,1162493.2
2026-01-23T14:00:00,128.02,128.21,126.47,126.9,1120535.49
2026-01-23T15:00:00,126.9,127.5,126.82,127.06,318806.45
2026-01-23T16:00:00,127.07,127.82,127.04,127.6,235421.81
2026-01-23T17:00:00,127.6,127.6,127.18,127.36,196370.27
2026-01-23T18:00:00,127.37,127.68,127.3,127.32,193288.58
2026-01-23T19:00:00,127.33,127.49,127.22,127.48,136834.05
2026-01-23T20:00:00,127.48,127.72,127.41,127.64,186201.62
2026-01-23T21:00:00,127.65,128.05,127.52,127.82,267181.21
2026-01-23T22:00:00,127.82,128.04,127.62,127.77,171111.65
2026-01-23T23:00:00,127.78,127.82,127.56,127.73,102025.4
2026-01-24T00:00:00,127.73,127.76,127.46,127.58,93799.33
2026-01-24T01:00:00,127.57,127.61,127.0,127.05,299187.3
2026-01-24T02:00:00,127.06,127.34,126.93,127.3,228942.73
2026-01-24T03:00:00,127.3,127.31,126.94,127.05,172885.85
2026-01-24T04:00:00,127.05,127.2,126.86,127.13,173152.95
2026-01-24T05:00:00,127.13,127.34,127.05,127.12,169393.81
2026-01-24T06:00:00,127.12,127.32,127.02,127.24,154101.19
2026-01-24T07:00:00,127.25,127.25,126.86,126.87,192837.54
2026-01-24T08:00:00,126.86,127.21,126.75,127.11,300362.62
2026-01-24T09:00:00,127.11,127.34,126.72,126.78,260514.8
2026-01-24T10:00:00,126.77,127.06,126.56,126.93,294690.9
2026-01-24T11:00:00,126.94,127.21,126.88,127.18,175660.15
2026-01-24T12:00:00,127.18,127.39,127.1,127.3,168665.63
2026-01-24T13:00:00,127.31,127.43,127.16,127.22,177746.9
2026-01-24T14:00:00,127.21,127.42,127.19,127.21,90575.53
2026-01-24T15:00:00,127.22,127.27,127.02,127.08,121967.39
2026-01-24T16:00:00,127.09,127.65,127.07,127.55,226735.3
2026-01-24T17:00:00,127.56,127.68,127.1,127.13,160856.64
2026-01-24T18:00:00,127.13,127.39,126.75,127.26,237814.18
2026-01-24T19:00:00,127.26,127.35,126.88,127.08,152650.81
2026-01-24T20:00:00,127.08,127.36,126.87,126.97,167641.91
2026-01-24T21:00:00,126.97,127.06,126.25,126.55,403122.9
2026-01-24T22:00:00,126.56,126.93,126.44,126.7,222817.96
2026-01-24T23:00:00,126.7,126.88,126.55,126.86,133299.62
2026-01-25T00:00:00,126.87,126.87,126.35,126.64,183581.18
2026-01-25T01:00:00,126.64,126.65,126.27,126.41,142602.51
2026-01-25T02:00:00,126.41,126.76,125.9,126.15,410035.71
2026-01-25T03:00:00,126.15,126.85,126.04,126.65,315234.6
2026-01-25T04:00:00,126.65,127.16,126.57,126.89,304593.11
2026-01-25T05:00:00,126.89,126.92,126.5,126.71,187536.82
2026-01-25T06:00:00,126.71,126.99,126.52,126.98,277324.33
2026-01-25T07:00:00,126.98,127.08,126.42,126.9,240332.24
2026-01-25T08:00:00,126.91,126.94,125.6,126.03,687972.71
2026-01-25T09:00:00,126.02,126.26,125.38,125.51,579805.95
2026-01-25T10:00:00,125.51,125.51,122.0,122.69,4140535.62
2026-01-25T11:00:00,122.68,122.9,121.47,122.13,1394410.98
2026-01-25T12:00:00,122.13,122.23,120.56,121.58,1664713.6
2026-01-25T13:00:00,121.59,121.77,117.0,117.86,4361763.62
2026-01-25T14:00:00,117.87,118.61,117.33,118.24,2780740.29
2026-01-25T15:00:00,118.24,118.89,117.49,118.73,1831177.28
2026-01-25T16:00:00,118.74,118.74,117.81,118.32,523214.85
2026-01-25T17:00:00,118.33,119.37,117.46,118.76,1801769.48
2026-01-25T18:00:00,118.77,119.73,118.45,119.56,1075403.09
2026-01-25T19:00:00,119.56,122.72,119.49,122.31,1729494.23
2026-01-25T20:00:00,122.32,122.61,121.21,121.97,957290.19
2026-01-25T21:00:00,121.96,122.28,121.04,121.51,909835.48
2026-01-25T22:00:00,121.51,123.55,121.5,122.52,1045489.49
2026-01-25T23:00:00,122.52,122.82,122.35,122.41,299756.76
2026-01-26T00:00:00,122.41,122.72,122.12,122.4,363705.49
2026-01-26T01:00:00,122.41,122.96,122.15,122.84,431350.53
2026-01-26T02:00:00,122.85,123.54,122.2,122.64,772338.86
2026-01-26T03:00:00,122.65,122.68,121.71,121.88,685558.58
2026-01-26T04:00:00,121.87,122.64,121.85,122.4,499880.13
2026-01-26T05:00:00,122.39,122.64,122.35,122.46,249749.11
2026-01-26T06:00:00,122.46,122.91,122.29,122.62,372518.69
2026-01-26T07:00:00,122.62,123.23,122.46,123.08,471845.24
2026-01-26T08:00:00,123.09,124.25,122.59,123.72,1844902.07
2026-01-26T09:00:00,123.72,125.15,122.98,123.46,2036493.16
2026-01-26T10:00:00,123.45,124.84,123.11,124.24,1209758.6
2026-01-26T11:00:00,124.25,124.61,122.96,124.24,956089.57
2026-01-26T12:00:00,124.23,125.54,123.9,124.86,1501715.0
2026-01-26T13:00:00,124.85,125.09,124.12,124.26,554827.31
2026-01-26T14:00:00,124.26,124.4,123.37,123.63,531968.67
2026-01-26T15:00:00,123.63,124.75,123.46,124.48,601233.66
2026-01-26T16:00:00,124.47,124.83,124.19,124.46,261949.37
2026-01-26T17:00:00,124.47,124.83,124.07,124.18,452606.17
2026-01-26T18:00:00,124.17,124.34,123.81,124.03,352949.49
2026-01-26T19:00:00,124.02,124.52,123.66,124.28,434331.7
2026-01-26T20:00:00,124.29,125.08,124.24,124.98,596352.37
2026-01-26T21:00:00,124.98,125.13,124.33,124.44,409030.1
2026-01-26T22:00:00,124.45,125.09,124.19,124.36,363628.01
2026-01-26T23:00:00,124.37,124.46,124.08,124.42,265588.82
2026-01-27T00:00:00,124.42,124.68,123.94,124.15,250019.91
2026-01-27T01:00:00,124.14,124.59,124.04,124.46,303202.58
2026-01-27T02:00:00,124.45,124.73,124.0,124.02,433095.79
2026-01-27T03:00:00,124.01,124.02,123.51,123.69,604678.36
2026-01-27T04:00:00,123.69,124.08,123.63,123.66,304126.79
2026-01-27T05:00:00,123.65,124.23,123.56,124.08,300140.8
2026-01-27T06:00:00,124.08,124.29,123.77,123.84,330232.6
2026-01-27T07:00:00,123.84,123.87,123.06,123.13,589142.12
2026-01-27T08:00:00,123.13,124.46,123.12,123.59,1158686.34
2026-01-27T09:00:00,123.59,125.0,123.37,124.94,920453.4
2026-01-27T10:00:00,124.94,126.74,124.92,126.25,2289601.99
2026-01-27T11:00:00,126.24,126.28,123.47,123.98,1927289.79
2026-01-27T12:00:00,123.97,126.27,123.75,125.76,1125114.99
2026-01-27T13:00:00,125.76,126.23,125.34,125.79,714626.08
2026-01-27T14:00:00,125.79,127.48,125.67,127.31,1359068.93
2026-01-27T15:00:00,127.31,127.8,126.85,127.01,894614.1
2026-01-27T16:00:00,127.01,127.78,126.93,127.58,479407.68
2026-01-27T17:00:00,127.59,127.62,127.05,127.12,451012.95
2026-01-27T18:00:00,127.12,127.25,126.57,127.18,581154.73
2026-01-27T19:00:00,127.18,127.47,126.62,127.01,370719.32
2026-01-27T20:00:00,127.01,127.33,126.6,126.99,273183.59
2026-01-27T21:00:00,127.0,127.17,126.62,126.9,276168.27
2026-01-27T22:00:00,126.89,126.97,126.4,126.77,400706.79
2026-01-27T23:00:00,126.77,126.93,126.39,126.7,307008.31
2026-01-28T00:00:00,126.7,127.49,126.7,127.35,449199.68
2026-01-28T01:00:00,127.35,127.48,126.88,127.04,274248.83
2026-01-28T02:00:00,127.04,127.23,126.6,126.64,385350.08
2026-01-28T03:00:00,126.63,127.56,125.92,127.55,891306.04
2026-01-28T04:00:00,127.55,128.05,127.24,127.25,577791.8
2026-01-28T05:00:00,127.25,128.3,127.11,128.1,682801.16
2026-01-28T06:00:00,128.11,128.19,126.97,127.18,770598.26
2026-01-28T07:00:00,127.19,127.83,126.8,127.26,922164.19
2026-01-28T08:00:00,127.27,127.29,126.4,126.79,968049.06
2026-01-28T09:00:00,126.78,127.09,125.44,126.0,1187580.06
2026-01-28T10:00:00,126.01,126.59,125.51,126.02,712543.41
2026-01-28T11:00:00,126.02,126.99,125.17,126.47,815534.76
2026-01-28T12:00:00,126.47,126.5,125.62,126.03,595624.77
2026-01-28T13:00:00,126.03,126.66,125.23,125.93,1161746.3
2026-01-28T14:00:00,125.93,126.62,125.25,125.36,857377.96
2026-01-28T15:00:00,125.36,125.79,124.69,125.41,990999.41
2026-01-28T16:00:00,125.41,125.78,125.07,125.66,399694.55
2026-01-28T17:00:00,125.66,125.7,124.98,125.28,637552.03
2026-01-28T18:00:00,125.29,125.44,124.5,125.05,451229.24
2026-01-28T19:00:00,125.04,125.18,124.04,124.26,623225.72
2026-01-28T20:00:00,124.25,124.72,123.07,123.45,1255206.01
2026-01-28T21:00:00,123.45,123.69,122.58,122.99,875361.12
2026-01-28T22:00:00,122.99,123.45,122.41,123.35,571942.74
2026-01-28T23:00:00,123.36,123.75,123.07,123.16,474756.91
2026-01-29T00:00:00,123.16,123.66,123.01,123.61,311487.35
2026-01-29T01:00:00,123.62,123.93,123.57,123.71,281094.59
2026-01-29T02:00:00,123.72,123.86,123.09,123.2,498710.25
2026-01-29T03:00:00,123.2,123.31,122.9,122.95,294440.0
2026-01-29T04:00:00,122.96,123.24,122.84,123.16,228049.84
2026-01-29T05:00:00,123.16,123.23,122.61,122.69,587323.93
2026-01-29T06:00:00,122.69,123.12,122.36,122.78,537297.9
2026-01-29T07:00:00,122.78,123.1,122.61,122.85,405979.76
2026-01-29T08:00:00,122.85,123.02,120.25,120.3,2345907.87
2026-01-29T09:00:00,120.3,120.38,116.03,117.6,6829310.57
2026-01-29T10:00:00,117.6,118.91,116.57,118.86,2635891.48
2026-01-29T11:00:00,118.86,119.88,117.51,117.83,2179380.44
2026-01-29T12:00:00,117.84,118.1,115.29,115.69,3110741.08
2026-01-29T13:00:00,115.68,117.13,115.33,116.75,1840373.74
2026-01-29T14:00:00,116.75,117.39,116.46,116.86,1220722.92
2026-01-29T15:00:00,116.87,117.66,116.8,117.37,707973.16
2026-01-29T16:00:00,117.38,117.7,117.24,117.49,307579.5
2026-01-29T17:00:00,117.5,117.84,117.2,117.72,435023.17
2026-01-29T18:00:00,117.72,118.06,117.43,117.55,538600.55
2026-01-29T19:00:00,117.54,117.83,111.75,115.15,4456566.55
2026-01-29T20:00:00,115.15,115.32,112.7,114.06,2544329.06
2026-01-29T21:00:00,114.05,114.6,113.47,114.35,1019602.02
2026-01-29T22:00:00,114.34,115.76,114.2,115.49,994377.63
2026-01-29T23:00:00,115.49,116.03,115.36,115.39,579321.15
2026-01-30T00:00:00,115.39,115.4,112.89,113.8,1711685.84
2026-01-30T01:00:00,113.79,116.07,113.79,115.71,1457634.41
2026-01-30T02:00:00,115.72,116.12,115.09,115.31,787841.32
2026-01-30T03:00:00,115.31,115.99,114.58,115.3,1323942.94
2026-01-30T04:00:00,115.3,115.93,115.03,115.85,761619.68
2026-01-30T05:00:00,115.85,117.24,115.7,117.01,984632.46
2026-01-30T06:00:00,117.0,117.26,115.88,116.21,994704.01
2026-01-30T07:00:00,116.21,116.35,115.11,115.74,1289189.08
2026-01-30T08:00:00,115.74,117.6,115.72,116.28,1828703.71
2026-01-30T09:00:00,116.29,117.09,114.5,116.73,2472009.39
2026-01-30T10:00:00,116.72,117.95,116.13,117.07,1856993.41
2026-01-30T11:00:00,117.07,117.73,116.47,116.59,1114471.52
2026-01-30T12:00:00,116.58,118.56,114.26,118.04,3333127.83
2026-01-30T13:00:00,118.04,119.09,118.04,118.23,2009861.02
2026-01-30T14:00:00,118.23,118.39,116.32,116.92,1909618.4
2026-01-30T15:00:00,116.92,117.98,116.8,117.32,893919.7
2026-01-30T16:00:00,117.32,117.51,116.51,117.33,378303.46
2026-01-30T17:00:00,117.32,117.57,116.82,117.54,304770.4
2026-01-30T18:00:00,117.54,117.91,117.31,117.46,476518.52
2026-01-30T19:00:00,117.46,118.29,117.46,118.09,490115.36
2026-01-30T20:00:00,118.08,118.47,117.51,118.24,431909.4
2026-01-30T21:00:00,118.24,118.56,118.08,118.29,275830.18
2026-01-30T22:00:00,118.3,118.77,118.19,118.35,333438.63
2026-01-30T23:00:00,118.35,118.7,117.93,118.54,415598.74
2026-01-31T00:00:00,118.54,118.72,117.81,118.47,559723.87
2026-01-31T01:00:00,118.48,118.53,117.1,117.29,641704.24
2026-01-31T02:00:00,117.3,117.46,112.67,115.52,3055216.38
2026-01-31T03:00:00,115.52,116.77,115.3,116.28,935130.5
2026-01-31T04:00:00,116.28,116.86,115.96,116.7,379006.21
2026-01-31T05:00:00,116.7,116.71,115.88,115.96,435905.83
2026-01-31T06:00:00,115.97,116.12,114.95,115.12,793281.19
2026-01-31T07:00:00,115.12,115.16,113.53,114.1,1340301.25
2026-01-31T08:00:00,114.1,114.38,108.15,109.06,6865093.49
2026-01-31T09:00:00,109.06,110.14,108.3,108.57,2449931.22
2026-01-31T10:00:00,108.58,109.73,105.55,106.21,5027513.96
2026-01-31T11:00:00,106.21,106.64,100.1,103.26,7218301.59
2026-01-31T12:00:00,103.26,103.82,95.5,101.85,7436586.19
2026-01-31T13:00:00,101.85,103.36,101.38,101.65,3558242.17
2026-01-31T14:00:00,101.65,102.45,100.26,101.85,2298350.64
2026-01-31T15:00:00,101.85,103.64,101.19,103.33,2058344.54
2026-01-31T16:00:00,103.34,104.26,103.16,103.98,1012343.04
2026-01-31T17:00:00,103.97,106.4,103.72,105.45,1928135.67
2026-01-31T18:00:00,105.44,106.28,105.16,105.55,1031436.8
2026-01-31T19:00:00,105.55,105.67,104.1,104.9,1015976.6
2026-01-31T20:00:00,104.9,105.88,104.65,105.46,680937.11
2026-01-31T21:00:00,105.46,105.59,104.42,104.87,518482.57
2026-01-31T22:00:00,104.88,105.43,104.7,105.12,547902.97
2026-01-31T23:00:00,105.13,105.62,104.39,104.62,719755.33
2026-02-01T00:00:00,104.62,105.39,104.45,105.01,611770.39
2026-02-01T01:00:00,105.01,105.97,103.87,105.14,1298015.39
2026-02-01T02:00:00,105.14,105.99,104.75,105.46,791066.92
2026-02-01T03:00:00,105.46,105.86,104.89,105.73,691284.63
2026-02-01T04:00:00,105.72,105.8,103.44,103.7,1380637.05
2026-02-01T05:00:00,103.7,105.34,103.68,104.99,980254.89
2026-02-01T06:00:00,104.99,105.14,104.06,104.99,902677.62
2026-02-01T07:00:00,104.98,106.67,104.01,104.38,2173282.79
2026-02-01T08:00:00,104.38,104.76,101.66,102.87,3815560.87
2026-02-01T09:00:00,102.86,102.89,100.14,101.61,2668124.57
2026-02-01T10:00:00,101.62,102.82,100.85,101.63,1822180.0
2026-02-01T11:00:00,101.63,102.42,101.04,102.37,898254.45
2026-02-01T12:00:00,102.37,104.16,102.34,103.37,1684268.45
2026-02-01T13:00:00,103.36,103.68,101.45,101.88,882240.5
2026-02-01T14:00:00,101.87,102.8,100.11,101.52,1695423.31
2026-02-01T15:00:00,101.53,101.65,100.04,100.79,1501816.72
2026-02-01T16:00:00,100.79,102.81,100.74,101.72,1137072.72
2026-02-01T17:00:00,101.72,102.0,97.95,100.73,4805834.59
2026-02-01T18:00:00,100.73,102.87,99.57,102.21,2070385.93
2026-02-01T19:00:00,102.22,103.09,100.33,102.03,1856188.48
2026-02-01T20:00:00,102.03,102.67,100.48,100.68,1196180.77
2026-02-01T21:00:00,100.68,100.83,95.83,100.0,5708688.05
2026-02-01T22:00:00,100.01,101.75,98.58,100.26,2191033.83
2026-02-01T23:00:00,100.26,100.4,97.57,98.22,2359649.8
2026-02-02T00:00:00,98.22,101.39,97.0,100.67,3863320.65
2026-02-02T01:00:00,100.67,102.39,100.4,101.38,1863273.05
2026-02-02T02:00:00,101.39,102.42,101.33,101.65,1132445.27
2026-02-02T03:00:00,101.65,103.16,101.36,102.74,1352979.94
2026-02-02T04:00:00,102.73,103.39,102.56,102.84,853481.25
2026-02-02T05:00:00,102.85,103.37,102.58,102.73,641204.17
2026-02-02T06:00:00,102.73,103.7,102.72,103.24,904498.97
2026-02-02T07:00:00,103.23,103.64,102.76,103.25,894369.92
2026-02-02T08:00:00,103.26,105.11,102.29,103.92,3128764.04
2026-02-02T09:00:00,103.92,106.06,103.51,104.63,2364647.54
2026-02-02T10:00:00,104.62,105.71,104.2,104.93,1256892.46
2026-02-02T11:00:00,104.93,105.53,104.37,104.74,802876.75
2026-02-02T12:00:00,104.75,104.97,103.79,104.64,1105026.91
2026-02-02T13:00:00,104.64,104.76,103.43,103.83,769521.78
2026-02-02T14:00:00,103.83,104.2,103.25,103.77,951811.2
2026-02-02T15:00:00,103.78,104.92,103.72,104.75,576590.76
2026-02-02T16:00:00,104.76,105.13,104.5,104.94,358232.41
2026-02-02T17:00:00,104.95,105.0,104.34,104.48,366557.0
2026-02-02T18:00:00,104.47,104.6,103.62,104.09,765957.43
2026-02-02T19:00:00,104.1,104.33,103.47,104.31,512673.74
2026-02-02T20:00:00,104.32,104.34,102.26,102.35,1023798.39
2026-02-02T21:00:00,102.36,104.36,102.08,104.1,1274430.25
2026-02-02T22:00:00,104.09,105.06,103.79,104.62,660046.96
2026-02-02T23:00:00,104.63,104.68,103.58,103.65,512403.99
2026-02-03T00:00:00,103.65,104.02,102.88,103.9,726413.89
2026-02-03T01:00:00,103.91,104.85,103.68,104.62,575805.04
2026-02-03T02:00:00,104.62,104.95,103.99,104.03,833604.94
2026-02-03T03:00:00,104.03,104.14,102.43,103.03,1521989.23
2026-02-03T04:00:00,103.04,103.25,102.38,102.8,687352.29
2026-02-03T05:00:00,102.8,103.33,102.75,102.92,534039.24
2026-02-03T06:00:00,102.93,103.29,102.42,103.05,666079.98
2026-02-03T07:00:00,103.05,103.53,102.68,103.33,622811.94
2026-02-03T08:00:00,103.34,103.58,100.7,100.79,2049817.74
2026-02-03T09:00:00,100.78,102.73,100.3,102.52,3235872.8
2026-02-03T10:00:00,102.52,102.52,99.81,100.67,2123579.52
2026-02-03T11:00:00,100.67,100.93,98.94,99.04,2122517.05
2026-02-03T12:00:00,99.04,99.38,96.6,96.77,3485573.31
2026-02-03T13:00:00,96.77,100.03,96.63,98.95,3700289.01
2026-02-03T14:00:00,98.94,102.12,98.23,101.08,3274952.12
2026-02-03T15:00:00,101.09,101.76,99.89,100.14,1650981.42
2026-02-03T16:00:00,100.14,100.21,98.07,98.41,1234315.2
2026-02-03T17:00:00,98.41,98.53,97.11,97.81,1786707.83
2026-02-03T18:00:00,97.82,98.73,97.08,97.9,1206153.62
2026-02-03T19:00:00,97.9,99.6,97.9,99.04,1226127.04
2026-02-03T20:00:00,99.03,99.13,97.31,97.84,1025695.7
2026-02-03T21:00:00,97.83,99.58,97.81,99.04,1136160.39
2026-02-03T22:00:00,99.03,99.27,97.95,98.01,698174.04
2026-02-03T23:00:00,98.01,98.38,96.2,96.88,1656131.88
2026-02-04T00:00:00,96.88,98.69,96.61,98.13,1673718.39
2026-02-04T01:00:00,98.12,98.17,97.28,97.82,1021105.53
2026-02-04T02:00:00,97.83,97.88,96.69,97.64,1208095.81
2026-02-04T03:00:00,97.64,97.71,96.69,97.07,1102946.6
2026-02-04T04:00:00,97.07,97.23,96.7,96.96,654864.37
2026-02-04T05:00:00,96.97,97.01,94.5,96.03,4763604.01
2026-02-04T06:00:00,96.04,96.69,95.77,96.41,879602.93
2026-02-04T07:00:00,96.4,96.42,94.07,94.31,2308104.09
2026-02-04T08:00:00,94.3,94.97,92.81,93.02,4452825.93
2026-02-04T09:00:00,93.03,94.12,91.19,92.69,4976463.86
2026-02-04T10:00:00,92.69,93.03,90.87,91.89,3790882.26
2026-02-04T11:00:00,91.88,92.54,89.92,91.35,4358090.65
2026-02-04T12:00:00,91.35,93.19,90.24,92.24,3798679.92
2026-02-04T13:00:00,92.23,94.67,92.2,94.32,3896273.27
2026-02-04T14:00:00,94.32,94.46,92.94,93.19,1380417.85
2026-02-04T15:00:00,93.2,93.35,90.68,91.28,2552870.42
2026-02-04T16:00:00,91.27,92.85,89.19,90.78,3082797.95
2026-02-04T17:00:00,90.77,92.9,90.21,92.07,1903064.19
2026-02-04T18:00:00,92.07,92.72,91.33,91.69,975620.84
2026-02-04T19:00:00,91.7,92.88,90.48,91.89,2053528.5
2026-02-04T20:00:00,91.88,92.67,90.63,90.87,2010682.56
2026-02-04T21:00:00,90.86,91.66,90.13,91.1,1988632.22
2026-02-04T22:00:00,91.1,91.89,90.26,91.08,2162957.32
2026-02-04T23:00:00,91.08,92.07,89.85,91.13,3028691.75
2026-02-05T00:00:00,91.12,91.21,89.62,90.16,2104977.79
2026-02-05T01:00:00,90.16,91.63,90.1,90.5,1758266.95
2026-02-05T02:00:00,90.51,92.44,90.51,91.73,1499400.94
2026-02-05T03:00:00,91.74,93.4,91.7,92.47,1425461.93
2026-02-05T04:00:00,92.47,92.6,89.7,90.22,2302104.52
2026-02-05T05:00:00,90.23,90.75,88.61,89.92,3504436.26
2026-02-05T06:00:00,89.93,90.72,88.64,89.47,3224085.71
2026-02-05T07:00:00,89.46,90.0,88.14,88.44,2100937.68
2026-02-05T08:00:00,88.44,91.43,88.25,88.56,4337491.59
2026-02-05T09:00:00,88.57,88.96,83.36,84.55,10515115.39
2026-02-05T10:00:00,84.55,86.18,83.61,85.5,5049746.48
2026-02-05T11:00:00,85.49,85.66,82.34,82.64,5310450.21
2026-02-05T12:00:00,82.64,83.28,81.12,82.89,4529247.51
2026-02-05T13:00:00,82.9,83.27,81.35,81.63,2881346.02
2026-02-05T14:00:00,81.63,82.26,77.6,78.77,10167536.83
2026-02-05T15:00:00,78.78,81.14,78.29,78.93,4695034.07
2026-02-05T16:00:00,78.94,80.65,77.49,79.76,4298207.74
2026-02-05T17:00:00,79.77,81.57,78.01,78.29,3463688.1
2026-02-05T18:00:00,78.29,78.74,67.29,75.42,18817305.45
2026-02-05T19:00:00,75.42,79.67,75.4,79.48,5382571.76
2026-02-05T20:00:00,79.48,80.22,76.34,76.89,4830997.8
2026-02-05T21:00:00,76.89,77.35,75.68,76.66,2634863.89
2026-02-05T22:00:00,76.66,77.97,76.16,77.69,2091054.2
2026-02-05T23:00:00,77.68,81.56,77.51,81.06,3251935.66
2026-02-06T00:00:00,81.07,81.51,79.31,79.41,2742740.24
2026-02-06T01:00:00,79.41,80.55,78.67,79.5,2399367.12
2026-02-06T02:00:00,79.49,80.14,78.55,78.98,2182115.84
2026-02-06T03:00:00,78.97,81.58,78.84,81.22,2315731.36
2026-02-06T04:00:00,81.22,81.98,80.63,80.73,2055867.84
2026-02-06T05:00:00,80.73,81.66,80.36,81.26,1859468.69
2026-02-06T06:00:00,81.25,81.86,80.72,81.78,1349575.41
2026-02-06T07:00:00,81.78,83.75,81.58,83.01,3837850.57
2026-02-06T08:00:00,83.01,85.14,81.82,84.1,5083614.14
2026-02-06T09:00:00,84.11,84.98,83.31,84.4,3683094.5
2026-02-06T10:00:00,84.39,87.1,83.5,86.58,4440409.73
2026-02-06T11:00:00,86.57,88.59,86.02,86.58,3787426.63
2026-02-06T12:00:00,86.57,86.73,85.1,86.03,2810991.08
2026-02-06T13:00:00,86.03,87.35,85.41,86.97,1984889.98
2026-02-06T14:00:00,86.97,87.87,86.48,86.83,1873875.26
2026-02-06T15:00:00,86.83,88.13,86.5,87.97,1220345.21
2026-02-06T16:00:00,87.97,89.74,87.85,89.1,1648356.95
2026-02-06T17:00:00,89.09,89.53,87.25,87.42,1692742.74
2026-02-06T18:00:00,87.41,87.42,86.04,86.51,1993108.33
2026-02-06T19:00:00,86.51,87.43,85.84,87.06,1142680.08
2026-02-06T20:00:00,87.06,87.54,86.72,87.23,663029.84
2026-02-06T21:00:00,87.24,88.31,87.16,88.01,1044658.86
2026-02-06T22:00:00,88.01,88.97,87.21,87.65,1285392.74
2026-02-06T23:00:00,87.64,88.57,87.49,87.75,948662.11
2026-02-07T00:00:00,87.74,88.17,86.16,86.21,1101961.49
2026-02-07T01:00:00,86.21,86.59,84.15,85.24,4578018.92
2026-02-07T02:00:00,85.24,85.66,84.68,85.29,1308229.71
2026-02-07T03:00:00,85.3,85.67,84.75,85.19,941421.77
2026-02-07T04:00:00,85.18,85.46,84.44,84.94,901653.22
2026-02-07T05:00:00,84.93,85.16,84.52,84.85,814353.41
2026-02-07T06:00:00,84.85,87.15,84.78,86.16,2405119.08
2026-02-07T07:00:00,86.16,86.59,85.48,86.06,874864.61
2026-02-07T08:00:00,86.07,86.55,85.43,85.71,1013713.16
2026-02-07T09:00:00,85.71,86.91,85.59,86.52,1321513.19
2026-02-07T10:00:00,86.51,88.07,86.11,86.99,6317534.03
2026-02-07T11:00:00,87.0,87.67,86.42,87.58,789231.58
2026-02-07T12:00:00,87.57,89.15,87.38,88.65,1234263.76
2026-02-07T13:00:00,88.65,88.73,87.93,88.22,812568.05
2026-02-07T14:00:00,88.21,89.13,87.92,88.83,697746.61
2026-02-07T15:00:00,88.83,89.11,88.02,88.12,562586.99
2026-02-07T16:00:00,88.13,88.69,88.08,88.21,435263.71
2026-02-07T17:00:00,88.21,88.29,86.8,87.51,829647.79
2026-02-07T18:00:00,87.52,87.6,87.03,87.27,551983.92
2026-02-07T19:00:00,87.27,87.93,87.24,87.79,399947.65
2026-02-07T20:00:00,87.8,88.15,86.83,87.19,609105.22
2026-02-07T21:00:00,87.2,87.47,86.63,86.74,498116.4
2026-02-07T22:00:00,86.74,87.33,86.53,87.32,445988.42
2026-02-07T23:00:00,87.32,87.48,86.95,87.2,270493.3
2026-02-08T00:00:00,87.21,87.43,86.86,87.08,320560.34
2026-02-08T01:00:00,87.08,87.32,86.59,87.32,540540.07
2026-02-08T02:00:00,87.32,88.75,86.85,88.55,1434069.56
2026-02-08T03:00:00,88.54,88.93,87.45,87.52,984404.51
2026-02-08T04:00:00,87.52,88.05,86.34,86.81,1215882.3
2026-02-08T05:00:00,86.81,88.24,86.67,88.16,1183268.11
2026-02-08T06:00:00,88.17,88.32,87.6,88.07,818459.37
2026-02-08T07:00:00,88.07,88.82,87.67,88.5,1213953.5
2026-02-08T08:00:00,88.5,88.67,87.94,88.37,648813.74
2026-02-08T09:00:00,88.38,88.71,87.26,87.71,1259041.61
2026-02-08T10:00:00,87.71,87.85,85.68,86.14,1674416.27
2026-02-08T11:00:00,86.13,87.05,86.09,86.86,889354.42
2026-02-08T12:00:00,86.85,88.57,86.84,87.75,1179723.65
2026-02-08T13:00:00,87.75,88.54,87.73,88.34,648485.88
2026-02-08T14:00:00,88.34,88.35,86.69,86.84,920376.96
2026-02-08T15:00:00,86.85,87.29,86.17,86.54,737649.39
2026-02-08T16:00:00,86.55,87.2,86.37,87.07,440696.75
2026-02-08T17:00:00,87.07,89.09,86.0,86.92,2837603.83
2026-02-08T18:00:00,86.91,87.4,86.3,87.01,900255.81
2026-02-08T19:00:00,87.0,87.93,85.66,86.35,1561177.85
2026-02-08T20:00:00,86.35,87.84,86.13,86.96,1111447.27
2026-02-08T21:00:00,86.96,87.86,86.78,87.62,873802.89
2026-02-08T22:00:00,87.61,87.67,86.9,87.06,566632.07
2026-02-08T23:00:00,87.05,87.41,86.82,87.19,483930.55
2026-02-09T00:00:00,87.2,87.2,85.88,86.37,1033735.44
2026-02-09T01:00:00,86.37,86.51,85.12,85.43,1273730.84
2026-02-09T02:00:00,85.43,85.57,83.76,84.5,1936289.99
2026-02-09T03:00:00,84.5,84.86,83.88,84.27,1009128.43
2026-02-09T04:00:00,84.27,84.43,82.82,83.2,1961138.1
2026-02-09T05:00:00,83.19,83.68,83.18,83.43,826925.78
2026-02-09T06:00:00,83.44,84.33,83.39,84.01,880331.59
2026-02-09T07:00:00,84.0,84.58,83.69,83.73,899340.46
2026-02-09T08:00:00,83.72,85.21,83.51,84.9,2392014.09
2026-02-09T09:00:00,84.91,85.77,84.27,85.23,2024389.89
2026-02-09T10:00:00,85.23,86.86,84.75,86.04,1650878.33
2026-02-09T11:00:00,86.05,88.06,85.57,87.74,2307185.93
2026-02-09T12:00:00,87.73,88.66,87.01,87.46,2084385.37
2026-02-09T13:00:00,87.45,88.18,87.08,87.9,1161591.12
2026-02-09T14:00:00,87.89,88.28,87.12,87.7,851215.98
2026-02-09T15:00:00,87.7,87.84,86.45,87.27,868171.29
2026-02-09T16:00:00,87.27,87.53,86.9,87.05,477077.62
2026-02-09T17:00:00,87.06,87.36,86.59,86.71,360889.48
2026-02-09T18:00:00,86.71,86.88,86.25,86.36,439156.04
2026-02-09T19:00:00,86.36,87.44,86.32,87.22,550982.19
2026-02-09T20:00:00,87.22,87.28,86.36,86.62,439451.78
2026-02-09T21:00:00,86.62,86.81,85.2,85.8,1224973.27
2026-02-09T22:00:00,85.8,86.62,85.72,86.5,587827.34
2026-02-09T23:00:00,86.49,86.53,85.54,85.89,609133.57
2026-02-10T00:00:00,85.88,85.98,84.26,84.55,1393552.81
2026-02-10T01:00:00,84.56,85.07,84.36,84.59,970875.49
2026-02-10T02:00:00,84.58,84.84,84.11,84.59,1039381.9
2026-02-10T03:00:00,84.58,85.03,84.21,84.51,843604.91
2026-02-10T04:00:00,84.51,84.7,84.14,84.16,463511.34
2026-02-10T05:00:00,84.17,84.55,83.69,83.79,1050336.17
2026-02-10T06:00:00,83.78,84.32,83.58,83.89,867089.81
2026-02-10T07:00:00,83.89,84.72,83.61,84.59,1090018.65
2026-02-10T08:00:00,84.6,85.18,83.14,83.66,2782860.69
2026-02-10T09:00:00,83.66,84.49,83.37,84.24,1776972.9
2026-02-10T10:00:00,84.24,84.89,83.71,84.42,1238945.52
2026-02-10T11:00:00,84.41,85.1,84.14,84.87,856574.93
2026-02-10T12:00:00,84.87,84.93,82.66,82.89,1574138.22
2026-02-10T13:00:00,82.89,83.47,82.39,83.05,1051239.08
2026-02-10T14:00:00,83.04,83.19,82.25,82.6,1018269.65
2026-02-10T15:00:00,82.59,82.89,81.84,82.41,816674.51
2026-02-10T16:00:00,82.42,82.95,82.31,82.55,469570.76
2026-02-10T17:00:00,82.54,82.96,82.31,82.95,498636.62
2026-02-10T18:00:00,82.96,83.68,82.88,83.42,643102.29
2026-02-10T19:00:00,83.41,83.74,83.14,83.73,397232.45
2026-02-10T20:00:00,83.72,84.34,83.46,83.49,730535.89
2026-02-10T21:00:00,83.49,83.8,82.53,83.28,1029957.36
2026-02-10T22:00:00,83.27,83.49,81.63,81.92,1480901.24
2026-02-10T23:00:00,81.92,82.35,81.67,81.85,645246.28
2026-02-11T00:00:00,81.85,81.93,80.52,80.82,2198279.08
2026-02-11T01:00:00,80.83,81.33,80.23,80.96,1262591.27
2026-02-11T02:00:00,80.95,81.16,80.48,81.04,736899.91
2026-02-11T03:00:00,81.04,81.25,80.62,80.76,763305.16
2026-02-11T04:00:00,80.75,80.97,80.33,80.67,923365.48
2026-02-11T05:00:00,80.66,81.44,80.61,81.21,1078140.07
2026-02-11T06:00:00,81.2,81.42,80.9,81.13,967537.15
2026-02-11T07:00:00,81.14,81.82,80.58,81.61,1842101.02
2026-02-11T08:00:00,81.61,83.13,79.7,79.91,4369276.56
2026-02-11T09:00:00,79.9,80.29,78.52,79.65,3694784.51
2026-02-11T10:00:00,79.66,80.88,78.64,78.68,2209798.27
2026-02-11T11:00:00,78.67,79.99,77.92,78.96,2235151.7
2026-02-11T12:00:00,78.96,79.96,78.46,79.76,1362796.23
2026-02-11T13:00:00,79.75,80.34,79.25,79.67,1112578.69
2026-02-11T14:00:00,79.66,79.96,78.9,79.59,905788.51
2026-02-11T15:00:00,79.6,81.08,79.58,80.09,1454650.65
2026-02-11T16:00:00,80.1,80.18,79.39,79.44,548855.55
2026-02-11T17:00:00,79.45,79.69,78.59,79.25,1035737.39
2026-02-11T18:00:00,79.24,80.18,79.22,79.92,585395.86
2026-02-11T19:00:00,79.93,80.74,79.93,80.37,763211.8
2026-02-11T20:00:00,80.36,80.7,79.88,80.28,552878.01
2026-02-11T21:00:00,80.28,80.62,80.02,80.56,354547.54
2026-02-11T22:00:00,80.56,80.93,80.23,80.26,775350.82
2026-02-11T23:00:00,80.26,80.57,79.37,80.53,1075845.86
2026-02-12T00:00:00,80.54,80.96,80.32,80.53,628111.05
2026-02-12T01:00:00,80.52,80.88,80.24,80.72,510699.62
2026-02-12T02:00:00,80.72,80.88,80.26,80.7,513084.27
2026-02-12T03:00:00,80.71,81.86,80.51,81.74,1545239.37
2026-02-12T04:00:00,81.74,82.19,81.29,82.12,938453.26
2026-02-12T05:00:00,82.12,82.19,81.64,81.8,778742.6
2026-02-12T06:00:00,81.79,81.89,80.77,81.03,998906.79
2026-02-12T07:00:00,81.03,82.07,80.64,81.9,1305952.49
2026-02-12T08:00:00,81.9,81.93,80.95,81.09,1301285.09
2026-02-12T09:00:00,81.09,81.48,80.03,80.06,2012842.09
2026-02-12T10:00:00,80.06,80.17,78.12,78.27,3630818.07
2026-02-12T11:00:00,78.26,78.64,77.46,77.86,2374628.78
2026-02-12T12:00:00,77.86,78.44,77.14,77.56,1862357.4
2026-02-12T13:00:00,77.56,78.59,76.9,77.57,1916517.63
2026-02-12T14:00:00,77.57,77.88,76.54,76.86,1604209.58
2026-02-12T15:00:00,76.86,77.52,76.86,77.29,718520.17
2026-02-12T16:00:00,77.29,78.08,76.91,78.05,778562.95
2026-02-12T17:00:00,78.06,78.48,77.77,78.37,1001515.64
2026-02-12T18:00:00,78.37,78.69,77.49,77.99,926378.51
2026-02-12T19:00:00,77.99,78.8,77.97,78.56,758683.25
2026-02-12T20:00:00,78.56,79.28,78.39,79.09,762422.32
2026-02-12T21:00:00,79.1,79.44,78.76,79.0,585484.08
2026-02-12T22:00:00,79.01,79.23,78.4,78.47,542976.25
2026-02-12T23:00:00,78.47,78.72,78.12,78.25,576998.56
2026-02-13T00:00:00,78.24,78.63,77.79,78.58,710113.09
2026-02-13T01:00:00,78.58,79.22,78.48,78.93,878394.39
2026-02-13T02:00:00,78.93,79.87,78.8,79.67,885503.09
2026-02-13T03:00:00,79.67,79.92,79.36,79.82,686359.9
2026-02-13T04:00:00,79.82,80.58,79.71,80.29,1396847.78
2026-02-13T05:00:00,80.3,80.36,79.74,80.26,798417.77
2026-02-13T06:00:00,80.26,80.27,79.8,79.92,435549.51
2026-02-13T07:00:00,79.92,80.89,79.68,80.23,1452755.82
2026-02-13T08:00:00,80.23,81.93,79.8,81.3,2624276.67
2026-02-13T09:00:00,81.31,84.3,81.04,83.16,3860970.78
2026-02-13T10:00:00,83.16,84.99,82.87,84.17,2201574.97
2026-02-13T11:00:00,84.18,84.69,83.52,84.29,1348130.62
2026-02-13T12:00:00,84.3,85.57,84.07,85.35,1672358.39
2026-02-13T13:00:00,85.34,85.59,84.5,84.6,958308.02
2026-02-13T14:00:00,84.6,85.03,84.12,84.72,1105131.61
2026-02-13T15:00:00,84.73,85.16,84.52,84.8,662646.23
2026-02-13T16:00:00,84.8,84.88,84.41,84.62,335200.46
2026-02-13T17:00:00,84.62,84.62,84.04,84.29,419338.61
2026-02-13T18:00:00,84.28,85.04,84.17,84.88,647681.65
2026-02-13T19:00:00,84.88,85.15,84.72,84.94,416182.13
2026-02-13T20:00:00,84.94,84.96,84.54,84.85,341624.24
2026-02-13T21:00:00,84.84,85.25,84.77,85.0,347760.58
2026-02-13T22:00:00,85.0,85.05,84.73,84.76,255764.29
2026-02-13T23:00:00,84.76,84.98,84.56,84.57,248109.42
2026-02-14T00:00:00,84.56,84.9,84.28,84.79,418436.3
2026-02-14T01:00:00,84.79,85.22,84.71,85.12,386430.72
2026-02-14T02:00:00,85.13,86.37,85.1,86.15,1522660.74
2026-02-14T03:00:00,86.15,86.32,85.78,85.95,738531.86
2026-02-14T04:00:00,85.96,85.96,85.66,85.76,357762.0
2026-02-14T05:00:00,85.76,87.28,85.76,87.22,1728318.26
2026-02-14T06:00:00,87.22,87.26,86.2,86.36,1195849.52
2026-02-14T07:00:00,86.37,86.85,85.97,86.39,1138482.08
2026-02-14T08:00:00,86.39,87.49,86.32,87.2,1056052.14
2026-02-14T09:00:00,87.2,87.65,87.04,87.38,878558.94
2026-02-14T10:00:00,87.39,88.19,86.96,88.04,1598686.67
2026-02-14T11:00:00,88.04,88.42,87.76,87.97,900816.62
2026-02-14T12:00:00,87.98,88.24,87.71,87.95,565504.67
2026-02-14T13:00:00,87.94,88.27,87.48,88.13,531214.21
2026-02-14T14:00:00,88.14,88.38,87.61,88.08,656679.29
2026-02-14T15:00:00,88.08,88.45,87.22,88.0,1066404.96
2026-02-14T16:00:00,88.0,88.85,87.84,88.44,719509.58
2026-02-14T17:00:00,88.43,88.85,87.98,88.02,591118.01
2026-02-14T18:00:00,88.01,88.38,87.74,88.14,658837.56
2026-02-14T19:00:00,88.14,88.7,87.56,88.24,821369.12
2026-02-14T20:00:00,88.23,88.47,87.45,87.96,695417.69
2026-02-14T21:00:00,87.95,88.76,87.31,88.56,948781.44
2026-02-14T22:00:00,88.56,89.78,88.32,88.74,2131220.37
2026-02-14T23:00:00,88.73,90.03,88.69,89.61,1051157.29
2026-02-15T00:00:00,89.61,90.12,89.26,89.54,914372.61
2026-02-15T01:00:00,89.54,90.96,89.33,90.68,1325662.98
2026-02-15T02:00:00,90.68,91.19,89.15,89.6,1926662.69
2026-02-15T03:00:00,89.61,90.46,89.39,89.93,855295.54
2026-02-15T04:00:00,89.93,90.05,89.05,89.47,833454.21
2026-02-15T05:00:00,89.47,89.78,88.95,89.13,599263.02
2026-02-15T06:00:00,89.12,89.59,87.26,87.27,2196945.08
2026-02-15T07:00:00,87.28,88.34,86.78,86.93,2350465.82
2026-02-15T08:00:00,86.93,87.57,86.61,87.31,1214817.23
2026-02-15T09:00:00,87.31,87.63,86.88,87.36,820439.9
2026-02-15T10:00:00,87.36,87.62,86.61,87.51,982215.37
2026-02-15T11:00:00,87.51,87.85,85.67,86.37,1941175.14
2026-02-15T12:00:00,86.37,86.81,85.95,86.17,1190334.57
2026-02-15T13:00:00,86.16,86.31,85.14,85.29,1573350.83
2026-02-15T14:00:00,85.28,85.95,84.83,85.81,980584.26
2026-02-15T15:00:00,85.82,86.39,85.81,86.11,802622.02
2026-02-15T16:00:00,86.12,86.63,85.99,86.31,544908.85
2026-02-15T17:00:00,86.31,86.32,85.04,86.09,1039032.09
2026-02-15T18:00:00,86.09,86.47,85.58,86.12,619247.85
2026-02-15T19:00:00,86.13,86.59,85.33,85.72,805662.14
2026-02-15T20:00:00,85.72,86.17,85.18,85.34,681889.27
2026-02-15T21:00:00,85.35,85.52,84.71,85.11,714293.75
2026-02-15T22:00:00,85.1,85.78,85.05,85.75,551038.2
2026-02-15T23:00:00,85.76,85.86,84.4,84.65,914080.35
2026-02-16T00:00:00,84.65,85.17,84.47,85.0,551689.9
2026-02-16T01:00:00,85.01,85.47,84.76,85.01,537216.42
2026-02-16T02:00:00,85.02,85.45,84.99,85.32,590521.73
2026-02-16T03:00:00,85.33,86.2,85.32,85.93,904487.05
2026-02-16T04:00:00,85.93,85.98,85.56,85.69,461049.56
2026-02-16T05:00:00,85.69,85.92,84.4,85.46,1181451.93
2026-02-16T06:00:00,85.46,86.35,85.21,86.13,1601469.2
2026-02-16T07:00:00,86.13,86.88,83.79,84.1,3424855.36
2026-02-16T08:00:00,84.09,84.62,83.39,83.98,1946286.87
2026-02-16T09:00:00,83.99,84.5,82.51,83.16,2266769.63
2026-02-16T10:00:00,83.16,84.06,83.05,83.92,1710184.57
2026-02-16T11:00:00,83.91,84.75,83.82,84.45,1153261.15
2026-02-16T12:00:00,84.45,85.11,84.42,84.47,837858.2
2026-02-16T13:00:00,84.48,85.07,84.17,84.57,571398.84
2026-02-16T14:00:00,84.57,85.45,84.44,85.31,768702.23
2026-02-16T15:00:00,85.31,86.08,85.06,85.97,714617.14
2026-02-16T16:00:00,85.97,86.2,85.52,85.67,593230.56
2026-02-16T17:00:00,85.66,86.61,85.61,86.39,828034.05
2026-02-16T18:00:00,86.39,87.11,86.23,86.56,1021635.62
2026-02-16T19:00:00,86.56,87.03,86.07,86.12,730589.95
2026-02-16T20:00:00,86.13,87.66,85.72,87.26,1055883.0
2026-02-16T21:00:00,87.26,87.32,86.27,86.31,741295.5
2026-02-16T22:00:00,86.31,86.61,85.87,86.32,767781.53
2026-02-16T23:00:00,86.32,86.44,85.38,86.16,712869.47
2026-02-17T00:00:00,86.16,86.76,86.15,86.44,426792.16
2026-02-17T01:00:00,86.44,86.49,85.87,86.42,444311.82
2026-02-17T02:00:00,86.42,86.71,85.84,85.89,800438.94
2026-02-17T03:00:00,85.9,86.13,85.61,85.87,440333.91
2026-02-17T04:00:00,85.87,85.99,84.82,84.99,899705.7
2026-02-17T05:00:00,84.99,85.25,84.67,85.04,629555.81
2026-02-17T06:00:00,85.05,85.53,84.46,84.58,962431.23
2026-02-17T07:00:00,84.59,85.47,84.31,84.94,1324796.59
2026-02-17T08:00:00,84.93,85.42,82.93,83.2,2584088.98
2026-02-17T09:00:00,83.2,83.85,82.86,83.76,2250697.85
2026-02-17T10:00:00,83.75,85.43,83.66,84.13,2052912.36
2026-02-17T11:00:00,84.13,84.28,83.08,83.64,1118298.17
2026-02-17T12:00:00,83.65,85.39,83.5,85.07,1228565.22
2026-02-17T13:00:00,85.07,85.72,84.58,84.8,1070485.19
2026-02-17T14:00:00,84.8,85.22,84.47,84.94,816314.9
2026-02-17T15:00:00,84.93,85.39,84.78,85.17,406470.17
2026-02-17T16:00:00,85.17,85.39,84.91,84.98,214094.18
2026-02-17T17:00:00,84.98,85.29,84.84,85.02,441374.07
2026-02-17T18:00:00,85.02,85.44,84.75,84.82,514966.59
2026-02-17T19:00:00,84.82,84.94,83.87,84.21,646005.62
2026-02-17T20:00:00,84.2,84.95,84.18,84.61,397368.17
2026-02-17T21:00:00,84.62,85.41,84.49,85.27,430978.42
2026-02-17T22:00:00,85.27,85.5,84.92,85.1,359687.59
2026-02-17T23:00:00,85.1,85.21,84.7,84.85,267740.18
2026-02-18T00:00:00,84.84,85.26,84.75,84.87,292642.45
2026-02-18T01:00:00,84.87,85.38,84.63,85.22,442897.89
2026-02-18T02:00:00,85.22,86.04,85.17,85.42,963551.2
2026-02-18T03:00:00,85.42,85.7,85.25,85.26,373487.09
2026-02-18T04:00:00,85.27,85.34,84.12,84.22,915637.04
2026-02-18T05:00:00,84.21,84.22,82.74,82.8,2196459.62
2026-02-18T06:00:00,82.79,83.28,82.24,82.94,1671622.42
2026-02-18T07:00:00,82.94,83.21,82.23,82.54,1111194.03
2026-02-18T08:00:00,82.54,82.82,81.62,82.49,1917347.16
2026-02-18T09:00:00,82.49,83.97,82.45,82.95,2041394.42
2026-02-18T10:00:00,82.96,83.04,82.0,82.23,1387194.08
2026-02-18T11:00:00,82.23,82.95,82.03,82.12,776768.49
2026-02-18T12:00:00,82.13,82.31,80.74,81.23,1841022.0
2026-02-18T13:00:00,81.22,81.55,80.37,80.87,1565915.42
2026-02-18T14:00:00,80.87,81.55,80.79,81.27,874447.6
2026-02-18T15:00:00,81.27,81.59,80.92,81.21,634983.81
2026-02-18T16:00:00,81.22,81.5,80.99,81.41,313211.51
2026-02-18T17:00:00,81.42,81.59,81.18,81.55,305204.5
2026-02-18T18:00:00,81.54,81.68,81.18,81.44,316470.09
2026-02-18T19:00:00,81.44,81.99,81.44,81.82,421307.66
2026-02-18T20:00:00,81.83,82.02,81.25,81.6,571292.73
2026-02-18T21:00:00,81.59,81.9,81.37,81.71,264099.6
2026-02-18T22:00:00,81.72,82.0,81.43,81.46,449861.42
2026-02-18T23:00:00,81.45,81.93,81.32,81.83,512490.49
2026-02-19T00:00:00,81.83,82.45,81.77,82.32,545010.9
2026-02-19T01:00:00,82.31,82.63,81.95,82.34,591050.79
2026-02-19T02:00:00,82.34,82.35,81.51,81.67,652920.08
2026-02-19T03:00:00,81.68,81.96,81.06,81.14,746717.52
2026-02-19T04:00:00,81.15,81.79,80.86,81.48,994257.88
2026-02-19T05:00:00,81.49,81.86,81.06,81.2,468789.27
2026-02-19T06:00:00,81.2,81.28,80.63,80.76,1003418.86
2026-02-19T07:00:00,80.76,80.88,79.57,79.96,1826615.15
2026-02-19T08:00:00,79.97,81.29,79.9,80.74,1971232.25
2026-02-19T09:00:00,80.74,81.26,79.91,80.59,1241099.16
2026-02-19T10:00:00,80.58,80.92,79.86,80.76,1239793.63
2026-02-19T11:00:00,80.76,81.9,80.17,80.42,1584806.77
2026-02-19T12:00:00,80.43,82.02,80.33,81.95,1158439.46
2026-02-19T13:00:00,81.95,82.19,81.02,81.9,962930.56
2026-02-19T14:00:00,81.9,82.34,81.63,82.06,725162.83
2026-02-19T15:00:00,82.05,82.14,81.78,82.02,322242.45
2026-02-19T16:00:00,82.02,82.5,81.86,82.29,481318.57
2026-02-19T17:00:00,82.29,82.52,82.07,82.46,333561.6
2026-02-19T18:00:00,82.46,83.5,82.27,82.85,1122342.16
2026-02-19T19:00:00,82.85,83.1,82.64,82.97,486149.54
2026-02-19T20:00:00,82.97,83.27,82.75,82.86,564127.55
2026-02-19T21:00:00,82.87,83.32,82.79,82.97,431705.96
2026-02-19T22:00:00,82.98,83.05,82.32,82.63,671734.47
2026-02-19T23:00:00,82.63,83.71,82.45,83.23,872140.07
2026-02-20T00:00:00,83.22,83.69,83.09,83.66,516578.33
2026-02-20T01:00:00,83.66,83.88,83.34,83.38,606152.72
2026-02-20T02:00:00,83.39,83.76,83.24,83.59,396588.12
2026-02-20T03:00:00,83.58,84.45,83.58,84.16,1060560.58
2026-02-20T04:00:00,84.15,84.81,83.99,84.05,1017582.92
2026-02-20T05:00:00,84.05,84.21,83.29,83.52,1291483.96
2026-02-20T06:00:00,83.53,83.99,83.31,83.67,744560.75
2026-02-20T07:00:00,83.67,83.67,81.71,82.15,2573140.91
2026-02-20T08:00:00,82.16,83.35,82.07,83.02,1701036.88
2026-02-20T09:00:00,83.02,84.76,82.62,84.33,3584206.83
2026-02-20T10:00:00,84.32,84.92,83.68,84.45,1874028.36
2026-02-20T11:00:00,84.45,84.56,82.75,84.44,2382904.86
2026-02-20T12:00:00,84.45,85.44,83.9,85.21,1961711.51
2026-02-20T13:00:00,85.2,85.34,84.33,84.72,735375.68
2026-02-20T14:00:00,84.71,85.19,84.36,84.57,500128.0
2026-02-20T15:00:00,84.57,84.72,84.25,84.52,539466.6
2026-02-20T16:00:00,84.51,84.73,84.06,84.55,500093.79
2026-02-20T17:00:00,84.54,84.67,84.23,84.62,315878.71
2026-02-20T18:00:00,84.62,84.71,84.29,84.4,330932.73
2026-02-20T19:00:00,84.4,84.81,84.4,84.65,238236.43
2026-02-20T20:00:00,84.64,84.98,84.48,84.76,272963.05
2026-02-20T21:00:00,84.76,84.79,84.16,84.29,444080.33
2026-02-20T22:00:00,84.3,84.46,84.08,84.36,244360.55
2026-02-20T23:00:00,84.35,84.54,84.33,84.42,168450.46
2026-02-21T00:00:00,84.42,84.74,83.96,84.08,600933.1
2026-02-21T01:00:00,84.07,84.29,83.91,84.18,355101.39
2026-02-21T02:00:00,84.17,84.69,84.14,84.67,330980.56
2026-02-21T03:00:00,84.66,85.15,84.61,84.86,626424.05
2026-02-21T04:00:00,84.87,85.24,84.84,85.11,326325.57
2026-02-21T05:00:00,85.11,85.67,85.09,85.35,689059.9
2026-02-21T06:00:00,85.35,85.49,84.96,85.25,544309.84
2026-02-21T07:00:00,85.26,85.93,85.11,85.81,611907.68
2026-02-21T08:00:00,85.81,86.63,85.58,86.27,1455277.99
2026-02-21T09:00:00,86.27,86.68,86.13,86.52,719820.62
2026-02-21T10:00:00,86.52,86.62,85.8,86.1,869084.67
2026-02-21T11:00:00,86.09,86.42,85.77,86.19,779240.3
2026-02-21T12:00:00,86.19,86.67,86.13,86.53,495249.61
2026-02-21T13:00:00,86.53,86.64,86.13,86.17,348692.35
2026-02-21T14:00:00,86.16,86.17,85.21,85.41,800075.89
2026-02-21T15:00:00,85.42,85.8,85.35,85.79,396031.25
2026-02-21T16:00:00,85.79,85.85,85.32,85.4,316604.2
2026-02-21T17:00:00,85.41,85.51,85.07,85.12,504412.46
2026-02-21T18:00:00,85.12,85.18,84.71,85.01,582817.68
2026-02-21T19:00:00,85.01,85.38,85.0,85.28,456387.17
2026-02-21T20:00:00,85.28,85.56,84.8,84.9,484645.02
2026-02-21T21:00:00,84.91,85.11,84.62,85.03,470545.86
2026-02-21T22:00:00,85.03,85.3,84.91,85.1,238929.57
2026-02-21T23:00:00,85.1,85.16,84.73,84.93,273075.88
2026-02-22T00:00:00,84.92,85.28,84.89,85.24,308228.1
2026-02-22T01:00:00,85.24,85.5,85.09,85.19,495812.36
2026-02-22T02:00:00,85.19,85.21,84.81,84.91,374719.57
2026-02-22T03:00:00,84.91,85.14,84.88,84.97,203290.96
2026-02-22T04:00:00,84.97,85.25,84.94,85.16,241247.79
2026-02-22T05:00:00,85.17,85.43,85.09,85.2,275723.77
2026-02-22T06:00:00,85.2,85.26,84.27,84.4,964907.34
2026-02-22T07:00:00,84.4,84.59,83.62,83.94,1180889.09
2026-02-22T08:00:00,83.95,84.03,83.32,83.6,1140990.52
2026-02-22T09:00:00,83.6,83.68,82.94,83.44,1559849.95
2026-02-22T10:00:00,83.44,83.58,83.13,83.52,441868.66
2026-02-22T11:00:00,83.53,83.56,82.76,83.01,785830.25
2026-02-22T12:00:00,83.0,83.24,82.91,83.16,393500.79
2026-02-22T13:00:00,83.16,83.36,82.97,83.25,232251.96
2026-02-22T14:00:00,83.24,83.32,82.91,82.97,451927.27
2026-02-22T15:00:00,82.97,83.53,82.97,83.44,289012.19
2026-02-22T16:00:00,83.44,83.66,83.03,83.52,507598.24
2026-02-22T17:00:00,83.52,83.6,82.43,82.75,1152990.25
2026-02-22T18:00:00,82.75,82.81,81.26,81.34,1358483.17
2026-02-22T19:00:00,81.33,81.33,77.39,77.88,6426229.44
2026-02-22T20:00:00,77.88,78.37,77.45,77.79,1721771.38
2026-02-22T21:00:00,77.78,78.23,77.16,77.57,1545407.03
2026-02-22T22:00:00,77.58,77.66,77.06,77.29,937844.69
2026-02-22T23:00:00,77.3,77.98,77.25,77.74,1366222.64
2026-02-23T00:00:00,77.74,79.1,77.57,79.01,1906823.53
2026-02-23T01:00:00,79.0,79.63,78.83,79.32,1214368.59
2026-02-23T02:00:00,79.32,79.33,78.44,78.69,1201485.29
2026-02-23T03:00:00,78.69,80.48,78.69,80.4,1986515.49
2026-02-23T04:00:00,80.4,80.63,80.03,80.22,1051718.99
2026-02-23T05:00:00,80.22,80.5,79.9,79.99,714984.57
2026-02-23T06:00:00,79.99,80.93,79.81,80.65,1490843.06
2026-02-23T07:00:00,80.65,81.06,80.37,80.47,1320628.72
2026-02-23T08:00:00,80.47,80.76,79.36,80.09,2435669.86
2026-02-23T09:00:00,80.09,80.29,79.15,79.35,1640658.32
2026-02-23T10:00:00,79.36,79.76,78.61,78.92,2003221.99
2026-02-23T11:00:00,78.93,79.11,77.21,78.27,2432078.28
2026-02-23T12:00:00,78.28,79.26,78.0,78.57,1630953.09
2026-02-23T13:00:00,78.58,78.87,77.88,78.25,1110452.43
2026-02-23T14:00:00,78.24,78.5,77.8,78.26,937774.25
2026-02-23T15:00:00,78.26,78.69,78.13,78.33,716229.08
2026-02-23T16:00:00,78.33,78.87,78.2,78.21,717362.09
2026-02-23T17:00:00,78.21,78.5,77.57,77.87,668599.56
2026-02-23T18:00:00,77.86,78.49,77.85,78.41,662279.53
2026-02-23T19:00:00,78.4,78.42,75.68,77.63,3291013.22
2026-02-23T20:00:00,77.62,78.38,77.46,77.58,916891.98
2026-02-23T21:00:00,77.59,77.59,76.43,76.84,1359040.92
2026-02-23T22:00:00,76.84,77.04,76.06,76.8,1235165.01
2026-02-23T23:00:00,76.8,77.29,76.15,76.59,1175168.39
2026-02-24T00:00:00,76.58,76.89,76.33,76.55,570030.53
2026-02-24T01:00:00,76.55,77.19,76.45,76.79,771912.21
2026-02-24T02:00:00,76.8,77.15,76.43,76.98,660203.7
2026-02-24T03:00:00,76.97,77.09,75.87,76.61,995095.29
2026-02-24T04:00:00,76.61,76.79,76.35,76.71,440130.13
2026-02-24T05:00:00,76.71,76.86,76.44,76.71,396014.53
2026-02-24T06:00:00,76.71,77.01,76.45,76.54,619524.77
2026-02-24T07:00:00,76.55,76.75,75.99,76.52,1078039.78
2026-02-24T08:00:00,76.51,77.39,75.57,76.83,2636718.06
2026-02-24T09:00:00,76.84,77.45,76.55,77.25,1338868.42
2026-02-24T10:00:00,77.26,78.2,77.17,78.06,1729240.43
2026-02-24T11:00:00,78.07,78.45,77.74,77.93,1138179.8
2026-02-24T12:00:00,77.92,78.28,77.51,78.14,688056.46
2026-02-24T13:00:00,78.14,78.47,77.82,78.32,648260.91
2026-02-24T14:00:00,78.33,78.86,78.28,78.61,831433.85
2026-02-24T15:00:00,78.6,78.67,78.06,78.48,663208.55
2026-02-24T16:00:00,78.48,79.34,78.39,79.02,731907.28
2026-02-24T17:00:00,79.02,79.56,78.59,78.91,957007.55
2026-02-24T18:00:00,78.92,79.37,78.66,79.14,641745.89
2026-02-24T19:00:00,79.13,82.53,79.04,81.94,4217964.18
2026-02-24T20:00:00,81.95,82.97,81.93,82.41,1809415.86
2026-02-24T21:00:00,82.42,82.53,81.58,81.72,1185220.03
2026-02-24T22:00:00,81.71,82.41,81.24,81.93,1342531.46
2026-02-24T23:00:00,81.92,82.14,80.93,81.26,1416645.98
2026-02-25T00:00:00,81.25,81.85,81.11,81.53,784760.13
2026-02-25T01:00:00,81.53,82.38,81.45,82.13,927637.25
2026-02-25T02:00:00,82.14,82.52,81.88,82.44,964032.38
2026-02-25T03:00:00,82.45,82.66,82.18,82.49,819350.57
2026-02-25T04:00:00,82.49,82.93,82.41,82.51,760040.86
2026-02-25T05:00:00,82.51,83.38,82.26,83.33,1185040.51
2026-02-25T06:00:00,83.34,84.06,82.85,83.64,1722082.73
2026-02-25T07:00:00,83.64,84.4,83.29,83.78,1786056.98
2026-02-25T08:00:00,83.79,85.75,83.75,85.59,2699059.15
2026-02-25T09:00:00,85.59,86.43,84.95,85.92,2917760.96
2026-02-25T10:00:00,85.92,87.67,85.92,87.5,2892063.18
2026-02-25T11:00:00,87.51,88.92,87.35,88.52,2767251.06
2026-02-25T12:00:00,88.51,89.15,87.96,88.91,1770585.02
2026-02-25T13:00:00,88.9,89.6,88.31,89.39,1501134.62
2026-02-25T14:00:00,89.4,90.08,88.93,89.34,1722033.33
2026-02-25T15:00:00,89.33,92.09,89.33,89.81,2883574.91
2026-02-25T16:00:00,89.82,90.5,88.33,89.07,1575524.4
2026-02-25T17:00:00,89.06,89.32,87.05,88.01,2147775.14
2026-02-25T18:00:00,88.01,89.22,87.79,88.55,1775791.39
2026-02-25T19:00:00,88.56,89.13,88.17,88.39,755295.53
2026-02-25T20:00:00,88.39,88.44,87.51,88.16,1036878.75
2026-02-25T21:00:00,88.15,88.34,87.73,87.91,506794.72
2026-02-25T22:00:00,87.91,89.0,87.79,88.68,829598.97
2026-02-25T23:00:00,88.69,88.69,87.18,87.72,1071149.34
2026-02-26T00:00:00,87.73,87.97,87.32,87.59,537172.1
2026-02-26T01:00:00,87.59,87.84,87.17,87.21,618569.13
2026-02-26T02:00:00,87.21,87.83,87.2,87.24,735745.07
2026-02-26T03:00:00,87.24,88.64,87.15,88.27,1294360.32
2026-02-26T04:00:00,88.26,88.54,87.22,87.4,867833.53
2026-02-26T05:00:00,87.4,87.57,86.53,86.76,1080967.6
2026-02-26T06:00:00,86.76,87.74,86.66,87.63,678661.28
2026-02-26T07:00:00,87.62,88.04,87.42,87.57,595944.7
2026-02-26T08:00:00,87.58,88.22,86.23,86.97,2082352.44
2026-02-26T09:00:00,86.97,87.05,85.22,86.52,2950274.32
2026-02-26T10:00:00,86.52,86.71,84.25,84.53,2746885.34
2026-02-26T11:00:00,84.54,85.29,84.44,84.85,1405282.84
2026-02-26T12:00:00,84.84,85.66,84.4,85.33,1329631.17
2026-02-26T13:00:00,85.32,86.65,85.28,86.41,1377420.99
2026-02-26T14:00:00,86.42,86.83,85.79,85.98,744865.03
2026-02-26T15:00:00,85.97,86.26,85.68,85.89,495037.34
2026-02-26T16:00:00,85.9,86.21,85.73,86.08,275096.82
2026-02-26T17:00:00,86.08,86.11,85.71,85.86,319157.6
2026-02-26T18:00:00,85.86,86.0,85.14,85.8,752429.81
2026-02-26T19:00:00,85.8,86.11,85.25,86.09,961077.29
2026-02-26T20:00:00,86.09,86.75,85.89,86.52,576560.55
2026-02-26T21:00:00,86.52,87.77,86.3,87.57,926383.21
2026-02-26T22:00:00,87.57,88.26,87.41,87.49,1370939.44
2026-02-26T23:00:00,87.49,87.8,87.32,87.48,500341.68
2026-02-27T00:00:00,87.48,87.57,86.79,87.28,782371.44
2026-02-27T01:00:00,87.27,87.4,86.74,87.26,714801.96
2026-02-27T02:00:00,87.27,87.88,87.14,87.52,899249.29
2026-02-27T03:00:00,87.52,87.78,86.18,86.27,1035406.16
2026-02-27T04:00:00,86.26,86.45,84.5,84.65,1781115.68
2026-02-27T05:00:00,84.66,84.9,83.27,83.53,1916895.76
2026-02-27T06:00:00,83.52,83.71,82.56,83.05,1675399.83
2026-02-27T07:00:00,83.06,83.5,81.89,83.01,2748887.67
2026-02-27T08:00:00,83.01,83.31,82.03,82.32,1921458.88
2026-02-27T09:00:00,82.32,83.03,82.24,82.64,1528066.22
2026-02-27T10:00:00,82.63,82.64,81.24,81.29,1990173.07
2026-02-27T11:00:00,81.29,81.88,81.05,81.78,1502750.75
2026-02-27T12:00:00,81.78,81.99,81.35,81.45,873210.43
2026-02-27T13:00:00,81.45,81.69,81.08,81.52,528282.46
2026-02-27T14:00:00,81.52,81.84,81.17,81.41,813862.36
2026-02-27T15:00:00,81.41,81.79,80.81,81.17,854947.62
2026-02-27T16:00:00,81.16,81.56,80.26,81.38,1074371.05
2026-02-27T17:00:00,81.39,82.07,81.3,81.8,868734.68
2026-02-27T18:00:00,81.8,82.1,81.53,82.06,593992.68
2026-02-27T19:00:00,82.07,82.22,81.66,81.73,472456.19
2026-02-27T20:00:00,81.72,82.15,81.64,82.07,288857.55
2026-02-27T21:00:00,82.08,82.08,81.47,81.69,405773.79
2026-02-27T22:00:00,81.68,81.85,81.15,81.59,556507.65
2026-02-27T23:00:00,81.59,81.76,81.23,81.5,305479.48
2026-02-28T00:00:00,81.49,81.5,77.06,77.48,5409398.42
2026-02-28T01:00:00,77.48,79.64,77.06,78.63,3642919.91
2026-02-28T02:00:00,78.64,78.67,77.78,77.95,1339541.87
2026-02-28T03:00:00,77.94,78.66,77.67,78.34,1091045.54
2026-02-28T04:00:00,78.34,79.11,77.91,79.05,1361416.55
2026-02-28T05:00:00,79.04,79.53,78.58,78.71,1090404.13
2026-02-28T06:00:00,78.71,79.16,78.55,78.86,660914.51
2026-02-28T07:00:00,78.87,80.95,78.63,80.75,2646939.27
2026-02-28T08:00:00,80.75,81.46,79.96,80.19,2878427.86
2026-02-28T09:00:00,80.19,81.1,79.54,80.87,1584965.54
2026-02-28T10:00:00,80.86,81.29,80.43,81.02,970543.06
2026-02-28T11:00:00,81.01,81.48,80.52,81.33,748729.05
2026-02-28T12:00:00,81.32,82.87,81.03,82.29,1678723.02
2026-02-28T13:00:00,82.29,82.73,81.39,82.15,1735733.21
2026-02-28T14:00:00,82.15,85.0,81.9,84.83,2775661.69
2026-02-28T15:00:00,84.83,85.02,83.53,84.44,1561938.64
2026-02-28T16:00:00,84.44,85.63,84.2,84.25,1070480.07
2026-02-28T17:00:00,84.25,84.69,83.87,84.29,746698.85
2026-02-28T18:00:00,84.29,84.98,84.27,84.82,848678.89
2026-02-28T19:00:00,84.83,87.48,84.22,86.7,2453817.86
2026-02-28T20:00:00,86.7,88.88,86.69,87.92,2965944.71
2026-02-28T21:00:00,87.92,88.3,87.59,87.98,1067198.95
2026-02-28T22:00:00,87.99,88.23,86.83,87.5,1457454.08
2026-02-28T23:00:00,87.51,87.99,87.16,87.23,673374.61
2026-03-01T00:00:00,87.23,87.36,86.11,86.63,1440528.36
2026-03-01T01:00:00,86.63,86.86,86.23,86.58,639947.52
2026-03-01T02:00:00,86.59,86.79,85.01,85.17,1274315.28
2026-03-01T03:00:00,85.18,85.83,84.77,84.96,1348849.85
2026-03-01T04:00:00,84.96,85.63,84.67,85.18,1008455.63
2026-03-01T05:00:00,85.18,85.48,84.94,85.13,460051.91
2026-03-01T06:00:00,85.13,85.36,84.72,84.84,654620.77
2026-03-01T07:00:00,84.83,86.95,84.46,86.02,2149306.17
2026-03-01T08:00:00,86.03,86.86,85.37,85.75,1509617.49
2026-03-01T09:00:00,85.74,86.64,85.56,85.61,1133059.71
2026-03-01T10:00:00,85.61,86.05,83.51,83.96,2499321.11
2026-03-01T11:00:00,83.97,84.26,83.14,83.85,1816607.42
2026-03-01T12:00:00,83.85,84.99,83.8,83.89,1419989.39
2026-03-01T13:00:00,83.9,83.98,82.98,83.19,847167.85
2026-03-01T14:00:00,83.19,83.24,81.64,81.93,1805955.21
2026-03-01T15:00:00,81.93,82.98,81.88,82.89,947305.14
2026-03-01T16:00:00,82.9,84.17,82.32,82.68,1702756.06
2026-03-01T17:00:00,82.68,84.03,82.45,83.55,1223829.16
2026-03-01T18:00:00,83.55,85.19,83.43,84.95,1380719.13
2026-03-01T19:00:00,84.94,86.14,84.35,84.58,1371014.45
2026-03-01T20:00:00,84.59,84.74,83.41,84.11,1045307.76
2026-03-01T21:00:00,84.11,85.09,83.78,84.74,888994.62
2026-03-01T22:00:00,84.73,84.8,84.03,84.25,656636.45
2026-03-01T23:00:00,84.25,84.65,83.79,84.17,557559.86
2026-03-02T00:00:00,84.18,84.2,82.82,83.18,1195253.58
2026-03-02T01:00:00,83.19,83.25,82.32,82.9,975137.82
2026-03-02T02:00:00,82.9,83.6,82.3,83.4,1280919.12
2026-03-02T03:00:00,83.39,84.09,83.27,83.6,1098802.97
2026-03-02T04:00:00,83.6,84.08,83.31,83.85,929021.69
2026-03-02T05:00:00,83.85,84.28,83.41,83.85,836394.83
2026-03-02T06:00:00,83.84,84.11,83.52,83.64,598199.0
2026-03-02T07:00:00,83.63,83.8,82.85,83.03,1203103.35
2026-03-02T08:00:00,83.02,85.91,82.72,85.61,3413306.1
2026-03-02T09:00:00,85.6,88.96,85.41,88.74,5664800.2
2026-03-02T10:00:00,88.74,90.32,88.41,88.82,4017038.98
2026-03-02T11:00:00,88.81,88.96,86.36,87.57,2762170.99
2026-03-02T12:00:00,87.57,87.82,86.65,87.28,1281748.54
2026-03-02T13:00:00,87.27,87.75,86.78,87.62,1068399.75
2026-03-02T14:00:00,87.61,88.04,86.8,87.5,1290229.15
2026-03-02T15:00:00,87.5,87.71,87.09,87.49,868841.36
2026-03-02T16:00:00,87.49,88.19,87.18,87.98,639591.86
2026-03-02T17:00:00,87.99,88.04,86.27,86.59,1206970.07
2026-03-02T18:00:00,86.59,87.28,86.04,86.85,1205799.9
2026-03-02T19:00:00,86.86,87.13,86.08,86.1,592091.67
2026-03-02T20:00:00,86.1,86.3,85.16,86.15,1123846.67
2026-03-02T21:00:00,86.15,86.59,85.84,86.23,489858.61
2026-03-02T22:00:00,86.23,86.41,85.59,85.8,518271.78
2026-03-02T23:00:00,85.79,86.77,85.36,85.73,1278627.41
2026-03-03T00:00:00,85.74,85.94,85.34,85.78,710879.84
2026-03-03T01:00:00,85.78,86.26,85.33,85.53,918656.01
2026-03-03T02:00:00,85.52,85.73,83.88,84.2,1826683.65
2026-03-03T03:00:00,84.2,84.94,83.94,84.23,1562355.35
2026-03-03T04:00:00,84.24,84.52,83.63,83.86,1468400.82
2026-03-03T05:00:00,83.86,84.3,83.72,84.15,1373936.48
2026-03-03T06:00:00,84.15,85.32,84.06,84.37,1747027.9
2026-03-03T07:00:00,84.37,84.42,83.12,83.56,1303239.0
2026-03-03T08:00:00,83.56,84.39,82.4,83.2,2647893.55
2026-03-03T09:00:00,83.19,85.13,83.0,84.98,2450823.55
2026-03-03T10:00:00,84.97,87.31,84.27,85.34,4218539.89
2026-03-03T11:00:00,85.35,85.42,84.1,85.14,1633166.11
2026-03-03T12:00:00,85.13,85.99,84.46,85.35,1327071.23
2026-03-03T13:00:00,85.35,85.73,84.61,85.04,1303201.75
2026-03-03T14:00:00,85.04,85.42,84.61,84.81,774399.08
2026-03-03T15:00:00,84.8,85.13,84.13,85.08,662728.32
2026-03-03T16:00:00,85.08,86.61,85.06,86.24,995132.41
2026-03-03T17:00:00,86.23,87.43,86.14,86.92,1500606.93
2026-03-03T18:00:00,86.91,87.34,86.21,86.58,959260.14
2026-03-03T19:00:00,86.58,88.06,86.44,87.22,1492204.73
2026-03-03T20:00:00,87.23,87.44,86.49,87.02,823672.78
2026-03-03T21:00:00,87.01,87.02,85.12,85.71,1596098.02
2026-03-03T22:00:00,85.71,85.87,84.76,85.36,954521.65
2026-03-03T23:00:00,85.35,85.94,84.75,85.64,1122440.11
2026-03-04T00:00:00,85.63,86.0,84.92,85.56,968383.66
2026-03-04T01:00:00,85.56,87.49,85.45,87.38,1287939.65
2026-03-04T02:00:00,87.38,89.98,86.94,89.7,2693769.38
2026-03-04T03:00:00,89.69,91.48,89.18,90.5,3910698.36
2026-03-04T04:00:00,90.51,91.04,89.84,90.12,2394608.85
2026-03-04T05:00:00,90.12,90.62,89.36,89.73,1542305.04
2026-03-04T06:00:00,89.74,89.83,88.66,89.39,1530454.87
2026-03-04T07:00:00,89.39,90.14,89.26,89.94,1329710.96
2026-03-04T08:00:00,89.93,91.72,89.41,90.13,3318619.75
2026-03-04T09:00:00,90.12,93.12,90.09,92.88,3788559.24
2026-03-04T10:00:00,92.89,93.1,90.9,91.47,2532225.72
2026-03-04T11:00:00,91.47,92.19,90.57,91.49,1730330.36
2026-03-04T12:00:00,91.49,92.45,91.06,92.32,979910.74
2026-03-04T13:00:00,92.33,94.15,92.23,93.14,2309306.54
2026-03-04T14:00:00,93.13,93.73,92.64,92.81,1414915.52
2026-03-04T15:00:00,92.81,92.94,92.11,92.29,1002041.7
2026-03-04T16:00:00,92.3,92.83,91.13,91.28,958856.65
2026-03-04T17:00:00,91.28,91.4,90.24,90.82,1107731.23
2026-03-04T18:00:00,90.81,91.34,90.67,90.72,687281.37
2026-03-04T19:00:00,90.73,91.38,89.7,89.92,1581302.96
2026-03-04T20:00:00,89.92,90.64,89.89,90.13,767492.22
2026-03-04T21:00:00,90.14,90.49,89.55,89.98,714786.16
2026-03-04T22:00:00,89.98,90.69,89.83,90.35,742257.52
2026-03-04T23:00:00,90.36,90.58,89.97,90.12,569241.67
2026-03-05T00:00:00,90.13,90.96,89.63,90.81,831130.89
2026-03-05T01:00:00,90.82,91.25,89.65,90.11,1167653.14
2026-03-05T02:00:00,90.1,90.69,89.61,90.59,1039328.23
2026-03-05T03:00:00,90.6,91.88,90.56,91.13,1519430.58
2026-03-05T04:00:00,91.13,92.91,90.94,92.58,1573899.16
2026-03-05T05:00:00,92.59,92.72,91.58,91.76,952483.6
2026-03-05T06:00:00,91.77,92.15,91.22,91.92,1037401.06
2026-03-05T07:00:00,91.92,92.0,90.34,90.77,1503566.26
2026-03-05T08:00:00,90.76,91.44,89.77,90.96,2208188.65
2026-03-05T09:00:00,90.95,91.09,88.76,89.56,2754457.75
2026-03-05T10:00:00,89.56,89.58,87.85,88.9,2698984.73
2026-03-05T11:00:00,88.91,89.36,87.84,88.07,1451368.41
2026-03-05T12:00:00,88.07,88.86,87.96,88.77,756411.97
2026-03-05T13:00:00,88.76,89.35,88.62,88.68,864469.31
2026-03-05T14:00:00,88.69,89.53,88.5,89.17,1013858.04
2026-03-05T15:00:00,89.16,89.81,88.8,89.07,790031.0
2026-03-05T16:00:00,89.06,89.36,88.81,89.04,523575.96
2026-03-05T17:00:00,89.04,89.16,88.56,88.74,449515.96
2026-03-05T18:00:00,88.74,89.0,88.53,88.82,354849.89
2026-03-05T19:00:00,88.81,89.24,87.95,89.06,1068678.25
2026-03-05T20:00:00,89.07,89.26,88.15,88.31,1193652.36
2026-03-05T21:00:00,88.31,88.65,88.07,88.36,517482.6
2026-03-05T22:00:00,88.35,88.55,87.58,88.11,802151.58
2026-03-05T23:00:00,88.11,88.22,87.45,87.85,771486.15
2026-03-06T00:00:00,87.85,88.39,87.61,88.02,616358.19
2026-03-06T01:00:00,88.02,88.87,87.74,88.64,852627.19
2026-03-06T02:00:00,88.64,88.64,88.13,88.3,532562.58
2026-03-06T03:00:00,88.31,88.44,87.1,87.43,1245861.76
2026-03-06T04:00:00,87.43,87.91,87.34,87.64,584634.1
2026-03-06T05:00:00,87.64,87.95,87.05,87.21,781646.69
2026-03-06T06:00:00,87.21,87.23,85.84,86.43,2421150.74
2026-03-06T07:00:00,86.43,87.06,85.51,85.54,2275628.41
2026-03-06T08:00:00,85.53,85.69,83.89,84.27,3213714.47
2026-03-06T09:00:00,84.26,85.28,84.13,84.57,1981752.18
2026-03-06T10:00:00,84.57,84.95,84.02,84.28,1104736.43
2026-03-06T11:00:00,84.29,84.63,83.52,84.14,1411452.19
2026-03-06T12:00:00,84.14,85.57,84.11,85.2,1438738.66
2026-03-06T13:00:00,85.21,85.83,85.08,85.14,884854.8
2026-03-06T14:00:00,85.14,85.41,84.51,84.96,820683.18
2026-03-06T15:00:00,84.96,85.06,84.39,84.68,585262.43
2026-03-06T16:00:00,84.69,85.01,84.5,84.92,371029.87
2026-03-06T17:00:00,84.93,85.01,84.57,84.64,265010.7
2026-03-06T18:00:00,84.65,85.03,84.46,84.7,404382.62
2026-03-06T19:00:00,84.7,84.84,84.54,84.66,283996.15
2026-03-06T20:00:00,84.66,84.7,84.24,84.61,408606.94
2026-03-06T21:00:00,84.6,85.03,84.3,84.47,431938.46
2026-03-06T22:00:00,84.48,84.51,83.9,84.22,605141.91
2026-03-06T23:00:00,84.22,84.45,84.04,84.28,333091.36
2026-03-07T00:00:00,84.29,84.3,83.82,84.0,403701.58
2026-03-07T01:00:00,84.0,84.48,83.83,84.27,586796.71
2026-03-07T02:00:00,84.27,84.62,84.07,84.31,580375.31
2026-03-07T03:00:00,84.31,84.65,84.15,84.51,313718.58
2026-03-07T04:00:00,84.52,84.71,84.34,84.43,291829.68
2026-03-07T05:00:00,84.42,84.87,84.18,84.61,527542.43
2026-03-07T06:00:00,84.6,84.73,84.22,84.24,378003.98
2026-03-07T07:00:00,84.25,84.48,84.06,84.24,381200.93
2026-03-07T08:00:00,84.24,84.4,83.58,84.16,1055554.47
2026-03-07T09:00:00,84.17,84.19,83.26,83.69,864941.41
2026-03-07T10:00:00,83.69,83.75,83.44,83.53,391702.05
2026-03-07T11:00:00,83.53,84.03,83.49,83.56,484595.8
2026-03-07T12:00:00,83.57,83.58,82.85,83.32,761646.99
2026-03-07T13:00:00,83.33,83.33,82.22,82.47,1259939.38
2026-03-07T14:00:00,82.47,83.07,82.46,82.97,520755.62
2026-03-07T15:00:00,82.98,83.25,82.83,83.22,376427.33
2026-03-07T16:00:00,83.23,83.28,82.6,82.93,361649.74
2026-03-07T17:00:00,82.93,83.21,82.87,83.17,227694.18
2026-03-07T18:00:00,83.17,83.44,82.86,83.02,468974.8
2026-03-07T19:00:00,83.02,83.17,82.64,82.93,421190.47
2026-03-07T20:00:00,82.93,83.04,82.03,82.32,865325.45
2026-03-07T21:00:00,82.32,82.69,82.2,82.27,610558.45
2026-03-07T22:00:00,82.28,82.5,81.67,81.9,678679.94
2026-03-07T23:00:00,81.9,82.74,81.88,82.43,550739.82
2026-03-08T00:00:00,82.43,82.57,82.21,82.39,409864.6
2026-03-08T01:00:00,82.39,83.06,82.34,82.9,662088.39
2026-03-08T02:00:00,82.89,83.07,82.43,83.04,498281.97
2026-03-08T03:00:00,83.03,83.34,82.72,83.1,733170.13
2026-03-08T04:00:00,83.11,84.07,83.09,83.59,997322.75
2026-03-08T05:00:00,83.6,83.6,82.56,82.74,1057253.91
2026-03-08T06:00:00,82.75,82.95,81.54,82.25,1744143.49
2026-03-08T07:00:00,82.26,82.42,81.11,82.03,1708813.83
2026-03-08T08:00:00,82.02,82.33,81.89,82.25,726121.96
2026-03-08T09:00:00,82.25,82.36,81.77,81.99,578616.36
2026-03-08T10:00:00,81.99,82.11,81.29,81.46,751234.32
2026-03-08T11:00:00,81.46,81.94,81.31,81.63,625737.77
2026-03-08T12:00:00,81.63,81.76,81.23,81.54,487124.86
2026-03-08T13:00:00,81.55,82.62,81.44,82.44,937601.92
2026-03-08T14:00:00,82.43,82.93,82.05,82.27,661858.73
2026-03-08T15:00:00,82.27,82.38,81.65,82.2,551973.55
2026-03-08T16:00:00,82.19,82.47,80.18,81.96,3076430.25
2026-03-08T17:00:00,81.96,82.4,81.43,81.56,910735.95
2026-03-08T18:00:00,81.57,83.26,81.5,82.29,1346743.04
2026-03-08T19:00:00,82.29,82.87,81.82,82.05,943327.9
2026-03-08T20:00:00,82.05,82.9,81.6,82.62,1069215.45
2026-03-08T21:00:00,82.62,84.47,82.57,83.1,2081934.14
2026-03-08T22:00:00,83.1,83.83,83.02,83.15,709935.0
2026-03-08T23:00:00,83.15,84.58,83.07,84.24,1421657.51
2026-03-09T00:00:00,84.24,84.26,83.04,83.07,857768.59
2026-03-09T01:00:00,83.07,83.25,82.25,83.12,1211708.81
2026-03-09T02:00:00,83.12,83.81,82.87,83.67,917827.04
2026-03-09T03:00:00,83.68,84.56,83.26,83.97,1077347.31
2026-03-09T04:00:00,83.98,84.19,83.44,83.68,702046.64
2026-03-09T05:00:00,83.69,83.88,83.04,83.52,705159.08
2026-03-09T06:00:00,83.52,84.17,83.34,83.96,831150.07
2026-03-09T07:00:00,83.96,85.71,83.94,85.11,2377954.31
2026-03-09T08:00:00,85.1,85.7,84.51,85.25,1932076.89
2026-03-09T09:00:00,85.24,85.42,84.58,85.01,985892.52
2026-03-09T10:00:00,85.0,85.6,84.66,85.09,983267.64
2026-03-09T11:00:00,85.09,85.38,84.27,85.05,1409292.86
2026-03-09T12:00:00,85.04,85.54,84.43,85.15,1324953.23
2026-03-09T13:00:00,85.15,87.0,85.03,85.92,2452284.46
2026-03-09T14:00:00,85.93,86.14,85.25,85.77,787508.19
2026-03-09T15:00:00,85.76,86.32,85.63,85.97,772917.78
2026-03-09T16:00:00,85.96,86.27,85.52,85.67,834425.61
2026-03-09T17:00:00,85.67,85.95,84.78,84.91,708696.04
2026-03-09T18:00:00,84.91,85.93,84.79,85.52,1041499.98
2026-03-09T19:00:00,85.53,85.94,85.05,85.69,530957.62
2026-03-09T20:00:00,85.68,86.86,85.41,86.57,1353164.93
2026-03-09T21:00:00,86.57,86.71,85.45,85.52,965086.59
2026-03-09T22:00:00,85.51,86.62,85.34,86.51,1028789.9
2026-03-09T23:00:00,86.51,86.96,86.3,86.36,850199.8
2026-03-10T00:00:00,86.37,86.66,85.94,86.32,613773.52
2026-03-10T01:00:00,86.31,86.86,86.14,86.66,774621.72
2026-03-10T02:00:00,86.67,87.38,86.52,86.65,1585417.23
2026-03-10T03:00:00,86.65,87.46,86.59,87.17,976921.6
2026-03-10T04:00:00,87.18,87.65,86.75,87.04,709068.7
2026-03-10T05:00:00,87.04,87.15,86.57,86.75,619945.82
2026-03-10T06:00:00,86.75,86.79,86.23,86.64,731312.72
2026-03-10T07:00:00,86.63,87.25,85.7,86.01,1906835.33
2026-03-10T08:00:00,86.02,88.2,84.86,88.07,3055527.51
2026-03-10T09:00:00,88.06,88.58,87.23,88.31,2114313.7
2026-03-10T10:00:00,88.31,88.67,87.61,88.36,1551122.33
2026-03-10T11:00:00,88.35,88.78,87.58,87.9,1223685.28
2026-03-10T12:00:00,87.9,87.97,86.03,86.19,2084958.65
2026-03-10T13:00:00,86.18,86.42,85.59,85.97,1280548.03
2026-03-10T14:00:00,85.96,86.36,85.89,86.2,575158.84
2026-03-10T15:00:00,86.2,86.39,85.2,85.67,952197.34
2026-03-10T16:00:00,85.66,85.81,84.95,85.48,910810.8
2026-03-10T17:00:00,85.47,85.85,85.31,85.83,549275.65
2026-03-10T18:00:00,85.82,86.18,85.53,85.97,770940.4
2026-03-10T19:00:00,85.97,86.22,85.6,86.03,419763.42
2026-03-10T20:00:00,86.03,86.16,85.43,85.87,519181.92
2026-03-10T21:00:00,85.87,86.13,85.48,85.56,503618.55
2026-03-10T22:00:00,85.57,86.79,85.43,86.65,1136040.69
2026-03-10T23:00:00,86.65,86.83,85.54,85.66,1045028.17
2026-03-11T00:00:00,85.66,86.12,85.6,85.97,536071.86
2026-03-11T01:00:00,85.97,86.08,85.07,85.39,658562.47
2026-03-11T02:00:00,85.39,85.57,85.01,85.43,772510.61
2026-03-11T03:00:00,85.43,85.53,84.64,84.83,783106.19
2026-03-11T04:00:00,84.82,85.5,84.79,85.22,658328.95
2026-03-11T05:00:00,85.21,85.28,84.3,84.51,1191666.41
2026-03-11T06:00:00,84.5,85.66,84.3,85.14,1361319.53
2026-03-11T07:00:00,85.14,87.35,85.05,85.91,3341017.3
2026-03-11T08:00:00,85.9,87.12,85.68,86.49,1940322.47
2026-03-11T09:00:00,86.5,86.61,84.49,85.37,2028073.12
2026-03-11T10:00:00,85.37,86.56,85.24,86.39,1193533.68
2026-03-11T11:00:00,86.39,87.81,86.38,87.21,2304114.24
2026-03-11T12:00:00,87.21,88.06,87.1,87.76,1796234.34
2026-03-11T13:00:00,87.76,87.81,86.98,87.25,917919.52
2026-03-11T14:00:00,87.25,87.4,86.97,87.25,496885.95
2026-03-11T15:00:00,87.25,87.57,87.09,87.49,344725.91
2026-03-11T16:00:00,87.5,87.9,86.78,87.01,627089.41
2026-03-11T17:00:00,87.01,87.17,86.4,86.52,570144.58
2026-03-11T18:00:00,86.52,86.73,86.32,86.62,388214.23
2026-03-11T19:00:00,86.61,86.65,85.88,85.99,726214.08
2026-03-11T20:00:00,85.98,86.1,85.1,85.15,1196920.19
2026-03-11T21:00:00,85.14,85.36,84.63,84.94,1038139.69
2026-03-11T22:00:00,84.94,85.35,84.82,85.04,802832.63
2026-03-11T23:00:00,85.03,85.26,84.82,85.08,443046.66
2026-03-12T00:00:00,85.08,85.36,84.91,85.32,418214.54
2026-03-12T01:00:00,85.32,85.86,84.93,85.77,935502.06
2026-03-12T02:00:00,85.77,86.13,85.34,85.9,906424.8
2026-03-12T03:00:00,85.9,86.67,85.4,86.15,831572.38
2026-03-12T04:00:00,86.15,87.02,85.98,86.72,1210388.47
2026-03-12T05:00:00,86.71,87.1,86.58,86.75,912199.71
2026-03-12T06:00:00,86.75,87.46,86.51,87.2,1252744.87
2026-03-12T07:00:00,87.21,87.66,86.3,86.7,2022282.92
2026-03-12T08:00:00,86.7,87.63,85.13,85.47,2531754.15
2026-03-12T09:00:00,85.48,86.98,85.03,86.53,2026174.95
2026-03-12T10:00:00,86.52,87.05,85.73,86.77,1613294.05
2026-03-12T11:00:00,86.76,86.96,86.27,86.56,892278.64
2026-03-12T12:00:00,86.55,86.77,85.75,85.82,755561.6
2026-03-12T13:00:00,85.82,86.92,85.61,86.75,804080.22
2026-03-12T14:00:00,86.75,86.92,86.37,86.41,525059.82
2026-03-12T15:00:00,86.41,86.66,86.11,86.49,341259.02
2026-03-12T16:00:00,86.49,86.57,85.9,86.24,489130.57
2026-03-12T17:00:00,86.25,87.18,86.22,86.8,881513.74
2026-03-12T18:00:00,86.79,91.15,86.66,89.75,5177718.27
2026-03-12T19:00:00,89.74,90.72,89.73,90.45,1453839.24
2026-03-12T20:00:00,90.45,90.56,88.89,89.05,1154901.11
2026-03-12T21:00:00,89.05,89.95,88.84,89.66,1018953.95
2026-03-12T22:00:00,89.66,89.71,89.16,89.3,442214.7
2026-03-12T23:00:00,89.3,89.43,88.85,89.04,765628.97
2026-03-13T00:00:00,89.04,89.19,88.21,88.38,910066.43
2026-03-13T01:00:00,88.37,88.93,88.1,88.62,1042887.59
2026-03-13T02:00:00,88.62,89.62,88.27,89.1,1105410.15
2026-03-13T03:00:00,89.09,89.6,88.72,89.47,704213.64
2026-03-13T04:00:00,89.46,90.26,89.41,90.14,1351585.57
2026-03-13T05:00:00,90.14,90.41,89.92,90.27,843904.58
2026-03-13T06:00:00,90.27,91.36,90.08,90.94,1387433.37
2026-03-13T07:00:00,90.95,92.29,90.88,91.83,2969288.65
2026-03-13T08:00:00,91.82,93.38,90.42,90.67,4058854.03
2026-03-13T09:00:00,90.66,91.21,89.24,89.42,2357088.68
2026-03-13T10:00:00,89.43,89.91,88.76,89.55,1791749.7
2026-03-13T11:00:00,89.56,90.14,88.52,88.82,1526137.26
2026-03-13T12:00:00,88.83,89.08,88.3,88.77,1194861.7
2026-03-13T13:00:00,88.76,89.0,88.3,88.86,919401.37
2026-03-13T14:00:00,88.86,89.06,88.48,88.84,683066.53
2026-03-13T15:00:00,88.84,89.09,88.24,88.53,509743.73
2026-03-13T16:00:00,88.52,88.61,87.68,87.97,960928.26
2026-03-13T17:00:00,87.96,88.21,87.75,88.12,385291.1
2026-03-13T18:00:00,88.11,88.33,87.79,87.89,489478.88
2026-03-13T19:00:00,87.88,88.33,87.75,88.19,439669.85
2026-03-13T20:00:00,88.19,88.28,87.93,88.18,236784.34
2026-03-13T21:00:00,88.18,88.57,88.17,88.35,450142.49
2026-03-13T22:00:00,88.35,88.66,88.16,88.2,461409.08
2026-03-13T23:00:00,88.2,88.35,87.83,88.03,553314.35
2026-03-14T00:00:00,88.02,88.05,86.87,87.2,1117172.4
2026-03-14T01:00:00,87.2,87.38,87.11,87.27,366247.24
2026-03-14T02:00:00,87.27,87.51,87.01,87.08,410260.54
2026-03-14T03:00:00,87.09,87.26,86.56,86.78,605017.16
2026-03-14T04:00:00,86.79,86.88,86.41,86.6,582525.49
2026-03-14T05:00:00,86.61,86.96,86.58,86.9,484615.4
2026-03-14T06:00:00,86.9,87.07,86.74,87.04,516965.0
2026-03-14T07:00:00,87.05,87.31,86.96,87.04,470622.97
2026-03-14T08:00:00,87.04,87.18,86.57,86.66,501222.51
2026-03-14T09:00:00,86.65,86.87,86.57,86.67,299611.17
2026-03-14T10:00:00,86.67,87.07,86.57,87.01,370203.82
2026-03-14T11:00:00,87.01,87.04,86.77,86.82,221405.09
2026-03-14T12:00:00,86.82,87.06,86.73,86.98,207747.06
2026-03-14T13:00:00,86.97,87.03,86.84,86.95,171697.32
2026-03-14T14:00:00,86.96,87.1,86.82,87.02,209036.54
2026-03-14T15:00:00,87.02,87.29,86.8,87.22,220991.0
2026-03-14T16:00:00,87.22,87.41,87.15,87.25,268532.07
2026-03-14T17:00:00,87.26,88.12,87.25,87.99,817996.88
2026-03-14T18:00:00,88.0,88.16,87.62,87.7,455938.67
2026-03-14T19:00:00,87.7,87.86,87.51,87.62,376521.98
2026-03-14T20:00:00,87.63,88.59,87.63,88.24,892847.27
2026-03-14T21:00:00,88.24,88.38,87.64,87.79,487114.56
2026-03-14T22:00:00,87.8,88.28,87.79,88.27,494747.33
2026-03-14T23:00:00,88.27,88.59,88.05,88.25,596018.25
2026-03-15T00:00:00,88.25,88.54,88.07,88.31,425928.94
2026-03-15T01:00:00,88.31,88.49,88.06,88.17,292238.07
2026-03-15T02:00:00,88.18,88.48,88.09,88.43,317494.12
2026-03-15T03:00:00,88.44,88.83,88.36,88.49,581167.72
2026-03-15T04:00:00,88.49,88.66,88.33,88.42,237607.88
2026-03-15T05:00:00,88.43,88.63,88.18,88.51,387119.1
2026-03-15T06:00:00,88.51,88.52,88.13,88.22,321118.45
2026-03-15T07:00:00,88.23,88.35,87.31,87.8,1174839.1
2026-03-15T08:00:00,87.8,87.96,87.51,87.93,497417.94
2026-03-15T09:00:00,87.93,88.08,87.71,87.86,281935.91
2026-03-15T10:00:00,87.86,88.0,87.41,87.5,455607.2
2026-03-15T11:00:00,87.51,88.77,87.45,88.37,674857.96
2026-03-15T12:00:00,88.38,88.65,87.78,87.85,648107.38
2026-03-15T13:00:00,87.86,88.24,87.75,88.14,348858.85
2026-03-15T14:00:00,88.13,88.99,87.92,88.7,671571.34
2026-03-15T15:00:00,88.7,90.26,88.5,89.97,1611512.03
2026-03-15T16:00:00,89.97,92.93,89.8,92.63,3295637.59
2026-03-15T17:00:00,92.62,93.23,91.56,92.28,2219387.52
2026-03-15T18:00:00,92.28,93.09,91.85,91.99,1422431.88
2026-03-15T19:00:00,91.99,92.23,91.47,92.09,942085.39
2026-03-15T20:00:00,92.08,92.26,91.15,91.45,745967.0
2026-03-15T21:00:00,91.46,93.97,91.24,93.14,2787186.67
2026-03-15T22:00:00,93.14,94.27,92.91,93.6,1817365.87
2026-03-15T23:00:00,93.61,94.33,93.16,94.01,1807872.43
2026-03-16T00:00:00,94.0,94.01,93.11,93.37,1001840.08
2026-03-16T01:00:00,93.38,93.84,93.29,93.54,793848.09
2026-03-16T02:00:00,93.54,93.99,92.54,92.84,1234533.02
2026-03-16T03:00:00,92.83,93.43,92.69,93.26,719605.82
2026-03-16T04:00:00,93.27,93.92,93.22,93.87,762831.73
2026-03-16T05:00:00,93.86,93.94,93.48,93.71,537949.69
2026-03-16T06:00:00,93.71,94.16,93.29,93.73,1227708.51
2026-03-16T07:00:00,93.73,95.08,93.37,93.62,2769246.94
2026-03-16T08:00:00,93.62,94.48,92.32,93.58,2725153.54
2026-03-16T09:00:00,93.57,94.32,93.0,93.14,1328738.37
2026-03-16T10:00:00,93.13,94.03,93.07,93.76,863782.2
2026-03-16T11:00:00,93.76,94.39,93.63,94.04,793536.85
2026-03-16T12:00:00,94.04,95.08,94.0,94.34,1350328.34
2026-03-16T13:00:00,94.34,95.45,94.13,95.18,1258387.16
2026-03-16T14:00:00,95.17,95.94,95.02,95.72,1058481.16
2026-03-16T15:00:00,95.73,96.87,95.44,96.13,1260229.77
2026-03-16T16:00:00,96.12,97.65,96.1,96.32,1579894.77
2026-03-16T17:00:00,96.33,96.42,95.37,96.14,1045089.5
2026-03-16T18:00:00,96.14,96.91,95.09,95.47,1566343.84
2026-03-16T19:00:00,95.47,96.06,94.9,95.66,1056363.26
2026-03-16T20:00:00,95.66,95.72,94.81,95.09,680730.47
2026-03-16T21:00:00,95.08,95.24,93.66,94.02,1326086.05
2026-03-16T22:00:00,94.02,94.23,93.11,93.74,1102125.14
2026-03-16T23:00:00,93.75,94.06,93.3,93.75,758750.84
2026-03-17T00:00:00,93.75,94.27,93.42,93.85,589867.14
2026-03-17T01:00:00,93.85,94.6,93.81,94.38,597904.12
2026-03-17T02:00:00,94.38,94.92,94.22,94.36,627261.65
2026-03-17T03:00:00,94.35,95.05,93.65,93.86,1062076.01
2026-03-17T04:00:00,93.85,94.02,93.2,93.52,867052.06
2026-03-17T05:00:00,93.51,93.86,93.33,93.59,704755.19
2026-03-17T06:00:00,93.59,94.03,93.1,93.37,724293.36
2026-03-17T07:00:00,93.36,94.55,93.28,93.75,1464295.6
2026-03-17T08:00:00,93.75,94.64,93.43,94.45,1108156.16
2026-03-17T09:00:00,94.45,95.1,93.19,93.76,1554235.52
2026-03-17T10:00:00,93.77,94.75,93.66,94.34,940356.05
2026-03-17T11:00:00,94.35,94.69,94.08,94.51,575684.96
2026-03-17T12:00:00,94.51,95.6,94.39,95.28,1123405.07
2026-03-17T13:00:00,95.28,95.52,94.53,94.6,765146.38
2026-03-17T14:00:00,94.59,95.0,94.35,94.84,470574.54
2026-03-17T15:00:00,94.84,95.41,94.79,95.21,390109.8
2026-03-17T16:00:00,95.21,95.57,94.52,95.26,946287.82
2026-03-17T17:00:00,95.27,95.39,94.54,94.57,491421.01
2026-03-17T18:00:00,94.57,94.89,94.04,94.49,676947.5
2026-03-17T19:00:00,94.49,94.88,94.25,94.37,418173.81
2026-03-17T20:00:00,94.36,95.18,94.33,94.87,470164.5
2026-03-17T21:00:00,94.87,95.63,94.76,94.99,612199.96
2026-03-17T22:00:00,95.0,95.07,93.92,94.07,935126.04
2026-03-17T23:00:00,94.07,94.36,93.66,93.87,859908.47
2026-03-18T00:00:00,93.87,94.6,93.85,94.17,498730.79
2026-03-18T01:00:00,94.17,94.24,93.76,93.89,376608.24
2026-03-18T02:00:00,93.89,94.2,93.89,93.97,357479.9
2026-03-18T03:00:00,93.97,94.38,93.88,94.21,356790.96
2026-03-18T04:00:00,94.21,94.38,93.44,93.79,670817.86
2026-03-18T05:00:00,93.79,94.03,91.75,91.95,3032071.97
2026-03-18T06:00:00,91.96,92.0,90.25,90.36,2816504.57
2026-03-18T07:00:00,90.37,90.7,89.82,90.25,2074048.46
2026-03-18T08:00:00,90.26,90.34,88.79,88.91,2440521.04
2026-03-18T09:00:00,88.91,89.4,88.51,89.31,1903186.25
2026-03-18T10:00:00,89.31,89.31,88.57,88.91,1153417.11
2026-03-18T11:00:00,88.91,90.3,88.77,89.87,1294732.62
2026-03-18T12:00:00,89.86,90.81,89.32,89.53,1689687.64
2026-03-18T13:00:00,89.52,90.02,89.38,89.65,664892.13
2026-03-18T14:00:00,89.66,90.08,88.92,89.93,855215.61
2026-03-18T15:00:00,89.93,90.58,89.87,90.4,511367.71
2026-03-18T16:00:00,90.4,90.42,89.88,89.97,560300.24
2026-03-18T17:00:00,89.97,90.12,89.62,90.02,410366.97
2026-03-18T18:00:00,90.02,90.26,89.76,90.06,418301.0
2026-03-18T19:00:00,90.05,90.35,89.87,90.12,415943.47
2026-03-18T20:00:00,90.13,90.35,89.73,89.93,388066.27
2026-03-18T21:00:00,89.94,91.37,89.86,90.69,1637218.99
2026-03-18T22:00:00,90.69,90.69,89.68,89.86,1226190.03
2026-03-18T23:00:00,89.86,90.07,89.61,89.71,503735.75
2026-03-19T00:00:00,89.71,90.09,89.47,89.82,985917.31
2026-03-19T01:00:00,89.82,90.01,88.57,89.37,2281023.28
2026-03-19T02:00:00,89.37,89.59,89.04,89.32,660194.92
2026-03-19T03:00:00,89.32,90.36,89.13,90.16,1159251.66
2026-03-19T04:00:00,90.15,90.46,89.73,89.78,713589.41
2026-03-19T05:00:00,89.78,90.01,89.44,89.58,480843.27
2026-03-19T06:00:00,89.59,89.59,87.97,88.08,1734239.04
2026-03-19T07:00:00,88.07,88.71,87.49,88.45,2364263.65
2026-03-19T08:00:00,88.46,88.89,87.37,88.16,1501023.17
2026-03-19T09:00:00,88.16,88.72,87.1,87.58,1680932.8
2026-03-19T10:00:00,87.57,87.77,86.79,87.63,1238298.12
2026-03-19T11:00:00,87.63,88.32,87.02,88.09,1018613.57
2026-03-19T12:00:00,88.1,88.29,87.61,88.09,517133.5
2026-03-19T13:00:00,88.08,89.22,88.08,88.68,1363433.28
2026-03-19T14:00:00,88.67,89.17,88.62,88.94,330243.39
2026-03-19T15:00:00,88.94,89.28,88.81,89.07,347816.01
2026-03-19T16:00:00,89.07,89.13,88.31,88.72,511905.0
2026-03-19T17:00:00,88.71,89.14,88.55,88.84,578127.8
2026-03-19T18:00:00,88.84,89.39,88.8,89.37,516328.78
2026-03-19T19:00:00,89.37,89.76,89.28,89.42,615675.06
2026-03-19T20:00:00,89.43,89.56,88.83,89.26,507630.14
2026-03-19T21:00:00,89.26,89.68,89.19,89.53,371769.03
2026-03-19T22:00:00,89.53,89.72,88.68,89.22,614545.35
2026-03-19T23:00:00,89.23,89.48,88.81,89.31,642177.8
2026-03-20T00:00:00,89.3,89.31,88.87,89.04,449291.32
2026-03-20T01:00:00,89.03,89.45,88.44,89.31,727011.47
2026-03-20T02:00:00,89.32,90.43,89.25,89.73,1166747.05
2026-03-20T03:00:00,89.72,89.73,88.56,88.9,997070.68
2026-03-20T04:00:00,88.91,89.44,88.54,89.26,621964.27
2026-03-20T05:00:00,89.25,89.53,88.81,89.08,510126.22
2026-03-20T06:00:00,89.08,89.47,88.97,89.08,468460.41
2026-03-20T07:00:00,89.09,89.59,88.56,88.76,1196673.62
2026-03-20T08:00:00,88.76,89.7,88.43,88.88,1657391.37
2026-03-20T09:00:00,88.87,89.3,88.56,88.9,978576.55
2026-03-20T10:00:00,88.9,89.18,88.57,88.87,543712.32
2026-03-20T11:00:00,88.87,89.0,88.07,88.85,817626.37
2026-03-20T12:00:00,88.85,88.97,88.11,88.52,656023.3
2026-03-20T13:00:00,88.52,89.02,88.17,88.95,583688.97
2026-03-20T14:00:00,88.95,89.32,88.6,88.95,580909.34
2026-03-20T15:00:00,88.95,89.99,88.86,89.53,686982.53
2026-03-20T16:00:00,89.53,90.22,89.53,90.05,623304.68
2026-03-20T17:00:00,90.05,90.1,89.67,89.8,389521.69
2026-03-20T18:00:00,89.81,90.22,89.78,89.98,359777.65
2026-03-20T19:00:00,89.98,90.31,89.68,89.83,397911.32
2026-03-20T20:00:00,89.83,90.68,89.71,90.42,542960.57
2026-03-20T21:00:00,90.42,90.57,90.27,90.41,280481.9
2026-03-20T22:00:00,90.41,90.78,90.11,90.23,625985.33
2026-03-20T23:00:00,90.23,90.47,89.9,89.92,443734.04
2026-03-21T00:00:00,89.91,90.28,89.88,90.12,283802.65
2026-03-21T01:00:00,90.11,90.36,89.88,90.1,288120.11
2026-03-21T02:00:00,90.1,90.1,89.76,89.96,284407.54
2026-03-21T03:00:00,89.96,90.35,89.93,90.15,417556.12
2026-03-21T04:00:00,90.14,90.2,89.83,89.93,216213.02
2026-03-21T05:00:00,89.92,89.98,89.78,89.91,213396.87
2026-03-21T06:00:00,89.9,90.15,89.83,90.12,245720.95
2026-03-21T07:00:00,90.12,90.23,89.9,89.97,287559.6
2026-03-21T08:00:00,89.96,90.36,89.58,89.6,645625.78
2026-03-21T09:00:00,89.6,89.88,89.31,89.78,584691.54
2026-03-21T10:00:00,89.77,89.95,89.5,89.62,400985.67
2026-03-21T11:00:00,89.63,89.65,89.3,89.5,304051.74
2026-03-21T12:00:00,89.5,89.9,89.5,89.72,232715.85
2026-03-21T13:00:00,89.72,89.86,89.64,89.73,134972.34
2026-03-21T14:00:00,89.74,90.36,89.72,90.1,432304.27
2026-03-21T15:00:00,90.11,90.17,89.87,89.93,189151.59
2026-03-21T16:00:00,89.93,90.02,89.74,89.82,193817.69
2026-03-21T17:00:00,89.82,89.84,87.0,87.5,2128954.0
2026-03-21T18:00:00,87.5,87.72,86.18,87.26,2725095.63
2026-03-21T19:00:00,87.26,87.66,86.9,87.39,904173.96
2026-03-21T20:00:00,87.39,88.43,87.36,88.11,829039.79
2026-03-21T21:00:00,88.11,89.11,87.69,88.61,1221670.56
2026-03-21T22:00:00,88.6,89.14,88.51,88.96,881462.7
2026-03-21T23:00:00,88.96,88.96,88.39,88.42,500512.3
2026-03-22T00:00:00,88.42,88.42,88.07,88.14,377236.97
2026-03-22T01:00:00,88.14,88.28,87.61,87.65,477139.73
2026-03-22T02:00:00,87.65,87.69,86.79,87.32,1205823.93
2026-03-22T03:00:00,87.31,87.62,87.11,87.26,485423.85
2026-03-22T04:00:00,87.26,87.44,87.15,87.26,303552.75
2026-03-22T05:00:00,87.26,87.4,86.77,86.79,619638.8
2026-03-22T06:00:00,86.79,87.41,86.75,87.21,592475.09
2026-03-22T07:00:00,87.22,87.68,86.95,87.26,535567.95
2026-03-22T08:00:00,87.27,87.55,86.98,87.16,349476.85
2026-03-22T09:00:00,87.15,87.54,87.12,87.53,398927.59
2026-03-22T10:00:00,87.53,87.66,87.21,87.43,505666.93
2026-03-22T11:00:00,87.43,87.51,87.15,87.21,276012.56
2026-03-22T12:00:00,87.21,87.27,86.4,86.95,629422.09
2026-03-22T13:00:00,86.96,86.98,86.51,86.83,416058.74
2026-03-22T14:00:00,86.83,87.15,86.48,86.55,403794.19
2026-03-22T15:00:00,86.54,86.6,85.04,85.94,1880211.88
2026-03-22T16:00:00,85.94,86.74,85.44,86.69,1220960.55
2026-03-22T17:00:00,86.7,86.99,85.94,86.15,645623.89
2026-03-22T18:00:00,86.15,86.58,85.37,85.83,915516.66
2026-03-22T19:00:00,85.84,86.57,85.68,86.03,586715.54
2026-03-22T20:00:00,86.04,86.96,86.0,86.65,601930.64
2026-03-22T21:00:00,86.66,87.19,86.33,86.37,577669.88
2026-03-22T22:00:00,86.37,86.89,86.26,86.88,438879.54
2026-03-22T23:00:00,86.88,87.32,86.8,87.12,873308.41
2026-03-23T00:00:00,87.12,87.12,85.38,85.67,1099118.42
2026-03-23T01:00:00,85.68,86.18,85.0,85.94,1561426.64
2026-03-23T02:00:00,85.94,86.42,85.79,85.9,730646.8
2026-03-23T03:00:00,85.89,85.98,85.12,85.72,804806.11
2026-03-23T04:00:00,85.72,86.29,85.6,86.01,694762.58
2026-03-23T05:00:00,86.02,91.93,85.99,88.74,9209343.99
2026-03-23T06:00:00,88.74,90.45,88.28,90.17,2511786.5
2026-03-23T07:00:00,90.18,91.45,89.83,91.31,2232256.29
2026-03-23T08:00:00,91.31,91.69,91.02,91.48,1863714.53
2026-03-23T09:00:00,91.48,92.24,89.76,89.91,2852779.35
2026-03-23T10:00:00,89.9,90.41,89.35,90.29,1753258.33
2026-03-23T11:00:00,90.29,91.35,89.64,91.21,1645973.33
2026-03-23T12:00:00,91.21,91.77,90.87,91.56,991966.52
2026-03-23T13:00:00,91.57,91.86,91.2,91.34,873577.73
2026-03-23T14:00:00,91.34,92.0,91.2,91.74,573917.05
2026-03-23T15:00:00,91.75,91.93,91.47,91.59,351227.2
2026-03-23T16:00:00,91.59,91.89,91.15,91.47,775362.05
2026-03-23T17:00:00,91.48,91.54,90.93,91.4,572141.85
2026-03-23T18:00:00,91.4,91.63,90.56,90.95,753964.25
2026-03-23T19:00:00,90.95,91.02,90.1,90.37,618601.26
2026-03-23T20:00:00,90.36,90.73,90.06,90.1,545079.17
2026-03-23T21:00:00,90.1,90.31,89.91,90.29,621145.82
2026-03-23T22:00:00,90.3,90.79,90.08,90.3,522300.76
2026-03-23T23:00:00,90.29,90.36,89.93,90.06,662474.06
2026-03-24T00:00:00,90.07,90.49,90.0,90.41,527538.97
2026-03-24T01:00:00,90.41,91.86,90.34,91.67,1296932.42
2026-03-24T02:00:00,91.68,91.92,91.22,91.53,1124669.71
2026-03-24T03:00:00,91.54,92.12,91.08,92.08,1147486.08
2026-03-24T04:00:00,92.07,92.2,91.68,91.79,935110.97
2026-03-24T05:00:00,91.79,92.13,91.29,91.71,1073312.84
2026-03-24T06:00:00,91.71,91.81,91.29,91.52,514283.82
2026-03-24T07:00:00,91.52,91.7,89.45,89.81,3205733.39
2026-03-24T08:00:00,89.81,90.17,88.62,89.5,3349225.91
2026-03-24T09:00:00,89.51,90.25,89.44,89.67,1285744.2
2026-03-24T10:00:00,89.68,89.92,89.0,89.21,1006160.03
2026-03-24T11:00:00,89.22,89.33,88.65,89.11,1069476.33
2026-03-24T12:00:00,89.12,89.63,88.81,88.84,903764.52
2026-03-24T13:00:00,88.84,89.24,88.35,88.46,950681.44
2026-03-24T14:00:00,88.46,90.2,88.43,89.98,1608375.85
2026-03-24T15:00:00,89.98,90.57,89.64,90.32,603695.79
2026-03-24T16:00:00,90.32,90.73,90.02,90.26,579735.54
2026-03-24T17:00:00,90.26,91.1,90.17,90.75,925555.32
2026-03-24T18:00:00,90.76,91.58,90.67,91.27,844531.66
2026-03-24T19:00:00,91.27,91.43,90.88,90.9,546855.58
2026-03-24T20:00:00,90.91,91.47,90.77,91.09,550043.7
2026-03-24T21:00:00,91.09,91.9,90.74,91.66,1044485.94
2026-03-24T22:00:00,91.66,92.08,91.54,92.02,675404.05
2026-03-24T23:00:00,92.02,92.95,91.93,92.38,1320765.57
2026-03-25T00:00:00,92.38,92.87,92.23,92.34,835994.85
2026-03-25T01:00:00,92.34,92.47,91.71,91.77,758679.62
2026-03-25T02:00:00,91.78,92.71,91.78,92.32,963860.63
2026-03-25T03:00:00,92.31,92.63,92.09,92.52,612288.61
2026-03-25T04:00:00,92.52,92.68,92.34,92.61,461186.23
2026-03-25T05:00:00,92.6,93.46,92.41,92.94,1467506.63
2026-03-25T06:00:00,92.95,93.4,92.3,92.99,1258833.89
2026-03-25T07:00:00,93.0,93.38,92.64,92.68,831015.94
2026-03-25T08:00:00,92.68,92.87,91.86,91.91,1360751.34
2026-03-25T09:00:00,91.92,92.04,90.96,91.72,1619029.5
2026-03-25T10:00:00,91.72,92.72,91.55,92.18,1128086.72
2026-03-25T11:00:00,92.17,92.33,91.55,91.67,641692.19
2026-03-25T12:00:00,91.68,92.15,91.41,91.65,520967.57
2026-03-25T13:00:00,91.65,91.95,91.35,91.72,454440.11
2026-03-25T14:00:00,91.72,91.74,91.05,91.45,586745.53
2026-03-25T15:00:00,91.45,91.59,91.11,91.22,345104.22
2026-03-25T16:00:00,91.22,91.9,90.98,91.69,844613.08
2026-03-25T17:00:00,91.69,91.8,91.42,91.65,341400.4
2026-03-25T18:00:00,91.65,91.92,91.44,91.64,474752.84
2026-03-25T19:00:00,91.64,91.91,91.53,91.76,351803.52
2026-03-25T20:00:00,91.76,91.79,90.6,90.89,836805.0
2026-03-25T21:00:00,90.89,91.1,90.53,91.01,596997.83
2026-03-25T22:00:00,91.02,91.02,90.61,90.76,338427.17
2026-03-25T23:00:00,90.75,90.79,89.04,89.18,2181533.01
2026-03-26T00:00:00,89.17,89.24,88.81,88.99,1466963.82
2026-03-26T01:00:00,88.99,89.33,88.72,89.04,1081714.05
2026-03-26T02:00:00,89.03,89.04,88.58,88.81,731548.71
2026-03-26T03:00:00,88.81,88.97,87.66,88.05,1505666.57
2026-03-26T04:00:00,88.05,88.27,87.69,87.88,838481.3
2026-03-26T05:00:00,87.88,88.06,87.37,87.51,1011673.18
2026-03-26T06:00:00,87.51,87.75,87.31,87.51,795749.8
2026-03-26T07:00:00,87.51,88.19,87.25,87.86,1916351.15
2026-03-26T08:00:00,87.86,88.12,87.07,87.48,1063822.78
2026-03-26T09:00:00,87.47,87.76,86.66,87.47,1739809.35
2026-03-26T10:00:00,87.47,87.68,87.0,87.15,981562.42
2026-03-26T11:00:00,87.15,87.44,86.47,86.58,1048148.83
2026-03-26T12:00:00,86.58,86.77,85.66,85.99,2050649.56
2026-03-26T13:00:00,85.98,86.01,85.37,85.41,996415.94
2026-03-26T14:00:00,85.41,87.13,85.37,86.28,2427953.68
2026-03-26T15:00:00,86.28,87.09,86.14,86.76,711628.16
2026-03-26T16:00:00,86.75,86.83,86.16,86.76,516511.06
2026-03-26T17:00:00,86.75,86.9,86.16,86.47,820573.86
2026-03-26T18:00:00,86.47,86.74,86.11,86.5,541308.05
2026-03-26T19:00:00,86.49,86.85,86.39,86.82,398406.71
2026-03-26T20:00:00,86.83,86.99,86.46,86.63,318232.68
2026-03-26T21:00:00,86.64,86.73,86.28,86.36,326195.62
2026-03-26T22:00:00,86.37,86.38,85.68,86.1,898663.04
2026-03-26T23:00:00,86.11,86.73,85.87,86.04,758070.13
2026-03-27T00:00:00,86.03,86.34,85.83,86.0,469887.75
2026-03-27T01:00:00,86.0,86.3,85.63,85.86,697257.7
2026-03-27T02:00:00,85.87,86.07,84.3,85.05,2301994.26
2026-03-27T03:00:00,85.05,85.2,84.35,85.01,921172.32
2026-03-27T04:00:00,85.02,85.1,82.55,82.93,3388859.22
2026-03-27T05:00:00,82.93,83.55,82.56,83.3,1332947.29
2026-03-27T06:00:00,83.31,83.37,82.95,83.02,1107509.59
2026-03-27T07:00:00,83.02,83.5,82.34,82.87,1682377.11
2026-03-27T08:00:00,82.86,83.28,82.53,83.11,1300637.6
2026-03-27T09:00:00,83.11,83.94,82.89,83.24,1920367.55
2026-03-27T10:00:00,83.25,83.28,82.56,82.95,1203775.78
2026-03-27T11:00:00,82.95,83.36,82.02,82.17,1403246.68
2026-03-27T12:00:00,82.17,82.45,81.76,82.32,1048660.86
2026-03-27T13:00:00,82.33,82.84,81.99,82.73,841207.91
2026-03-27T14:00:00,82.73,82.91,82.3,82.71,464136.92
2026-03-27T15:00:00,82.72,82.98,82.62,82.68,290612.21
2026-03-27T16:00:00,82.68,82.78,82.46,82.66,224607.76
2026-03-27T17:00:00,82.67,83.06,82.33,83.03,378924.43
2026-03-27T18:00:00,83.03,83.03,82.67,82.78,384864.94
2026-03-27T19:00:00,82.79,82.81,82.19,82.6,510490.63
2026-03-27T20:00:00,82.6,82.85,82.31,82.52,322527.01
2026-03-27T21:00:00,82.52,82.67,82.45,82.54,240721.89
2026-03-27T22:00:00,82.54,82.73,82.34,82.51,496481.25
2026-03-27T23:00:00,82.51,82.73,82.31,82.7,472355.81
2026-03-28T00:00:00,82.7,83.22,82.59,83.11,691624.31
2026-03-28T01:00:00,83.11,83.61,83.1,83.54,576659.75
2026-03-28T02:00:00,83.55,83.67,83.3,83.34,554478.47
2026-03-28T03:00:00,83.33,83.34,82.86,82.99,539313.23
2026-03-28T04:00:00,83.0,83.29,82.65,82.97,630668.52
2026-03-28T05:00:00,82.97,83.03,82.85,82.89,305904.98
2026-03-28T06:00:00,82.89,83.16,82.53,82.64,581205.61
2026-03-28T07:00:00,82.64,84.09,82.63,83.3,1701980.78
2026-03-28T08:00:00,83.31,83.47,82.92,83.17,1002245.89
2026-03-28T09:00:00,83.16,84.35,83.12,83.75,1681743.92
2026-03-28T10:00:00,83.75,83.89,83.41,83.48,524164.44
2026-03-28T11:00:00,83.49,83.68,83.07,83.24,502784.49
2026-03-28T12:00:00,83.23,83.46,83.22,83.31,224048.5
2026-03-28T13:00:00,83.3,83.37,82.95,83.22,327555.71
2026-03-28T14:00:00,83.22,83.45,83.21,83.34,260923.2
2026-03-28T15:00:00,83.33,83.37,82.27,82.62,907507.73
2026-03-28T16:00:00,82.62,82.85,82.4,82.74,388619.53
2026-03-28T17:00:00,82.73,82.73,81.6,82.0,1009206.49
2026-03-28T18:00:00,82.01,82.21,81.79,82.14,569400.2
2026-03-28T19:00:00,82.14,82.45,82.01,82.4,549923.18
2026-03-28T20:00:00,82.4,82.79,82.34,82.71,407703.33
2026-03-28T21:00:00,82.7,83.19,82.62,82.93,536909.66
2026-03-28T22:00:00,82.93,82.97,82.64,82.72,234080.66
2026-03-28T23:00:00,82.72,82.82,82.34,82.64,484734.35
2026-03-29T00:00:00,82.64,82.77,82.24,82.42,453023.12
2026-03-29T01:00:00,82.42,82.58,82.16,82.38,314464.27
2026-03-29T02:00:00,82.39,82.56,82.28,82.4,261667.22
2026-03-29T03:00:00,82.4,82.49,82.07,82.3,302866.66
2026-03-29T04:00:00,82.29,82.29,81.92,82.07,517411.06
2026-03-29T05:00:00,82.06,82.79,82.06,82.52,684947.07
2026-03-29T06:00:00,82.52,82.59,82.17,82.38,301035.74
2026-03-29T07:00:00,82.38,82.42,81.62,81.86,907595.11
2026-03-29T08:00:00,81.87,82.38,81.64,81.88,762382.2
2026-03-29T09:00:00,81.88,82.09,81.21,81.76,1048444.4
2026-03-29T10:00:00,81.75,82.08,81.55,81.63,497674.34
2026-03-29T11:00:00,81.64,81.79,81.06,81.5,928831.84
2026-03-29T12:00:00,81.51,81.88,81.33,81.75,655438.56
2026-03-29T13:00:00,81.74,81.83,81.48,81.56,360090.39
2026-03-29T14:00:00,81.55,82.18,81.54,81.87,467384.31
2026-03-29T15:00:00,81.88,82.17,81.77,82.1,350052.66
2026-03-29T16:00:00,82.1,82.11,78.77,80.85,3675283.05
2026-03-29T17:00:00,80.86,81.65,80.81,81.34,1446577.08
2026-03-29T18:00:00,81.34,82.95,81.06,81.82,1917122.05
2026-03-29T19:00:00,81.83,82.84,81.82,82.66,831478.97
2026-03-29T20:00:00,82.66,83.91,82.42,83.29,1374763.64
2026-03-29T21:00:00,83.3,83.5,82.87,83.24,868982.68
2026-03-29T22:00:00,83.24,83.83,83.2,83.73,831937.29
2026-03-29T23:00:00,83.73,84.15,83.43,83.59,1205750.74
2026-03-30T00:00:00,83.59,83.84,83.36,83.43,493356.59
2026-03-30T01:00:00,83.42,84.25,83.27,83.98,843072.51
2026-03-30T02:00:00,83.98,84.98,83.95,84.48,1646499.14
2026-03-30T03:00:00,84.48,84.48,84.07,84.09,556513.24
2026-03-30T04:00:00,84.1,84.18,83.45,83.88,901199.39
2026-03-30T05:00:00,83.88,84.65,83.81,84.21,920864.85
2026-03-30T06:00:00,84.21,84.57,84.08,84.45,660465.45
2026-03-30T07:00:00,84.46,84.95,83.88,83.96,1374200.85
2026-03-30T08:00:00,83.96,84.6,83.6,84.33,1823895.49
2026-03-30T09:00:00,84.34,84.71,83.81,84.45,994173.79
2026-03-30T10:00:00,84.45,84.49,83.86,84.16,757348.92
2026-03-30T11:00:00,84.16,84.36,83.03,83.2,1326875.34
2026-03-30T12:00:00,83.2,83.39,82.38,82.63,1342662.16
2026-03-30T13:00:00,82.63,82.64,81.9,82.32,1559750.65
2026-03-30T14:00:00,82.32,82.85,82.29,82.73,697786.43
2026-03-30T15:00:00,82.73,83.66,82.63,83.09,1141050.96
2026-03-30T16:00:00,83.1,83.45,82.59,82.76,671518.41
2026-03-30T17:00:00,82.77,82.77,82.08,82.51,731581.64
2026-03-30T18:00:00,82.51,82.91,82.09,82.68,961784.27
2026-03-30T19:00:00,82.69,84.6,82.55,83.79,1886459.99
2026-03-30T20:00:00,83.8,84.05,83.53,83.78,534686.93
2026-03-30T21:00:00,83.78,83.89,83.21,83.57,432777.96
2026-03-30T22:00:00,83.57,83.88,83.24,83.28,586190.15
2026-03-30T23:00:00,83.29,83.73,82.85,83.73,760431.83
2026-03-31T00:00:00,83.73,83.78,83.01,83.36,735444.67
2026-03-31T01:00:00,83.37,83.39,82.64,83.05,854205.04
2026-03-31T02:00:00,83.06,83.32,82.18,82.19,1008122.72
2026-03-31T03:00:00,82.2,82.42,79.89,80.5,3525481.32
2026-03-31T04:00:00,80.49,80.89,80.26,80.4,1770104.95
2026-03-31T05:00:00,80.4,80.92,80.18,80.78,2152969.5
2026-03-31T06:00:00,80.79,81.04,80.34,80.72,1261140.74
2026-03-31T07:00:00,80.73,82.0,80.69,81.8,1769143.1
2026-03-31T08:00:00,81.79,82.55,80.33,80.57,3072419.4
2026-03-31T09:00:00,80.58,81.64,80.57,80.83,1978906.5
2026-03-31T10:00:00,80.83,82.88,80.82,82.34,2246018.8
2026-03-31T11:00:00,82.34,83.45,82.14,82.34,2229088.12
2026-03-31T12:00:00,82.34,83.07,82.33,82.84,810344.91
2026-03-31T13:00:00,82.84,82.93,82.41,82.67,628930.94
2026-03-31T14:00:00,82.67,83.37,82.57,83.14,697393.45
2026-03-31T15:00:00,83.14,83.15,82.58,82.82,517226.41
2026-03-31T16:00:00,82.82,82.87,82.27,82.72,502433.75
2026-03-31T17:00:00,82.72,83.23,82.62,83.15,496243.25
2026-03-31T18:00:00,83.16,83.58,82.8,83.36,671836.22
2026-03-31T19:00:00,83.37,83.43,82.66,82.68,656286.72
2026-03-31T20:00:00,82.68,82.86,82.41,82.6,466994.41
2026-03-31T21:00:00,82.6,83.46,82.6,83.39,614922.68
2026-03-31T22:00:00,83.38,83.82,83.21,83.71,645693.0
2026-03-31T23:00:00,83.71,84.28,83.31,84.09,1132362.09
2026-04-01T00:00:00,84.08,84.68,83.99,84.4,1207634.09
2026-04-01T01:00:00,84.4,84.7,83.76,83.8,1079315.42
2026-04-01T02:00:00,83.8,84.03,83.35,83.58,1023461.79
2026-04-01T03:00:00,83.59,83.72,83.09,83.34,738644.86
2026-04-01T04:00:00,83.33,83.44,83.01,83.32,559487.93
2026-04-01T05:00:00,83.32,83.53,83.11,83.31,456498.05
2026-04-01T06:00:00,83.3,83.69,82.73,82.98,1485399.47
2026-04-01T07:00:00,82.99,83.4,82.33,82.64,1435628.07
2026-04-01T08:00:00,82.63,83.53,82.47,83.34,1087882.84
2026-04-01T09:00:00,83.34,83.85,83.04,83.58,827070.81
2026-04-01T10:00:00,83.58,85.29,82.9,85.18,2880954.18
2026-04-01T11:00:00,85.19,86.59,84.14,84.38,4405742.09
2026-04-01T12:00:00,84.38,84.43,83.49,83.59,1786636.78
2026-04-01T13:00:00,83.59,84.37,83.58,83.79,957578.28
2026-04-01T14:00:00,83.8,83.85,82.26,82.54,1763642.03
2026-04-01T15:00:00,82.54,83.16,81.34,81.82,1608816.86
2026-04-01T16:00:00,81.81,81.91,80.72,81.12,2042051.17
2026-04-01T17:00:00,81.12,81.42,80.93,81.14,865041.98
2026-04-01T18:00:00,81.14,81.72,80.87,81.56,1082233.43
2026-04-01T19:00:00,81.56,81.57,78.91,79.27,4552558.26
2026-04-01T20:00:00,79.27,79.28,78.22,78.81,2221532.49
2026-04-01T21:00:00,78.81,79.35,78.61,78.94,1427706.94
2026-04-01T22:00:00,78.94,79.15,78.68,78.77,1186117.92
2026-04-01T23:00:00,78.77,79.43,78.55,79.21,1230552.01
2026-04-02T00:00:00,79.21,79.38,78.89,79.06,699276.16
2026-04-02T01:00:00,79.06,79.63,78.95,79.59,840361.21
2026-04-02T02:00:00,79.59,79.59,78.98,79.07,742284.07
2026-04-02T03:00:00,79.06,79.32,78.86,79.22,635028.76
2026-04-02T04:00:00,79.21,79.27,78.74,78.84,645659.0
2026-04-02T05:00:00,78.84,78.94,78.11,78.27,1060918.02
2026-04-02T06:00:00,78.28,78.55,77.83,77.93,1367982.19
2026-04-02T07:00:00,77.93,78.22,76.63,77.69,3105615.12
2026-04-02T08:00:00,77.7,79.67,77.46,79.02,3603570.35
2026-04-02T09:00:00,79.03,79.21,78.23,79.01,1572214.73
2026-04-02T10:00:00,79.01,79.86,78.67,79.39,1235111.05
2026-04-02T11:00:00,79.38,79.64,78.51,78.56,1330174.51
2026-04-02T12:00:00,78.56,79.25,78.38,79.1,995353.27
2026-04-02T13:00:00,79.1,79.22,78.65,78.95,564428.26
2026-04-02T14:00:00,78.95,79.33,78.73,79.14,499424.56
2026-04-02T15:00:00,79.13,79.2,78.58,78.93,399679.51
2026-04-02T16:00:00,78.93,79.1,78.68,78.94,266156.32
2026-04-02T17:00:00,78.93,79.12,78.74,78.91,319526.36
2026-04-02T18:00:00,78.91,79.36,78.83,79.18,404530.96
2026-04-02T19:00:00,79.18,79.77,78.93,79.13,864289.51
2026-04-02T20:00:00,79.13,79.56,78.8,79.32,924942.49
2026-04-02T21:00:00,79.32,79.4,78.96,78.97,529277.9
2026-04-02T22:00:00,78.96,79.5,78.95,79.27,640150.26
2026-04-02T23:00:00,79.27,79.62,79.01,79.27,479232.08
2026-04-03T00:00:00,79.27,79.67,79.15,79.6,514443.27
2026-04-03T01:00:00,79.6,80.15,79.39,79.9,839590.49
2026-04-03T02:00:00,79.9,80.09,79.58,79.71,641556.9
2026-04-03T03:00:00,79.72,80.18,79.64,79.92,627548.28
2026-04-03T04:00:00,79.92,80.14,79.65,80.12,686052.26
2026-04-03T05:00:00,80.11,80.43,79.84,80.13,768117.52
2026-04-03T06:00:00,80.12,80.9,79.14,79.29,1581660.63
2026-04-03T07:00:00,79.29,79.59,79.11,79.57,852436.55
2026-04-03T08:00:00,79.57,80.33,79.39,80.2,839340.39
2026-04-03T09:00:00,80.21,80.64,80.1,80.3,927303.02
2026-04-03T10:00:00,80.3,80.64,80.19,80.52,662557.4
2026-04-03T11:00:00,80.52,80.52,79.85,80.14,575422.18
2026-04-03T12:00:00,80.14,80.41,80.03,80.09,346430.96
2026-04-03T13:00:00,80.08,80.26,79.82,80.16,468238.83
2026-04-03T14:00:00,80.16,80.28,80.11,80.15,194381.91
2026-04-03T15:00:00,80.15,80.65,80.07,80.35,466086.13
2026-04-03T16:00:00,80.36,80.46,79.9,80.11,396948.64
2026-04-03T17:00:00,80.11,80.5,80.07,80.35,350560.02
2026-04-03T18:00:00,80.35,80.37,80.09,80.19,223771.13
2026-04-03T19:00:00,80.19,80.29,79.97,80.1,270317.57
2026-04-03T20:00:00,80.09,80.24,80.01,80.13,270269.74
2026-04-03T21:00:00,80.14,80.23,80.11,80.13,139029.97
2026-04-03T22:00:00,80.12,80.27,80.1,80.21,143319.43
2026-04-03T23:00:00,80.2,80.23,80.06,80.15,265466.15
2026-04-04T00:00:00,80.15,80.5,80.09,80.42,194689.05
2026-04-04T01:00:00,80.42,80.43,80.16,80.27,165606.46
2026-04-04T02:00:00,80.26,80.35,79.87,79.93,279852.76
2026-04-04T03:00:00,79.92,80.05,79.85,79.98,262972.87
2026-04-04T04:00:00,79.98,80.25,79.96,80.19,328320.86
2026-04-04T05:00:00,80.18,80.24,79.97,80.14,260462.47
2026-04-04T06:00:00,80.15,80.21,79.95,80.05,237683.41
2026-04-04T07:00:00,80.04,80.19,79.86,79.98,373892.28
2026-04-04T08:00:00,79.97,80.35,79.53,80.32,961483.76
2026-04-04T09:00:00,80.32,81.64,80.24,81.05,2759838.03
2026-04-04T10:00:00,81.05,81.3,80.63,80.71,1169868.25
2026-04-04T11:00:00,80.7,80.99,80.56,80.88,448126.69
2026-04-04T12:00:00,80.89,81.09,80.66,80.8,592241.95
2026-04-04T13:00:00,80.8,81.28,80.69,80.8,831850.22
2026-04-04T14:00:00,80.8,80.82,80.56,80.75,330468.36
2026-04-04T15:00:00,80.76,80.99,80.71,80.88,370629.56
2026-04-04T16:00:00,80.88,81.02,80.82,80.96,267815.2
2026-04-04T17:00:00,80.95,80.95,80.65,80.79,226551.08
2026-04-04T18:00:00,80.79,80.81,80.45,80.65,365089.06
2026-04-04T19:00:00,80.65,80.75,80.43,80.46,265104.45
2026-04-04T20:00:00,80.45,80.61,80.28,80.54,363674.48
2026-04-04T21:00:00,80.53,80.57,80.35,80.51,145485.33
2026-04-04T22:00:00,80.5,80.52,80.22,80.27,313704.33
2026-04-04T23:00:00,80.27,80.37,80.08,80.24,399972.19
2026-04-05T00:00:00,80.25,80.33,79.3,79.55,1565823.07
2026-04-05T01:00:00,79.55,79.84,79.47,79.55,559286.54
2026-04-05T02:00:00,79.54,79.66,79.47,79.56,359813.16
2026-04-05T03:00:00,79.57,79.83,79.57,79.78,335001.06
2026-04-05T04:00:00,79.79,80.2,79.73,79.79,423503.51
2026-04-05T05:00:00,79.8,79.88,79.7,79.86,304565.75
2026-04-05T06:00:00,79.87,79.92,78.72,78.95,1434047.94
2026-04-05T07:00:00,78.95,79.23,78.45,79.16,1222935.14
2026-04-05T08:00:00,79.16,79.44,79.1,79.25,468914.18
2026-04-05T09:00:00,79.24,80.31,78.93,79.55,1724117.48
2026-04-05T10:00:00,79.56,79.77,79.34,79.41,525952.51
2026-04-05T11:00:00,79.42,79.89,79.32,79.85,458813.33
2026-04-05T12:00:00,79.84,80.09,79.66,79.91,373138.16
2026-04-05T13:00:00,79.9,80.19,79.48,79.77,460339.39
2026-04-05T14:00:00,79.77,80.18,79.76,80.13,391314.77
2026-04-05T15:00:00,80.12,80.15,79.44,79.69,549876.58
2026-04-05T16:00:00,79.69,80.67,79.04,80.53,1412390.81
2026-04-05T17:00:00,80.53,82.11,80.42,81.85,2316571.44
2026-04-05T18:00:00,81.86,82.95,81.86,82.3,2389856.93
2026-04-05T19:00:00,82.3,82.4,81.63,81.67,935401.35
2026-04-05T20:00:00,81.67,82.79,81.62,82.38,960573.76
2026-04-05T21:00:00,82.38,82.46,81.9,82.07,604022.53
2026-04-05T22:00:00,82.07,82.37,81.75,81.96,634241.9
2026-04-05T23:00:00,81.97,82.05,81.8,81.86,378258.8
2026-04-06T00:00:00,81.86,82.11,80.91,81.45,1337835.8
2026-04-06T01:00:00,81.45,81.94,81.25,81.77,885756.72
2026-04-06T02:00:00,81.76,82.23,81.65,81.94,656724.34
2026-04-06T03:00:00,81.94,83.18,81.83,82.43,1623521.48
2026-04-06T04:00:00,82.43,82.86,82.43,82.63,674101.65
2026-04-06T05:00:00,82.62,82.63,82.28,82.39,428770.37
2026-04-06T06:00:00,82.4,82.49,82.15,82.25,488322.87
2026-04-06T07:00:00,82.25,82.64,82.12,82.43,657021.55
2026-04-06T08:00:00,82.42,82.8,81.67,82.19,1420997.32
2026-04-06T09:00:00,82.19,82.42,81.95,82.24,803504.82
2026-04-06T10:00:00,82.25,82.45,81.53,81.56,754218.44
2026-04-06T11:00:00,81.56,81.75,81.13,81.6,1071444.51
2026-04-06T12:00:00,81.61,82.19,81.5,81.83,571146.26
2026-04-06T13:00:00,81.84,81.92,81.51,81.86,398346.15
2026-04-06T14:00:00,81.86,82.1,81.75,81.93,266925.91
2026-04-06T15:00:00,81.94,81.94,81.33,81.42,289682.01
2026-04-06T16:00:00,81.42,81.47,80.09,80.11,1126640.5
2026-04-06T17:00:00,80.12,80.21,79.52,79.96,1894405.23
2026-04-06T18:00:00,79.96,80.17,79.54,79.82,1128357.6
2026-04-06T19:00:00,79.83,80.08,79.3,79.46,883261.13
2026-04-06T20:00:00,79.45,79.85,79.4,79.67,683377.64
2026-04-06T21:00:00,79.66,79.84,79.63,79.73,336538.13
2026-04-06T22:00:00,79.73,80.11,79.6,79.86,457862.05
2026-04-06T23:00:00,79.86,79.91,79.39,79.54,718660.86
2026-04-07T00:00:00,79.54,79.6,79.23,79.48,602491.01
2026-04-07T01:00:00,79.49,79.9,79.39,79.81,540410.93
2026-04-07T02:00:00,79.82,80.32,79.75,80.1,1027464.19
2026-04-07T03:00:00,80.09,80.55,80.09,80.34,750530.87
2026-04-07T04:00:00,80.34,80.41,79.16,79.33,1492668.6
2026-04-07T05:00:00,79.32,79.51,78.83,79.17,1411438.4
2026-04-07T06:00:00,79.17,79.34,78.58,79.09,1698384.41
2026-04-07T07:00:00,79.1,79.2,78.78,78.83,761539.69
2026-04-07T08:00:00,78.83,79.03,78.3,78.54,1292512.08
2026-04-07T09:00:00,78.53,78.95,78.32,78.82,910261.17
2026-04-07T10:00:00,78.82,79.16,78.6,78.85,691748.33
2026-04-07T11:00:00,78.85,81.0,78.79,80.03,3199508.84
2026-04-07T12:00:00,80.04,80.17,79.47,79.89,1052036.95
2026-04-07T13:00:00,79.89,81.84,79.84,81.58,2731115.43
2026-04-07T14:00:00,81.58,82.38,81.58,81.9,2067635.5
2026-04-07T15:00:00,81.91,83.35,81.84,82.88,2342775.45
2026-04-07T16:00:00,82.89,85.23,82.89,85.22,3802925.12
2026-04-07T17:00:00,85.22,87.19,85.07,85.54,5139700.6
2026-04-07T18:00:00,85.53,85.89,84.23,84.74,1998884.9
2026-04-07T19:00:00,84.75,84.96,84.42,84.66,949022.22
2026-04-07T20:00:00,84.67,84.95,84.37,84.57,843594.75
2026-04-07T21:00:00,84.58,84.66,84.34,84.53,527202.16
2026-04-07T22:00:00,84.54,85.01,84.44,84.47,1080279.27
2026-04-07T23:00:00,84.47,84.73,84.12,84.19,693118.8
2026-04-08T00:00:00,84.18,84.7,83.85,84.52,781100.37
2026-04-08T01:00:00,84.53,84.69,84.17,84.47,598715.86
2026-04-08T02:00:00,84.48,84.85,84.4,84.83,489750.97
2026-04-08T03:00:00,84.83,84.95,84.5,84.64,461965.6
2026-04-08T04:00:00,84.63,84.77,84.45,84.48,320928.39
2026-04-08T05:00:00,84.47,84.82,84.11,84.42,1049627.14
2026-04-08T06:00:00,84.42,84.65,84.06,84.51,657491.39
2026-04-08T07:00:00,84.5,84.96,83.86,84.0,2007619.84
2026-04-08T08:00:00,84.0,84.12,82.47,82.87,2688384.57
2026-04-08T09:00:00,82.87,83.43,82.75,83.29,1287093.22
2026-04-08T10:00:00,83.29,83.59,83.0,83.45,585589.86
2026-04-08T11:00:00,83.46,84.17,83.25,83.93,887021.64
2026-04-08T12:00:00,83.94,83.99,82.76,82.89,916408.99
2026-04-08T13:00:00,82.89,83.19,82.74,83.15,572744.37
2026-04-08T14:00:00,83.15,83.34,82.97,83.23,372630.79
2026-04-08T15:00:00,83.24,83.58,83.14,83.36,309897.83
2026-04-08T16:00:00,83.36,83.41,82.53,82.58,541103.5
2026-04-08T17:00:00,82.57,82.99,82.17,82.52,1007481.72
2026-04-08T18:00:00,82.52,82.63,82.01,82.16,768532.27
2026-04-08T19:00:00,82.15,82.28,81.65,82.18,1141364.43
2026-04-08T20:00:00,82.17,82.41,82.02,82.09,504561.92
2026-04-08T21:00:00,82.09,82.14,81.85,81.97,568580.81
2026-04-08T22:00:00,81.97,82.0,81.78,81.8,350264.79
2026-04-08T23:00:00,81.8,82.29,81.7,82.11,498440.74
2026-04-09T00:00:00,82.12,82.31,81.79,82.13,505246.58
2026-04-09T01:00:00,82.13,82.44,82.13,82.23,387531.36
2026-04-09T02:00:00,82.24,82.61,82.1,82.43,503931.44
2026-04-09T03:00:00,82.42,82.64,82.08,82.55,713500.71
2026-04-09T04:00:00,82.55,82.62,82.32,82.53,396123.87
2026-04-09T05:00:00,82.53,82.68,81.98,82.14,755978.09
2026-04-09T06:00:00,82.13,82.33,81.93,82.23,669242.85
2026-04-09T07:00:00,82.24,82.39,81.51,81.83,1035684.53
2026-04-09T08:00:00,81.82,82.28,81.36,82.14,1124951.45
2026-04-09T09:00:00,82.14,83.89,81.86,83.69,2661386.3
2026-04-09T10:00:00,83.7,84.21,82.87,83.64,1876754.13
2026-04-09T11:00:00,83.64,84.65,83.62,84.62,1852249.77
2026-04-09T12:00:00,84.62,84.67,83.33,83.81,1744883.23
2026-04-09T13:00:00,83.8,84.28,83.38,84.12,979861.31
2026-04-09T14:00:00,84.11,84.5,84.05,84.22,555660.34
2026-04-09T15:00:00,84.22,84.71,84.1,84.22,609109.62
2026-04-09T16:00:00,84.23,85.93,83.91,83.95,2038331.01
2026-04-09T17:00:00,83.95,84.02,83.1,83.29,1112777.55
2026-04-09T18:00:00,83.29,83.33,82.84,83.08,800990.68
2026-04-09T19:00:00,83.07,83.74,82.75,83.11,1087511.68
2026-04-09T20:00:00,83.12,83.41,83.0,83.22,455578.9
2026-04-09T21:00:00,83.22,83.23,82.63,82.84,705527.87
2026-04-09T22:00:00,82.84,83.48,82.84,83.31,527025.7
2026-04-09T23:00:00,83.3,83.55,83.05,83.36,541724.74
2026-04-10T00:00:00,83.36,83.43,83.06,83.15,439877.66
2026-04-10T01:00:00,83.16,83.23,82.82,82.92,463437.61
2026-04-10T02:00:00,82.93,83.08,82.66,82.87,820203.58
2026-04-10T03:00:00,82.87,83.55,82.86,83.49,757968.56
2026-04-10T04:00:00,83.5,83.5,83.06,83.25,534027.57
2026-04-10T05:00:00,83.26,83.73,83.25,83.48,898638.25
2026-04-10T06:00:00,83.49,84.39,83.31,84.07,1420882.63
2026-04-10T07:00:00,84.08,84.35,83.53,84.22,1086566.02
2026-04-10T08:00:00,84.22,85.2,84.14,85.06,1762108.66
2026-04-10T09:00:00,85.05,85.57,84.01,84.2,1619691.76
2026-04-10T10:00:00,84.2,84.88,84.08,84.81,896417.95
2026-04-10T11:00:00,84.81,84.86,84.41,84.82,505705.78
2026-04-10T12:00:00,84.83,85.24,84.57,85.18,570616.72
2026-04-10T13:00:00,85.17,85.44,85.06,85.41,704294.44
2026-04-10T14:00:00,85.41,85.66,85.01,85.4,670965.67
2026-04-10T15:00:00,85.41,85.41,84.92,85.19,418822.11
2026-04-10T16:00:00,85.2,85.24,84.6,84.84,434414.57
2026-04-10T17:00:00,84.83,84.92,84.7,84.78,234337.26
2026-04-10T18:00:00,84.78,84.81,84.47,84.64,289216.78
2026-04-10T19:00:00,84.63,84.69,84.34,84.63,338118.95
2026-04-10T20:00:00,84.63,84.89,84.54,84.77,283849.26
2026-04-10T21:00:00,84.76,84.85,84.22,84.35,424635.98
2026-04-10T22:00:00,84.35,84.57,84.16,84.33,450006.26
2026-04-10T23:00:00,84.32,84.36,84.02,84.04,532164.15
2026-04-11T00:00:00,84.04,84.11,83.82,84.07,443166.1
2026-04-11T01:00:00,84.08,84.31,84.03,84.23,252830.94
2026-04-11T02:00:00,84.23,84.38,84.1,84.1,323679.01
2026-04-11T03:00:00,84.1,84.76,84.09,84.45,664239.57
2026-04-11T04:00:00,84.45,84.47,83.9,83.99,478844.9
2026-04-11T05:00:00,83.99,84.22,83.75,84.18,513951.03
2026-04-11T06:00:00,84.18,84.48,84.01,84.18,388928.09
2026-04-11T07:00:00,84.18,84.27,83.78,84.06,509003.19
2026-04-11T08:00:00,84.05,84.39,83.98,84.33,357548.53
2026-04-11T09:00:00,84.34,84.84,84.2,84.63,632151.98
2026-04-11T10:00:00,84.62,85.35,84.56,84.93,758914.54
2026-04-11T11:00:00,84.94,84.97,84.64,84.76,430557.6
2026-04-11T12:00:00,84.76,85.78,84.58,85.45,1025678.69
2026-04-11T13:00:00,85.45,86.23,85.37,85.99,1251173.72
2026-04-11T14:00:00,85.99,86.06,85.08,85.38,763655.78
2026-04-11T15:00:00,85.37,85.51,85.15,85.3,316811.31
2026-04-11T16:00:00,85.29,86.14,85.01,85.24,1214747.59
2026-04-11T17:00:00,85.23,85.24,84.45,84.89,617584.23
2026-04-11T18:00:00,84.89,84.97,84.67,84.85,364455.12
2026-04-11T19:00:00,84.86,84.93,81.98,82.24,3209629.81
2026-04-11T20:00:00,82.25,82.95,81.83,82.61,1575852.59
2026-04-11T21:00:00,82.61,82.74,82.26,82.27,647238.93
2026-04-11T22:00:00,82.27,82.42,82.1,82.16,491043.03
2026-04-11T23:00:00,82.16,82.42,82.01,82.34,555734.88
2026-04-12T00:00:00,82.34,82.44,82.15,82.2,548920.3
2026-04-12T01:00:00,82.2,82.4,82.17,82.23,265429.19
2026-04-12T02:00:00,82.24,82.25,82.09,82.23,287426.08
2026-04-12T03:00:00,82.24,82.36,82.08,82.15,281384.4
2026-04-12T04:00:00,82.16,82.29,81.88,81.98,467421.34
2026-04-12T05:00:00,81.99,82.33,81.89,82.15,506529.49
2026-04-12T06:00:00,82.15,82.5,81.82,81.97,947029.37
2026-04-12T07:00:00,81.97,82.19,81.71,81.86,847453.33
2026-04-12T08:00:00,81.85,82.06,81.24,81.51,1616902.09
2026-04-12T09:00:00,81.51,81.78,81.25,81.55,735453.6
2026-04-12T10:00:00,81.54,81.84,81.48,81.82,357792.01
2026-04-12T11:00:00,81.83,82.26,81.69,82.14,592929.88
2026-04-12T12:00:00,82.14,82.29,81.98,82.07,447593.3
2026-04-12T13:00:00,82.07,82.27,81.86,81.93,260061.31
2026-04-12T14:00:00,81.93,82.85,81.88,82.64,758394.72
2026-04-12T15:00:00,82.64,82.86,82.39,82.76,590155.71
2026-04-12T16:00:00,82.76,82.78,81.32,81.95,1648604.4
2026-04-12T17:00:00,81.94,81.94,81.23,81.49,665832.22
2026-04-12T18:00:00,81.48,82.19,81.35,82.1,700753.12
2026-04-12T19:00:00,82.1,82.31,81.92,82.28,547450.84
2026-04-12T20:00:00,82.28,82.4,81.83,81.88,597238.9
2026-04-12T21:00:00,81.89,82.04,81.68,81.86,341293.78
2026-04-12T22:00:00,81.87,82.21,81.8,81.86,426501.61
2026-04-12T23:00:00,81.87,81.95,81.48,81.79,480760.05
2026-04-13T00:00:00,81.8,82.58,81.77,82.31,935983.8
2026-04-13T01:00:00,82.31,82.36,81.81,82.12,590005.67
2026-04-13T02:00:00,82.12,82.25,81.67,81.82,814021.19
2026-04-13T03:00:00,81.82,82.17,81.74,81.82,604960.35
2026-04-13T04:00:00,81.82,81.93,81.61,81.7,346868.41
2026-04-13T05:00:00,81.71,82.01,81.65,81.82,479239.18
2026-04-13T06:00:00,81.82,82.77,81.77,82.5,1424934.54
2026-04-13T07:00:00,82.51,83.65,82.25,83.58,2191058.21
2026-04-13T08:00:00,83.58,83.79,82.73,83.73,2109419.02
2026-04-13T09:00:00,83.73,83.95,82.31,82.62,1796802.17
2026-04-13T10:00:00,82.62,83.6,82.31,83.32,1560628.09
2026-04-13T11:00:00,83.33,83.82,82.96,83.03,922156.42
2026-04-13T12:00:00,83.02,83.25,82.54,83.19,942499.53
2026-04-13T13:00:00,83.18,84.23,83.06,84.07,1606539.69
2026-04-13T14:00:00,84.07,84.35,83.77,83.89,1175329.96
2026-04-13T15:00:00,83.9,84.14,83.79,83.92,526377.89
2026-04-13T16:00:00,83.91,86.47,83.91,86.2,3112554.19
2026-04-13T17:00:00,86.2,86.8,85.88,86.5,2126060.59
2026-04-13T18:00:00,86.49,86.73,85.7,85.88,1542907.77
2026-04-13T19:00:00,85.89,86.1,85.65,85.94,831453.2
2026-04-13T20:00:00,85.93,86.41,85.84,86.2,890888.99
2026-04-13T21:00:00,86.2,86.25,85.96,86.03,429520.25
2026-04-13T22:00:00,86.03,86.04,85.54,85.88,655108.68
2026-04-13T23:00:00,85.88,85.9,85.4,85.48,493175.57
2026-04-14T00:00:00,85.49,86.06,85.48,85.92,674339.98
2026-04-14T01:00:00,85.92,86.17,85.76,85.87,856899.57
2026-04-14T02:00:00,85.86,86.35,85.68,86.09,694944.5
2026-04-14T03:00:00,86.09,86.22,85.93,86.05,352993.64
2026-04-14T04:00:00,86.06,86.52,85.96,85.99,671169.47
2026-04-14T05:00:00,85.99,86.07,85.56,85.75,925096.72
2026-04-14T06:00:00,85.74,86.0,85.55,85.92,631545.57
2026-04-14T07:00:00,85.92,87.4,85.87,87.28,2054724.76
2026-04-14T08:00:00,87.28,87.64,85.95,85.95,2650942.16
2026-04-14T09:00:00,85.96,86.28,85.17,85.92,2131005.27
2026-04-14T10:00:00,85.92,86.13,84.7,84.99,1654142.09
2026-04-14T11:00:00,84.99,85.42,84.66,85.2,1200637.32
2026-04-14T12:00:00,85.21,85.39,83.83,84.05,1333418.09
2026-04-14T13:00:00,84.04,84.28,83.66,83.91,1185055.74
2026-04-14T14:00:00,83.91,84.11,83.36,83.57,874720.69
2026-04-14T15:00:00,83.56,83.92,83.49,83.76,359745.77
2026-04-14T16:00:00,83.76,83.89,83.26,83.46,779870.57
2026-04-14T17:00:00,83.47,84.0,83.42,83.66,604573.76
2026-04-14T18:00:00,83.66,84.01,83.48,83.72,1080023.05
2026-04-14T19:00:00,83.72,83.98,83.51,83.85,610059.72
2026-04-14T20:00:00,83.85,83.97,83.07,83.35,752677.36
2026-04-14T21:00:00,83.35,83.47,83.23,83.4,292142.51
2026-04-14T22:00:00,83.4,83.62,83.26,83.55,401589.72
2026-04-14T23:00:00,83.56,83.74,82.88,83.07,1060485.83
2026-04-15T00:00:00,83.07,83.09,82.75,82.94,605349.7
2026-04-15T01:00:00,82.95,83.17,82.6,82.88,885015.85
2026-04-15T02:00:00,82.88,83.23,82.68,83.08,744312.12
2026-04-15T03:00:00,83.07,83.19,82.82,83.11,548007.62
2026-04-15T04:00:00,83.11,83.65,82.85,83.1,1123595.42
2026-04-15T05:00:00,83.11,83.65,83.0,83.54,727369.84
2026-04-15T06:00:00,83.55,83.84,83.32,83.67,654221.52
2026-04-15T07:00:00,83.66,83.77,83.14,83.59,954192.68
2026-04-15T08:00:00,83.59,84.47,83.36,84.27,1609352.82
2026-04-15T09:00:00,84.27,84.44,83.44,83.94,1485424.28
2026-04-15T10:00:00,83.95,84.67,83.86,84.51,1276832.7
2026-04-15T11:00:00,84.5,85.12,84.4,84.66,1370589.33
2026-04-15T12:00:00,84.66,85.03,84.55,84.98,522677.61
2026-04-15T13:00:00,84.99,85.81,84.9,85.48,1095593.33
2026-04-15T14:00:00,85.48,85.54,84.59,84.77,786810.65
2026-04-15T15:00:00,84.77,84.87,84.16,84.75,576937.47
2026-04-15T16:00:00,84.74,85.59,84.7,84.98,759885.21
2026-04-15T17:00:00,84.99,85.0,84.56,84.85,533977.77
2026-04-15T18:00:00,84.86,85.03,84.45,84.89,514288.55
2026-04-15T19:00:00,84.9,84.91,84.42,84.82,331901.35
2026-04-15T20:00:00,84.81,85.56,84.67,85.07,782039.96
2026-04-15T21:00:00,85.07,85.48,85.04,85.26,495610.43
2026-04-15T22:00:00,85.25,85.53,84.93,85.2,480936.24
2026-04-15T23:00:00,85.19,85.5,85.0,85.36,336046.18
2026-04-16T00:00:00,85.37,85.5,85.12,85.43,299939.25
2026-04-16T01:00:00,85.43,85.61,85.03,85.15,542957.58
2026-04-16T02:00:00,85.16,85.27,84.85,84.99,632359.07
2026-04-16T03:00:00,85.0,85.47,84.91,85.14,816701.17
2026-04-16T04:00:00,85.15,85.21,84.56,85.01,1128701.21
2026-04-16T05:00:00,85.01,85.14,84.89,85.02,394559.07
2026-04-16T06:00:00,85.03,85.47,85.01,85.34,562683.98
2026-04-16T07:00:00,85.34,86.25,83.7,84.74,3179759.17
2026-04-16T08:00:00,84.74,85.67,83.99,85.35,2081697.77
2026-04-16T09:00:00,85.34,87.11,85.24,86.57,2814815.4
2026-04-16T10:00:00,86.58,87.07,85.58,85.9,1869845.52
2026-04-16T11:00:00,85.89,86.76,85.66,86.61,1406198.78
2026-04-16T12:00:00,86.61,89.05,86.46,88.96,3868853.14
2026-04-16T13:00:00,88.97,90.14,88.59,90.07,2528197.0
2026-04-16T14:00:00,90.06,90.58,89.21,89.55,2436908.1
2026-04-16T15:00:00,89.55,89.74,88.68,88.9,1209873.95
2026-04-16T16:00:00,88.9,89.43,88.83,88.97,654645.85
2026-04-16T17:00:00,88.96,89.19,88.78,89.03,482939.76
2026-04-16T18:00:00,89.02,89.15,88.54,88.77,618209.84
2026-04-16T19:00:00,88.78,88.98,87.86,88.2,969701.66
2026-04-16T20:00:00,88.21,88.33,87.5,87.82,873598.16
2026-04-16T21:00:00,87.83,87.93,87.43,87.67,716818.66
2026-04-16T22:00:00,87.67,88.25,87.64,87.94,712452.81
2026-04-16T23:00:00,87.94,87.95,87.34,87.36,762338.33
2026-04-17T00:00:00,87.36,88.05,87.3,87.96,580866.51
2026-04-17T01:00:00,87.96,88.44,87.93,88.09,785830.4
2026-04-17T02:00:00,88.1,89.05,88.07,88.91,1140719.17
2026-04-17T03:00:00,88.9,89.48,88.24,88.65,1697292.2
2026-04-17T04:00:00,88.66,88.69,87.26,87.62,1829905.02
2026-04-17T05:00:00,87.62,88.27,87.57,88.15,763540.9
2026-04-17T06:00:00,88.16,88.87,87.85,88.82,1098796.25
2026-04-17T07:00:00,88.83,90.48,88.51,90.09,4675390.57
2026-04-17T08:00:00,90.09,90.71,89.57,89.97,2697860.03
2026-04-17T09:00:00,89.97,90.14,89.39,89.91,1670863.19
2026-04-17T10:00:00,89.91,90.58,89.85,90.39,1284125.13
2026-04-17T11:00:00,90.39,90.39,89.04,89.7,1516240.77
2026-04-17T12:00:00,89.69,89.8,88.84,89.12,1047138.71
2026-04-17T13:00:00,89.12,89.46,88.86,89.18,577555.55
2026-04-17T14:00:00,89.17,89.33,88.45,88.95,908047.02
2026-04-17T15:00:00,88.94,89.23,88.74,89.08,431665.52
2026-04-17T16:00:00,89.08,89.43,88.89,89.17,470519.55
2026-04-17T17:00:00,89.16,89.17,88.42,88.71,523001.5
2026-04-17T18:00:00,88.71,89.1,88.61,88.91,344791.39
2026-04-17T19:00:00,88.92,89.11,88.63,88.8,365262.77
2026-04-17T20:00:00,88.81,89.05,88.61,88.86,270418.27
2026-04-17T21:00:00,88.87,88.87,88.17,88.27,497841.51
2026-04-17T22:00:00,88.27,88.5,88.18,88.3,540963.38
2026-04-17T23:00:00,88.31,88.6,88.1,88.34,486255.25
2026-04-18T00:00:00,88.35,88.56,88.25,88.44,282049.39
2026-04-18T01:00:00,88.44,88.5,88.25,88.39,281155.55
2026-04-18T02:00:00,88.4,88.45,87.04,87.5,1789877.47
2026-04-18T03:00:00,87.49,87.63,87.07,87.56,828297.54
2026-04-18T04:00:00,87.57,87.6,86.71,86.92,1272143.22
2026-04-18T05:00:00,86.91,86.92,86.22,86.49,1120074.29
2026-04-18T06:00:00,86.48,86.91,86.45,86.84,794556.82
2026-04-18T07:00:00,86.85,86.92,86.35,86.69,641692.04
2026-04-18T08:00:00,86.7,86.82,86.38,86.77,510558.23
2026-04-18T09:00:00,86.78,86.92,86.5,86.7,412695.98
2026-04-18T10:00:00,86.7,86.93,86.41,86.64,572523.94
2026-04-18T11:00:00,86.64,86.79,86.45,86.69,337772.35
2026-04-18T12:00:00,86.69,86.7,85.71,85.9,1419714.0
2026-04-18T13:00:00,85.9,86.24,85.88,86.07,370235.27
2026-04-18T14:00:00,86.06,86.27,85.95,86.12,281978.56
2026-04-18T15:00:00,86.12,86.22,85.98,86.16,182552.31
2026-04-18T16:00:00,86.16,86.32,85.86,86.24,408800.66
2026-04-18T17:00:00,86.24,86.42,86.13,86.18,254947.73
