timestamp,open,high,low,close,volume
2026-01-18T18:00:00,1.9904,1.9904,1.8406,1.9433,241974674.3
2026-01-18T19:00:00,1.9434,1.9612,1.9369,1.9512,36848923.6
2026-01-18T20:00:00,1.9513,1.962,1.9487,1.956,17238288.3
2026-01-18T21:00:00,1.956,1.9667,1.9516,1.9657,17900015.9
2026-01-18T22:00:00,1.9657,1.9731,1.96,1.9621,15902695.7
2026-01-18T23:00:00,1.9621,1.9689,1.9561,1.9606,33273891.9
2026-01-19T00:00:00,1.9605,1.965,1.9518,1.9607,16676281.9
2026-01-19T01:00:00,1.9607,1.9624,1.9524,1.9617,11740445.7
2026-01-19T02:00:00,1.9618,1.9817,1.9577,1.9789,23315060.9
2026-01-19T03:00:00,1.9788,1.9811,1.9726,1.9803,9406744.9
2026-01-19T04:00:00,1.9804,1.9829,1.971,1.9808,10150988.6
2026-01-19T05:00:00,1.9809,1.9815,1.9688,1.9717,10487368.7
2026-01-19T06:00:00,1.9717,1.9759,1.966,1.9718,9866172.9
2026-01-19T07:00:00,1.9717,1.973,1.9632,1.9725,11127067.4
2026-01-19T08:00:00,1.9725,1.9844,1.9673,1.9781,12486487.4
2026-01-19T09:00:00,1.9782,1.983,1.9758,1.9804,9738832.7
2026-01-19T10:00:00,1.9804,2.0289,1.9792,2.021,37589503.3
2026-01-19T11:00:00,2.021,2.0246,2.007,2.0173,25923068.7
2026-01-19T12:00:00,2.0173,2.0248,2.0082,2.01,15435122.0
2026-01-19T13:00:00,2.01,2.0174,2.0064,2.0126,10017494.9
2026-01-19T14:00:00,2.0127,2.016,2.0002,2.0015,11195190.7
2026-01-19T15:00:00,2.0016,2.0076,1.9953,1.9973,11538311.6
2026-01-19T16:00:00,1.9972,1.9994,1.9783,1.9794,22638719.2
2026-01-19T17:00:00,1.9794,1.9949,1.9785,1.985,23881198.4
2026-01-19T18:00:00,1.9851,1.9899,1.9809,1.9856,19527291.4
2026-01-19T19:00:00,1.9856,1.9857,1.9695,1.9715,18870084.9
2026-01-19T20:00:00,1.9714,1.9719,1.9609,1.9683,18650938.0
2026-01-19T21:00:00,1.9683,1.9692,1.9544,1.9614,16252062.2
2026-01-19T22:00:00,1.9613,1.9731,1.9588,1.9646,13707664.6
2026-01-19T23:00:00,1.9646,1.9683,1.9531,1.9656,23001654.4
2026-01-20T00:00:00,1.9656,1.9657,1.9404,1.9476,34150466.0
2026-01-20T01:00:00,1.9477,1.956,1.9448,1.9483,14132348.9
2026-01-20T02:00:00,1.9483,1.9529,1.9184,1.9273,70829637.4
2026-01-20T03:00:00,1.9272,1.9304,1.9206,1.9247,14834459.8
2026-01-20T04:00:00,1.9247,1.9321,1.9239,1.9291,12466191.7
2026-01-20T05:00:00,1.929,1.9397,1.9278,1.9282,15048425.5
2026-01-20T06:00:00,1.9282,1.9358,1.927,1.9339,12095134.3
2026-01-20T07:00:00,1.934,1.9341,1.9147,1.9161,27777534.2
2026-01-20T08:00:00,1.9161,1.939,1.9141,1.9243,47307197.4
2026-01-20T09:00:00,1.9243,1.9325,1.9074,1.9162,51250665.6
2026-01-20T10:00:00,1.9163,1.9268,1.9002,1.9096,29604314.7
2026-01-20T11:00:00,1.9095,1.92,1.8964,1.9017,32683923.8
2026-01-20T12:00:00,1.9017,1.908,1.8935,1.8979,22808932.6
2026-01-20T13:00:00,1.8979,1.9072,1.8931,1.9015,19241342.5
2026-01-20T14:00:00,1.9014,1.9107,1.8972,1.9047,29504898.9
2026-01-20T15:00:00,1.9048,1.9056,1.883,1.888,30765084.4
2026-01-20T16:00:00,1.8881,1.8991,1.8677,1.8894,34772905.6
2026-01-20T17:00:00,1.8893,1.8928,1.8831,1.8889,20196519.0
2026-01-20T18:00:00,1.8889,1.9145,1.888,1.9125,28359382.2
2026-01-20T19:00:00,1.9125,1.9174,1.8971,1.8976,18542885.9
2026-01-20T20:00:00,1.8977,1.9055,1.8906,1.8958,12655851.8
2026-01-20T21:00:00,1.8959,1.9073,1.8954,1.9017,11637690.9
2026-01-20T22:00:00,1.9018,1.9087,1.8996,1.9062,8334090.1
2026-01-20T23:00:00,1.9063,1.9257,1.9046,1.9201,22325745.1
2026-01-21T00:00:00,1.9201,1.9215,1.9126,1.914,12103560.8
2026-01-21T01:00:00,1.9141,1.9209,1.9059,1.9087,17121209.0
2026-01-21T02:00:00,1.9087,1.9107,1.8963,1.9015,18408408.2
2026-01-21T03:00:00,1.9014,1.9132,1.8991,1.9102,19439547.8
2026-01-21T04:00:00,1.9103,1.9149,1.902,1.9021,11866184.0
2026-01-21T05:00:00,1.9022,1.9049,1.8859,1.889,24252252.8
2026-01-21T06:00:00,1.8889,1.8975,1.8788,1.8964,32870861.4
2026-01-21T07:00:00,1.8963,1.905,1.8901,1.8957,23343746.0
2026-01-21T08:00:00,1.8957,1.9442,1.8901,1.9417,84327035.7
2026-01-21T09:00:00,1.9417,1.9598,1.9335,1.957,43957049.1
2026-01-21T10:00:00,1.9569,1.9577,1.8762,1.8781,71058812.7
2026-01-21T11:00:00,1.8781,1.8973,1.87,1.89,51884306.2
2026-01-21T12:00:00,1.8901,1.9135,1.8814,1.9045,26436090.8
2026-01-21T13:00:00,1.9045,1.9837,1.8975,1.9725,92073537.1
2026-01-21T14:00:00,1.9726,1.9727,1.9451,1.9722,42317177.8
2026-01-21T15:00:00,1.9721,1.9854,1.9656,1.9736,26545960.6
2026-01-21T16:00:00,1.9737,1.9889,1.9647,1.965,27794648.2
2026-01-21T17:00:00,1.9649,1.9674,1.9383,1.9466,22989461.5
2026-01-21T18:00:00,1.9465,1.96,1.9464,1.9541,17570189.9
2026-01-21T19:00:00,1.9541,1.9675,1.9511,1.9576,13800358.4
2026-01-21T20:00:00,1.9576,1.9606,1.9433,1.9446,12913361.7
2026-01-21T21:00:00,1.9446,1.9546,1.9411,1.9468,10628802.1
2026-01-21T22:00:00,1.9467,1.954,1.9465,1.952,6081294.0
2026-01-21T23:00:00,1.9521,1.9543,1.9456,1.9524,7459175.5
2026-01-22T00:00:00,1.9524,1.9589,1.9472,1.9546,9198041.7
2026-01-22T01:00:00,1.9546,1.9555,1.9455,1.9468,9357628.9
2026-01-22T02:00:00,1.9469,1.9588,1.9461,1.9581,12497816.9
2026-01-22T03:00:00,1.958,1.9637,1.9553,1.9631,10821457.4
2026-01-22T04:00:00,1.9632,1.9637,1.9523,1.9553,11265747.0
2026-01-22T05:00:00,1.9553,1.9562,1.9415,1.943,16448513.1
2026-01-22T06:00:00,1.943,1.9489,1.9402,1.9407,11492461.6
2026-01-22T07:00:00,1.9407,1.9467,1.925,1.9291,38164051.5
2026-01-22T08:00:00,1.9291,1.9316,1.9134,1.9141,34898906.6
2026-01-22T09:00:00,1.9142,1.9228,1.9001,1.9135,44076333.7
2026-01-22T10:00:00,1.9136,1.9284,1.9026,1.9219,29388420.3
2026-01-22T11:00:00,1.9219,1.9292,1.9111,1.928,22550391.9
2026-01-22T12:00:00,1.928,1.9324,1.9195,1.9212,11580112.2
2026-01-22T13:00:00,1.9211,1.9349,1.9165,1.9314,10271441.8
2026-01-22T14:00:00,1.9314,1.9329,1.9174,1.9224,17619496.9
2026-01-22T15:00:00,1.9224,1.9311,1.919,1.9243,8374269.9
2026-01-22T16:00:00,1.9243,1.9314,1.9217,1.9234,8050854.4
2026-01-22T17:00:00,1.9234,1.9248,1.915,1.9226,10670165.9
2026-01-22T18:00:00,1.9226,1.9254,1.9156,1.9172,8601291.3
2026-01-22T19:00:00,1.9173,1.9235,1.9156,1.921,6810234.7
2026-01-22T20:00:00,1.921,1.9223,1.908,1.9085,8500866.3
2026-01-22T21:00:00,1.9085,1.9174,1.9082,1.9151,8583151.5
2026-01-22T22:00:00,1.9151,1.925,1.9127,1.9192,8544337.7
2026-01-22T23:00:00,1.9192,1.9201,1.9066,1.9098,11454044.5
2026-01-23T00:00:00,1.9099,1.9161,1.9021,1.9102,12433468.6
2026-01-23T01:00:00,1.9102,1.9148,1.908,1.9132,8896524.5
2026-01-23T02:00:00,1.9133,1.9148,1.9013,1.9047,16984561.3
2026-01-23T03:00:00,1.9046,1.9111,1.9008,1.9067,11590801.5
2026-01-23T04:00:00,1.9067,1.9119,1.9061,1.9068,10384623.3
2026-01-23T05:00:00,1.9069,1.9139,1.9057,1.9128,6258891.3
2026-01-23T06:00:00,1.9129,1.9133,1.9077,1.909,6098252.2
2026-01-23T07:00:00,1.909,1.9115,1.903,1.9042,7818932.7
2026-01-23T08:00:00,1.9043,1.9079,1.8862,1.8958,41390828.3
2026-01-23T09:00:00,1.8958,1.9222,1.8881,1.9206,31020118.3
2026-01-23T10:00:00,1.9207,1.9499,1.9191,1.9354,42442498.1
2026-01-23T11:00:00,1.9354,1.9649,1.9263,1.9465,47942766.2
2026-01-23T12:00:00,1.9465,1.9604,1.9415,1.9438,28214809.2
2026-01-23T13:00:00,1.9438,1.9438,1.9199,1.9227,28272485.2
2026-01-23T14:00:00,1.9226,1.9279,1.9068,1.9146,41121452.2
2026-01-23T15:00:00,1.9146,1.9259,1.9122,1.9171,14048031.8
2026-01-23T16:00:00,1.917,1.9326,1.9164,1.9248,15507444.1
2026-01-23T17:00:00,1.9249,1.9249,1.9179,1.9186,7580244.7
2026-01-23T18:00:00,1.9187,1.9224,1.917,1.9183,6862755.1
2026-01-23T19:00:00,1.9182,1.9209,1.9152,1.9196,5084128.9
2026-01-23T20:00:00,1.9195,1.9259,1.9191,1.9229,5655262.5
2026-01-23T21:00:00,1.9229,1.9263,1.9205,1.9224,5606768.9
2026-01-23T22:00:00,1.9223,1.9268,1.9219,1.9244,3591338.3
2026-01-23T23:00:00,1.9243,1.9248,1.9186,1.9209,7026157.8
2026-01-24T00:00:00,1.921,1.9211,1.9166,1.9176,4880245.4
2026-01-24T01:00:00,1.9176,1.9189,1.9157,1.9179,4200734.1
2026-01-24T02:00:00,1.9179,1.9206,1.917,1.9186,6210744.7
2026-01-24T03:00:00,1.9185,1.9188,1.9134,1.9175,6113869.7
2026-01-24T04:00:00,1.9175,1.9175,1.9143,1.9165,4276980.7
2026-01-24T05:00:00,1.9165,1.9192,1.916,1.916,3795246.1
2026-01-24T06:00:00,1.916,1.9216,1.9144,1.9186,5641471.1
2026-01-24T07:00:00,1.9186,1.9235,1.9176,1.9178,6689505.6
2026-01-24T08:00:00,1.9178,1.9214,1.9158,1.9184,11704482.5
2026-01-24T09:00:00,1.9185,1.9206,1.9114,1.9118,8220871.7
2026-01-24T10:00:00,1.9119,1.916,1.909,1.9138,11922738.1
2026-01-24T11:00:00,1.9137,1.918,1.912,1.916,4406767.7
2026-01-24T12:00:00,1.9161,1.92,1.9154,1.9199,8083568.7
2026-01-24T13:00:00,1.9199,1.92,1.9136,1.9156,5408536.9
2026-01-24T14:00:00,1.9156,1.9179,1.9156,1.9166,2367671.4
2026-01-24T15:00:00,1.9167,1.917,1.9133,1.9167,3294100.6
2026-01-24T16:00:00,1.9168,1.9224,1.9168,1.921,4336994.8
2026-01-24T17:00:00,1.921,1.9215,1.9133,1.9135,6086566.2
2026-01-24T18:00:00,1.9136,1.9161,1.9101,1.9138,7698289.0
2026-01-24T19:00:00,1.9138,1.914,1.9027,1.905,12966611.6
2026-01-24T20:00:00,1.9049,1.9092,1.9044,1.9062,5157276.7
2026-01-24T21:00:00,1.9063,1.907,1.8972,1.8996,11708249.9
2026-01-24T22:00:00,1.8996,1.903,1.898,1.9003,5243620.4
2026-01-24T23:00:00,1.9003,1.9012,1.8964,1.9011,6825672.3
2026-01-25T00:00:00,1.9011,1.9011,1.894,1.8972,9415734.0
2026-01-25T01:00:00,1.8973,1.8984,1.893,1.8939,4886321.2
2026-01-25T02:00:00,1.8939,1.8987,1.8886,1.8898,12978866.2
2026-01-25T03:00:00,1.8899,1.8965,1.8857,1.8926,10560688.9
2026-01-25T04:00:00,1.8927,1.9115,1.8922,1.9065,14940807.8
2026-01-25T05:00:00,1.9064,1.9103,1.8991,1.9011,8467778.1
2026-01-25T06:00:00,1.9011,1.9024,1.8962,1.8997,10208772.6
2026-01-25T07:00:00,1.8998,1.9022,1.8929,1.9009,8243652.2
2026-01-25T08:00:00,1.901,1.9014,1.8829,1.8862,20081899.4
2026-01-25T09:00:00,1.8863,1.8924,1.883,1.8866,10278299.3
2026-01-25T10:00:00,1.8867,1.8867,1.8445,1.8524,98172419.0
2026-01-25T11:00:00,1.8524,1.8607,1.835,1.8449,43448807.5
2026-01-25T12:00:00,1.845,1.8489,1.8238,1.8346,37976157.2
2026-01-25T13:00:00,1.8347,1.8405,1.8095,1.817,49312880.9
2026-01-25T14:00:00,1.817,1.8259,1.8115,1.8226,21009797.1
2026-01-25T15:00:00,1.8226,1.8398,1.8224,1.8385,26850883.3
2026-01-25T16:00:00,1.8386,1.8389,1.8173,1.8291,27453853.9
2026-01-25T17:00:00,1.8291,1.8383,1.8223,1.8344,26268423.5
2026-01-25T18:00:00,1.8344,1.8529,1.8319,1.8515,26684714.0
2026-01-25T19:00:00,1.8515,1.8878,1.8515,1.8831,38803475.3
2026-01-25T20:00:00,1.8831,1.8851,1.8709,1.8753,18131463.1
2026-01-25T21:00:00,1.8753,1.882,1.864,1.8686,20401630.6
2026-01-25T22:00:00,1.8685,1.894,1.8685,1.878,20367867.9
2026-01-25T23:00:00,1.8781,1.8816,1.8745,1.8801,7560921.1
2026-01-26T00:00:00,1.8801,1.8852,1.8731,1.8793,13865323.2
2026-01-26T01:00:00,1.8794,1.8852,1.8749,1.8809,14765456.9
2026-01-26T02:00:00,1.881,1.8974,1.8792,1.8885,22560184.6
2026-01-26T03:00:00,1.8885,1.8897,1.8755,1.8787,18157477.4
2026-01-26T04:00:00,1.8787,1.89,1.8785,1.8862,9436106.3
2026-01-26T05:00:00,1.8861,1.894,1.8861,1.8908,9196858.4
2026-01-26T06:00:00,1.8907,1.9012,1.8907,1.8984,17000340.1
2026-01-26T07:00:00,1.8984,1.916,1.8968,1.9054,30269100.7
2026-01-26T08:00:00,1.9053,1.928,1.8999,1.9189,56345784.5
2026-01-26T09:00:00,1.9189,1.9454,1.9128,1.9246,65266204.8
2026-01-26T10:00:00,1.9246,1.9378,1.9174,1.9182,43615989.6
2026-01-26T11:00:00,1.9182,1.921,1.8983,1.9109,32717219.3
2026-01-26T12:00:00,1.9109,1.9269,1.9064,1.9172,26108190.7
2026-01-26T13:00:00,1.9172,1.9224,1.9029,1.9067,18398304.9
2026-01-26T14:00:00,1.9068,1.9087,1.8898,1.8907,31770315.9
2026-01-26T15:00:00,1.8907,1.9062,1.8878,1.8986,21390237.9
2026-01-26T16:00:00,1.8985,1.9028,1.8937,1.8983,10358502.7
2026-01-26T17:00:00,1.8983,1.9119,1.8944,1.9031,15218878.4
2026-01-26T18:00:00,1.9031,1.9041,1.8972,1.9027,11200569.2
2026-01-26T19:00:00,1.9027,1.9099,1.8967,1.9053,11126307.6
2026-01-26T20:00:00,1.9053,1.9148,1.9039,1.9137,13560670.3
2026-01-26T21:00:00,1.9136,1.9159,1.9067,1.9086,10807833.0
2026-01-26T22:00:00,1.9087,1.9169,1.906,1.9079,11269497.4
2026-01-26T23:00:00,1.9079,1.9083,1.8996,1.9012,8227739.0
2026-01-27T00:00:00,1.9013,1.9019,1.8937,1.8971,10550365.3
2026-01-27T01:00:00,1.8971,1.9,1.896,1.8986,6826402.7
2026-01-27T02:00:00,1.8986,1.9019,1.8917,1.8939,9544535.6
2026-01-27T03:00:00,1.8939,1.8939,1.8815,1.8826,15165986.3
2026-01-27T04:00:00,1.8825,1.8886,1.882,1.884,10831935.3
2026-01-27T05:00:00,1.884,1.8918,1.8808,1.888,16322728.1
2026-01-27T06:00:00,1.888,1.8925,1.8833,1.8839,12964887.8
2026-01-27T07:00:00,1.884,1.8856,1.8729,1.8758,16801426.0
2026-01-27T08:00:00,1.8759,1.8958,1.8752,1.8825,28406893.6
2026-01-27T09:00:00,1.8826,1.8952,1.8786,1.8922,22167937.7
2026-01-27T10:00:00,1.8921,1.9155,1.8914,1.9129,49512625.6
2026-01-27T11:00:00,1.9129,1.9141,1.8755,1.8796,46219449.0
2026-01-27T12:00:00,1.8796,1.9121,1.8771,1.9058,24877479.1
2026-01-27T13:00:00,1.9059,1.9101,1.8975,1.9062,16812936.0
2026-01-27T14:00:00,1.9061,1.9287,1.9049,1.9221,34548630.9
2026-01-27T15:00:00,1.922,1.9286,1.9101,1.9113,25772477.7
2026-01-27T16:00:00,1.9113,1.9247,1.9105,1.9177,11375276.3
2026-01-27T17:00:00,1.9177,1.9209,1.9141,1.9147,9627336.3
2026-01-27T18:00:00,1.9148,1.9184,1.9082,1.911,13995030.4
2026-01-27T19:00:00,1.9111,1.9119,1.8963,1.9018,16118406.3
2026-01-27T20:00:00,1.9018,1.9041,1.8933,1.9014,9016712.3
2026-01-27T21:00:00,1.9014,1.9031,1.8967,1.9009,7319687.2
2026-01-27T22:00:00,1.9008,1.9033,1.8955,1.9006,7272509.1
2026-01-27T23:00:00,1.9006,1.9117,1.8984,1.9112,13204216.6
2026-01-28T00:00:00,1.9112,1.9241,1.9112,1.9205,18495685.7
2026-01-28T01:00:00,1.9205,1.923,1.9133,1.9152,9285114.9
2026-01-28T02:00:00,1.9152,1.918,1.9076,1.9088,8965849.8
2026-01-28T03:00:00,1.9088,1.932,1.9053,1.9312,21529723.0
2026-01-28T04:00:00,1.9312,1.9364,1.9255,1.9267,16003232.7
2026-01-28T05:00:00,1.9266,1.9417,1.9222,1.9408,17789634.2
2026-01-28T06:00:00,1.9407,1.9414,1.9232,1.9253,21963072.1
2026-01-28T07:00:00,1.9254,1.9368,1.9243,1.9324,16782840.5
2026-01-28T08:00:00,1.9324,1.9325,1.9142,1.9185,29609704.3
2026-01-28T09:00:00,1.9184,1.9233,1.9,1.9065,32393461.5
2026-01-28T10:00:00,1.9066,1.9149,1.8997,1.9069,23348527.3
2026-01-28T11:00:00,1.9069,1.9275,1.8996,1.9204,21536168.6
2026-01-28T12:00:00,1.9205,1.921,1.9109,1.9151,19715696.4
2026-01-28T13:00:00,1.9151,1.9232,1.905,1.9187,25687002.9
2026-01-28T14:00:00,1.9186,1.932,1.9141,1.9171,23849287.6
2026-01-28T15:00:00,1.9171,1.9211,1.9062,1.9139,21480977.2
2026-01-28T16:00:00,1.914,1.9187,1.9083,1.9177,8156435.5
2026-01-28T17:00:00,1.9177,1.9188,1.907,1.9104,8721630.9
2026-01-28T18:00:00,1.9103,1.9128,1.8993,1.9058,12794055.9
2026-01-28T19:00:00,1.9059,1.9072,1.889,1.891,17717853.4
2026-01-28T20:00:00,1.891,1.8955,1.8688,1.8734,37363583.9
2026-01-28T21:00:00,1.8735,1.8832,1.8702,1.8746,17079953.1
2026-01-28T22:00:00,1.8747,1.8785,1.8641,1.8774,21052091.5
2026-01-28T23:00:00,1.8775,1.8834,1.8766,1.8777,12688781.3
2026-01-29T00:00:00,1.8778,1.8883,1.8771,1.8846,8802633.1
2026-01-29T01:00:00,1.8846,1.888,1.8828,1.8845,8926713.7
2026-01-29T02:00:00,1.8845,1.8889,1.8753,1.8784,15552196.7
2026-01-29T03:00:00,1.8784,1.8795,1.8718,1.8725,12751644.5
2026-01-29T04:00:00,1.8725,1.8758,1.8696,1.8732,9305739.4
2026-01-29T05:00:00,1.8733,1.8741,1.8664,1.8701,17860171.0
2026-01-29T06:00:00,1.8702,1.8733,1.8646,1.8721,16564973.3
2026-01-29T07:00:00,1.8722,1.8761,1.8718,1.8746,8937124.6
2026-01-29T08:00:00,1.8747,1.877,1.8237,1.8255,87546855.0
2026-01-29T09:00:00,1.8256,1.8293,1.7845,1.8,150121658.6
2026-01-29T10:00:00,1.8,1.8174,1.7908,1.8142,61591333.9
2026-01-29T11:00:00,1.8143,1.8415,1.8114,1.8119,57268549.8
2026-01-29T12:00:00,1.8118,1.8177,1.7824,1.7838,62208686.8
2026-01-29T13:00:00,1.7838,1.7969,1.7767,1.7882,44441313.3
2026-01-29T14:00:00,1.7882,1.8077,1.7845,1.8013,26156666.5
2026-01-29T15:00:00,1.8014,1.8066,1.7952,1.8044,18237310.7
2026-01-29T16:00:00,1.8044,1.8125,1.8023,1.809,13485298.4
2026-01-29T17:00:00,1.8091,1.8099,1.7973,1.8065,12036212.6
2026-01-29T18:00:00,1.8066,1.8114,1.7963,1.7972,22209481.6
2026-01-29T19:00:00,1.7973,1.804,1.7043,1.755,139877700.0
2026-01-29T20:00:00,1.755,1.7607,1.7244,1.7467,54355608.1
2026-01-29T21:00:00,1.7467,1.7601,1.7397,1.7467,25323843.4
2026-01-29T22:00:00,1.7467,1.7715,1.7462,1.7621,23700195.3
2026-01-29T23:00:00,1.7622,1.7686,1.7563,1.7625,13023593.7
2026-01-30T00:00:00,1.7624,1.7634,1.7289,1.7385,35692197.2
2026-01-30T01:00:00,1.7385,1.7613,1.7372,1.7578,35012150.6
2026-01-30T02:00:00,1.7578,1.7624,1.7427,1.7486,21610131.3
2026-01-30T03:00:00,1.7486,1.7538,1.7326,1.7395,29483088.0
2026-01-30T04:00:00,1.7395,1.7512,1.7368,1.7496,15693931.9
2026-01-30T05:00:00,1.7495,1.7739,1.7471,1.7685,20534218.8
2026-01-30T06:00:00,1.7685,1.7741,1.7578,1.7607,25429086.8
2026-01-30T07:00:00,1.7607,1.7637,1.7437,1.7516,28490009.0
2026-01-30T08:00:00,1.7516,1.7776,1.7515,1.7607,44154970.3
2026-01-30T09:00:00,1.7608,1.7809,1.7389,1.7573,113445693.3
2026-01-30T10:00:00,1.7572,1.7746,1.7463,1.7615,36467525.1
2026-01-30T11:00:00,1.7616,1.773,1.7483,1.7519,35190387.1
2026-01-30T12:00:00,1.7519,1.7809,1.7106,1.7724,88176016.6
2026-01-30T13:00:00,1.7724,1.7835,1.7665,1.7704,44344816.6
2026-01-30T14:00:00,1.7705,1.7708,1.731,1.738,57258008.9
2026-01-30T15:00:00,1.738,1.75,1.7228,1.7272,54823158.7
2026-01-30T16:00:00,1.7272,1.7357,1.7164,1.7275,29212913.7
2026-01-30T17:00:00,1.7276,1.7358,1.7213,1.7337,17039543.4
2026-01-30T18:00:00,1.7337,1.7396,1.7316,1.7354,14652200.3
2026-01-30T19:00:00,1.7354,1.7466,1.7338,1.7454,15672631.0
2026-01-30T20:00:00,1.7455,1.7536,1.7329,1.7481,24132578.7
2026-01-30T21:00:00,1.7481,1.7512,1.7412,1.7435,8884149.0
2026-01-30T22:00:00,1.7435,1.7474,1.735,1.737,10364029.2
2026-01-30T23:00:00,1.737,1.7381,1.7294,1.7368,12838555.0
2026-01-31T00:00:00,1.7369,1.7386,1.7207,1.7282,18802720.8
2026-01-31T01:00:00,1.7283,1.7324,1.7109,1.7182,31263979.8
2026-01-31T02:00:00,1.7182,1.7215,1.679,1.6937,83867883.7
2026-01-31T03:00:00,1.6937,1.7061,1.6897,1.6996,24200548.6
2026-01-31T04:00:00,1.6996,1.7105,1.6937,1.706,22566160.2
2026-01-31T05:00:00,1.706,1.7061,1.6978,1.7012,13685257.1
2026-01-31T06:00:00,1.7011,1.7012,1.6854,1.6893,30296344.9
2026-01-31T07:00:00,1.6893,1.6899,1.6715,1.6756,35844905.9
2026-01-31T08:00:00,1.6756,1.6802,1.612,1.6397,173396104.6
2026-01-31T09:00:00,1.6397,1.6604,1.632,1.6342,68982039.7
2026-01-31T10:00:00,1.6343,1.6488,1.6017,1.6095,101824056.3
2026-01-31T11:00:00,1.6095,1.6154,1.5151,1.5671,221519681.4
2026-01-31T12:00:00,1.5671,1.6042,1.501,1.5846,216224999.9
2026-01-31T13:00:00,1.5845,1.6096,1.5733,1.5817,99772457.2
2026-01-31T14:00:00,1.5817,1.5999,1.5704,1.5927,44825852.3
2026-01-31T15:00:00,1.5926,1.6256,1.5867,1.6197,57069848.8
2026-01-31T16:00:00,1.6198,1.6211,1.6019,1.6132,28210382.2
2026-01-31T17:00:00,1.6132,1.6532,1.6121,1.646,45309075.3
2026-01-31T18:00:00,1.6459,1.6748,1.6423,1.6627,40505502.2
2026-01-31T19:00:00,1.6628,1.6653,1.6436,1.6595,34689115.5
2026-01-31T20:00:00,1.6596,1.6797,1.6565,1.6694,25723628.0
2026-01-31T21:00:00,1.6695,1.6727,1.6579,1.6656,14216267.4
2026-01-31T22:00:00,1.6657,1.673,1.6602,1.6649,12217398.2
2026-01-31T23:00:00,1.6649,1.6694,1.6546,1.658,22179444.3
2026-02-01T00:00:00,1.6579,1.6725,1.6525,1.6561,23423875.6
2026-02-01T01:00:00,1.656,1.6708,1.6463,1.6584,28091040.0
2026-02-01T02:00:00,1.6585,1.677,1.6574,1.6625,20507639.8
2026-02-01T03:00:00,1.6624,1.6687,1.6522,1.6662,16282769.3
2026-02-01T04:00:00,1.6663,1.668,1.6314,1.6322,40240233.4
2026-02-01T05:00:00,1.6322,1.6537,1.6316,1.6491,26349932.5
2026-02-01T06:00:00,1.6491,1.6496,1.6316,1.6395,23078591.9
2026-02-01T07:00:00,1.6396,1.6518,1.6253,1.6288,26676014.4
2026-02-01T08:00:00,1.6287,1.633,1.5977,1.6158,77374085.8
2026-02-01T09:00:00,1.6158,1.6177,1.5754,1.5942,80809790.6
2026-02-01T10:00:00,1.5943,1.609,1.581,1.592,44734729.9
2026-02-01T11:00:00,1.5921,1.6016,1.5856,1.6012,26768013.0
2026-02-01T12:00:00,1.6011,1.6261,1.6005,1.6145,43597039.0
2026-02-01T13:00:00,1.6144,1.618,1.5902,1.5989,25200208.6
2026-02-01T14:00:00,1.5988,1.6136,1.5787,1.5982,36178612.0
2026-02-01T15:00:00,1.5981,1.5993,1.5808,1.5895,38833922.9
2026-02-01T16:00:00,1.5896,1.6134,1.5855,1.5996,35146416.5
2026-02-01T17:00:00,1.5996,1.6132,1.5516,1.5901,152032424.1
2026-02-01T18:00:00,1.5901,1.6179,1.5773,1.604,55010144.0
2026-02-01T19:00:00,1.6039,1.6155,1.5804,1.6013,40779892.1
2026-02-01T20:00:00,1.6013,1.6097,1.5857,1.59,33022231.8
2026-02-01T21:00:00,1.59,1.5915,1.5297,1.5806,163938226.7
2026-02-01T22:00:00,1.5806,1.5996,1.5566,1.5761,49921366.1
2026-02-01T23:00:00,1.576,1.5771,1.5326,1.5487,84698552.4
2026-02-02T00:00:00,1.5486,1.5961,1.5295,1.5799,117488439.7
2026-02-02T01:00:00,1.58,1.596,1.574,1.5787,34840843.0
2026-02-02T02:00:00,1.5787,1.6,1.5787,1.5892,30014336.0
2026-02-02T03:00:00,1.5892,1.6134,1.5865,1.6084,35748761.5
2026-02-02T04:00:00,1.6084,1.6146,1.6039,1.6108,21178073.5
2026-02-02T05:00:00,1.6109,1.6263,1.6109,1.6206,36509940.5
2026-02-02T06:00:00,1.6206,1.6544,1.6198,1.6446,50550551.4
2026-02-02T07:00:00,1.6445,1.6514,1.6352,1.6378,34340555.2
2026-02-02T08:00:00,1.6377,1.6477,1.6219,1.6291,75802166.2
2026-02-02T09:00:00,1.629,1.6539,1.6254,1.6416,43024169.2
2026-02-02T10:00:00,1.6416,1.6566,1.6364,1.6431,27598933.9
2026-02-02T11:00:00,1.6431,1.6516,1.6359,1.6408,15528397.8
2026-02-02T12:00:00,1.6409,1.6494,1.6328,1.6408,23525679.3
2026-02-02T13:00:00,1.6407,1.6415,1.6242,1.625,18614638.1
2026-02-02T14:00:00,1.6249,1.6319,1.6116,1.6135,26232626.5
2026-02-02T15:00:00,1.6136,1.6259,1.6125,1.6223,11477996.3
2026-02-02T16:00:00,1.6224,1.6329,1.6211,1.6253,10805485.6
2026-02-02T17:00:00,1.6254,1.6265,1.6169,1.6189,12030279.0
2026-02-02T18:00:00,1.6189,1.6212,1.6064,1.6174,21155139.7
2026-02-02T19:00:00,1.6175,1.6176,1.6059,1.6162,17256426.0
2026-02-02T20:00:00,1.6163,1.6171,1.5895,1.5915,24663994.0
2026-02-02T21:00:00,1.5916,1.6145,1.5868,1.6125,32759049.9
2026-02-02T22:00:00,1.6125,1.624,1.6084,1.6211,18681718.7
2026-02-02T23:00:00,1.6212,1.6222,1.606,1.6069,18306964.2
2026-02-03T00:00:00,1.607,1.6124,1.598,1.6115,21786800.2
2026-02-03T01:00:00,1.6115,1.6231,1.6066,1.6165,22196513.9
2026-02-03T02:00:00,1.6165,1.6247,1.6113,1.6153,17824979.7
2026-02-03T03:00:00,1.6154,1.6213,1.5942,1.6026,43330078.3
2026-02-03T04:00:00,1.6027,1.6073,1.5963,1.5989,13889429.0
2026-02-03T05:00:00,1.5989,1.6068,1.5968,1.6021,15524872.8
2026-02-03T06:00:00,1.6022,1.61,1.5974,1.6076,16098467.4
2026-02-03T07:00:00,1.6075,1.6155,1.6032,1.6118,12366718.5
2026-02-03T08:00:00,1.6118,1.616,1.5817,1.5823,51737998.8
2026-02-03T09:00:00,1.5823,1.621,1.5781,1.6175,107661834.4
2026-02-03T10:00:00,1.6175,1.6178,1.5813,1.5854,58797691.4
2026-02-03T11:00:00,1.5854,1.589,1.557,1.5577,60740984.3
2026-02-03T12:00:00,1.5578,1.5639,1.5291,1.5307,100187551.1
2026-02-03T13:00:00,1.5306,1.5898,1.5263,1.5803,93764466.8
2026-02-03T14:00:00,1.5804,1.6344,1.5655,1.6178,96993932.7
2026-02-03T15:00:00,1.6177,1.6284,1.6006,1.6018,43652720.6
2026-02-03T16:00:00,1.6018,1.6035,1.5813,1.5875,26617772.7
2026-02-03T17:00:00,1.5874,1.5883,1.5681,1.5782,26787028.1
2026-02-03T18:00:00,1.5782,1.5849,1.5661,1.5748,20588515.7
2026-02-03T19:00:00,1.5749,1.6006,1.5749,1.5913,23796577.2
2026-02-03T20:00:00,1.5913,1.5943,1.5751,1.5846,17837098.1
2026-02-03T21:00:00,1.5846,1.6046,1.5817,1.5984,26045263.3
2026-02-03T22:00:00,1.5983,1.6027,1.5919,1.594,10337736.6
2026-02-03T23:00:00,1.594,1.5954,1.5819,1.5856,11909387.2
2026-02-04T00:00:00,1.5856,1.6043,1.5843,1.6003,26075261.2
2026-02-04T01:00:00,1.6004,1.6077,1.5949,1.6045,30361464.0
2026-02-04T02:00:00,1.6046,1.6116,1.5989,1.609,15526558.6
2026-02-04T03:00:00,1.6089,1.609,1.5958,1.598,22896102.9
2026-02-04T04:00:00,1.5979,1.6032,1.5944,1.5949,9492679.8
2026-02-04T05:00:00,1.5949,1.599,1.5781,1.5915,40573261.2
2026-02-04T06:00:00,1.5915,1.5973,1.5878,1.5905,16732175.4
2026-02-04T07:00:00,1.5904,1.5914,1.5639,1.564,38228671.7
2026-02-04T08:00:00,1.5639,1.5743,1.5415,1.5442,72947919.7
2026-02-04T09:00:00,1.5442,1.564,1.5283,1.5429,104158295.7
2026-02-04T10:00:00,1.543,1.5489,1.518,1.5303,90422560.9
2026-02-04T11:00:00,1.5304,1.5382,1.5042,1.5209,79129966.8
2026-02-04T12:00:00,1.521,1.5543,1.5028,1.5339,99355078.5
2026-02-04T13:00:00,1.5338,1.5563,1.5248,1.5538,43680156.9
2026-02-04T14:00:00,1.5537,1.5554,1.5341,1.5356,25425790.3
2026-02-04T15:00:00,1.5357,1.5388,1.5057,1.5167,35071067.0
2026-02-04T16:00:00,1.5168,1.5438,1.4934,1.5099,72084535.9
2026-02-04T17:00:00,1.5099,1.5261,1.5046,1.5111,44369056.2
2026-02-04T18:00:00,1.5111,1.5144,1.4882,1.4899,55982847.4
2026-02-04T19:00:00,1.49,1.5018,1.4593,1.4742,100275028.9
2026-02-04T20:00:00,1.4741,1.4847,1.4492,1.4522,82580535.8
2026-02-04T21:00:00,1.4521,1.4662,1.4386,1.4424,69524077.8
2026-02-04T22:00:00,1.4425,1.4575,1.4358,1.4451,58324513.8
2026-02-04T23:00:00,1.445,1.4582,1.4296,1.4411,53574108.2
2026-02-05T00:00:00,1.4411,1.4434,1.4171,1.4258,60113336.9
2026-02-05T01:00:00,1.4257,1.4495,1.4241,1.4316,49275827.2
2026-02-05T02:00:00,1.4317,1.4427,1.4251,1.4271,30460362.2
2026-02-05T03:00:00,1.4271,1.4443,1.4114,1.4131,70585499.5
2026-02-05T04:00:00,1.4131,1.4144,1.3561,1.3665,143091260.6
2026-02-05T05:00:00,1.3665,1.382,1.3416,1.3646,143930867.7
2026-02-05T06:00:00,1.3645,1.3769,1.353,1.3648,86934846.5
2026-02-05T07:00:00,1.3647,1.3692,1.3408,1.352,77305553.2
2026-02-05T08:00:00,1.352,1.3861,1.3517,1.3563,93480453.4
2026-02-05T09:00:00,1.3563,1.3635,1.2677,1.2959,333694794.9
2026-02-05T10:00:00,1.296,1.3126,1.2704,1.2794,194966765.7
2026-02-05T11:00:00,1.2793,1.2832,1.215,1.2496,256389418.1
2026-02-05T12:00:00,1.2497,1.2667,1.2154,1.2605,173200512.7
2026-02-05T13:00:00,1.2605,1.2625,1.207,1.2127,134026476.2
2026-02-05T14:00:00,1.2127,1.2237,1.137,1.1898,369960592.4
2026-02-05T15:00:00,1.19,1.2075,1.1499,1.1616,230974277.3
2026-02-05T16:00:00,1.1617,1.2358,1.1465,1.2243,215111849.1
2026-02-05T17:00:00,1.2242,1.2643,1.2075,1.2136,202752399.6
2026-02-05T18:00:00,1.2136,1.2349,1.1174,1.2163,452295033.1
2026-02-05T19:00:00,1.2163,1.2931,1.213,1.2787,153066705.0
2026-02-05T20:00:00,1.2788,1.2846,1.2416,1.2605,111544065.2
2026-02-05T21:00:00,1.2605,1.2759,1.2549,1.2691,60155008.9
2026-02-05T22:00:00,1.2691,1.2899,1.2618,1.2798,66104430.2
2026-02-05T23:00:00,1.2797,1.3292,1.2771,1.328,129532895.6
2026-02-06T00:00:00,1.328,1.334,1.2996,1.3021,113460989.5
2026-02-06T01:00:00,1.3021,1.3125,1.2872,1.2913,83001151.1
2026-02-06T02:00:00,1.2912,1.3083,1.2835,1.3015,71267256.8
2026-02-06T03:00:00,1.3015,1.3302,1.2914,1.3288,79048156.6
2026-02-06T04:00:00,1.3287,1.3872,1.3268,1.358,180638720.7
2026-02-06T05:00:00,1.358,1.3705,1.3504,1.3671,73629029.8
2026-02-06T06:00:00,1.367,1.3823,1.3563,1.3804,72891723.2
2026-02-06T07:00:00,1.3805,1.4392,1.375,1.4271,153865973.2
2026-02-06T08:00:00,1.4271,1.4854,1.4013,1.478,193190857.8
2026-02-06T09:00:00,1.4779,1.5416,1.4622,1.5117,258608947.6
2026-02-06T10:00:00,1.5118,1.5343,1.4855,1.4892,175435059.6
2026-02-06T11:00:00,1.4892,1.5174,1.4803,1.4939,109633021.2
2026-02-06T12:00:00,1.4939,1.4962,1.4501,1.4568,133689056.1
2026-02-06T13:00:00,1.4569,1.4658,1.4369,1.4556,82970301.5
2026-02-06T14:00:00,1.4557,1.4629,1.4376,1.4474,71494560.0
2026-02-06T15:00:00,1.4475,1.4649,1.439,1.4577,48929830.2
2026-02-06T16:00:00,1.4576,1.4886,1.4539,1.4881,67326287.7
2026-02-06T17:00:00,1.488,1.4968,1.4635,1.4684,64780093.2
2026-02-06T18:00:00,1.4683,1.4869,1.4443,1.4576,129712123.9
2026-02-06T19:00:00,1.4575,1.4772,1.4322,1.4672,84409499.0
2026-02-06T20:00:00,1.4672,1.4728,1.4542,1.4595,38768060.2
2026-02-06T21:00:00,1.4596,1.4846,1.4574,1.4725,39990055.1
2026-02-06T22:00:00,1.4725,1.4842,1.4502,1.4603,47815962.9
2026-02-06T23:00:00,1.4602,1.4692,1.451,1.4586,33914649.3
2026-02-07T00:00:00,1.4585,1.4688,1.4328,1.4332,58472654.5
2026-02-07T01:00:00,1.4332,1.446,1.406,1.4129,145214017.1
2026-02-07T02:00:00,1.4129,1.4281,1.4025,1.4231,62308894.7
2026-02-07T03:00:00,1.4232,1.4273,1.4049,1.4126,51602362.7
2026-02-07T04:00:00,1.4126,1.4179,1.3854,1.3988,84749986.7
2026-02-07T05:00:00,1.3987,1.4025,1.3848,1.3915,47217956.0
2026-02-07T06:00:00,1.3915,1.4397,1.39,1.4174,131747139.0
2026-02-07T07:00:00,1.4174,1.4246,1.3948,1.4035,54490752.5
2026-02-07T08:00:00,1.4034,1.4099,1.39,1.3995,47811972.4
2026-02-07T09:00:00,1.3995,1.4198,1.3966,1.4098,55150832.0
2026-02-07T10:00:00,1.4098,1.4362,1.4041,1.418,219230312.8
2026-02-07T11:00:00,1.418,1.4298,1.4086,1.4236,30899777.2
2026-02-07T12:00:00,1.4236,1.4473,1.4231,1.44,40247171.6
2026-02-07T13:00:00,1.44,1.44,1.4274,1.4298,23248374.3
2026-02-07T14:00:00,1.4298,1.4405,1.4262,1.4358,19566155.1
2026-02-07T15:00:00,1.4358,1.4379,1.4267,1.4282,14885289.2
2026-02-07T16:00:00,1.4283,1.4324,1.4196,1.4222,17417991.2
2026-02-07T17:00:00,1.4222,1.4274,1.4121,1.4224,21724013.9
2026-02-07T18:00:00,1.4225,1.4281,1.4138,1.4196,21432066.9
2026-02-07T19:00:00,1.4197,1.4372,1.4187,1.4315,26127307.2
2026-02-07T20:00:00,1.4316,1.4411,1.4233,1.4291,25745576.4
2026-02-07T21:00:00,1.4291,1.4324,1.4125,1.4161,22090644.5
2026-02-07T22:00:00,1.4161,1.4228,1.4087,1.422,18622184.4
2026-02-07T23:00:00,1.4221,1.4253,1.4152,1.4175,11422260.7
2026-02-08T00:00:00,1.4176,1.4211,1.413,1.4152,12215775.1
2026-02-08T01:00:00,1.4153,1.4205,1.4108,1.42,20460040.7
2026-02-08T02:00:00,1.42,1.4624,1.4183,1.4527,78676199.2
2026-02-08T03:00:00,1.4527,1.4578,1.4323,1.4371,44826144.7
2026-02-08T04:00:00,1.437,1.445,1.4244,1.4302,31598327.0
2026-02-08T05:00:00,1.4302,1.4517,1.4292,1.4516,37090827.9
2026-02-08T06:00:00,1.4516,1.4561,1.4419,1.4548,29758186.8
2026-02-08T07:00:00,1.4549,1.4685,1.4489,1.4608,48547653.6
2026-02-08T08:00:00,1.4608,1.467,1.4566,1.4605,31148258.5
2026-02-08T09:00:00,1.4605,1.4625,1.429,1.4389,53221375.7
2026-02-08T10:00:00,1.4389,1.4448,1.4087,1.4171,53271869.2
2026-02-08T11:00:00,1.4171,1.435,1.4166,1.43,30009683.3
2026-02-08T12:00:00,1.43,1.4521,1.428,1.4383,27789926.3
2026-02-08T13:00:00,1.4383,1.4505,1.4375,1.4489,14911172.7
2026-02-08T14:00:00,1.449,1.4493,1.4333,1.4362,16284525.6
2026-02-08T15:00:00,1.4361,1.44,1.423,1.4263,17736923.5
2026-02-08T16:00:00,1.4264,1.4367,1.4238,1.4344,13188090.7
2026-02-08T17:00:00,1.4344,1.4624,1.4215,1.4299,84116372.7
2026-02-08T18:00:00,1.4298,1.4407,1.4236,1.4318,27842370.2
2026-02-08T19:00:00,1.4317,1.4442,1.4179,1.423,45421703.1
2026-02-08T20:00:00,1.423,1.4538,1.4193,1.4415,41605183.6
2026-02-08T21:00:00,1.4415,1.4537,1.4394,1.4512,22606267.5
2026-02-08T22:00:00,1.4512,1.452,1.4427,1.4471,15856964.5
2026-02-08T23:00:00,1.4472,1.4547,1.4402,1.4503,16822624.7
2026-02-09T00:00:00,1.4504,1.4504,1.4265,1.4347,40667317.7
2026-02-09T01:00:00,1.4346,1.4389,1.42,1.4245,30401185.5
2026-02-09T02:00:00,1.4244,1.4287,1.4001,1.4062,53916297.5
2026-02-09T03:00:00,1.4062,1.4116,1.3928,1.3981,44004714.1
2026-02-09T04:00:00,1.3981,1.4055,1.3721,1.3823,92014594.1
2026-02-09T05:00:00,1.3822,1.3965,1.3822,1.3926,48559378.9
2026-02-09T06:00:00,1.3926,1.4142,1.3922,1.4076,52438132.1
2026-02-09T07:00:00,1.4075,1.4118,1.394,1.3952,35998226.8
2026-02-09T08:00:00,1.3951,1.4375,1.3946,1.4299,81537729.7
2026-02-09T09:00:00,1.4298,1.4494,1.4199,1.4453,75402987.8
2026-02-09T10:00:00,1.4453,1.4636,1.4353,1.4507,62183242.3
2026-02-09T11:00:00,1.4507,1.4556,1.4323,1.4497,62310640.4
2026-02-09T12:00:00,1.4497,1.459,1.4358,1.4426,35981999.0
2026-02-09T13:00:00,1.4427,1.4546,1.4404,1.4516,22868857.5
2026-02-09T14:00:00,1.4516,1.4564,1.4427,1.4533,24155208.4
2026-02-09T15:00:00,1.4534,1.4578,1.4379,1.4501,27119087.0
2026-02-09T16:00:00,1.4502,1.4516,1.4422,1.4437,12613302.1
2026-02-09T17:00:00,1.4436,1.4481,1.4344,1.4363,14593534.6
2026-02-09T18:00:00,1.4364,1.4411,1.433,1.4363,19102504.6
2026-02-09T19:00:00,1.4364,1.4529,1.4357,1.4474,19843277.0
2026-02-09T20:00:00,1.4475,1.449,1.442,1.4464,10073552.2
2026-02-09T21:00:00,1.4464,1.45,1.4271,1.4344,34478861.0
2026-02-09T22:00:00,1.4343,1.4515,1.4335,1.4467,23702796.0
2026-02-09T23:00:00,1.4466,1.4484,1.436,1.441,16257648.6
2026-02-10T00:00:00,1.441,1.4415,1.4132,1.4191,43660171.4
2026-02-10T01:00:00,1.4191,1.4275,1.4189,1.4213,24854154.7
2026-02-10T02:00:00,1.4213,1.4319,1.4135,1.4285,25594915.9
2026-02-10T03:00:00,1.4285,1.435,1.4155,1.4201,35056834.1
2026-02-10T04:00:00,1.4201,1.4226,1.4127,1.4148,20291430.9
2026-02-10T05:00:00,1.4148,1.4185,1.405,1.4071,30677404.3
2026-02-10T06:00:00,1.407,1.4127,1.4039,1.4078,28513147.7
2026-02-10T07:00:00,1.4077,1.4167,1.4023,1.4138,34569299.3
2026-02-10T08:00:00,1.4138,1.4246,1.3916,1.4017,80536466.1
2026-02-10T09:00:00,1.4017,1.4132,1.3965,1.406,47621619.7
2026-02-10T10:00:00,1.4059,1.4195,1.3985,1.4152,36564399.1
2026-02-10T11:00:00,1.4152,1.4283,1.4126,1.4237,27053344.6
2026-02-10T12:00:00,1.4237,1.425,1.3931,1.4011,40095333.9
2026-02-10T13:00:00,1.401,1.4085,1.3962,1.3998,22786566.8
2026-02-10T14:00:00,1.3998,1.4019,1.3912,1.3954,26311377.7
2026-02-10T15:00:00,1.3955,1.4013,1.3904,1.3931,19113913.0
2026-02-10T16:00:00,1.3932,1.4041,1.3926,1.3989,12289741.2
2026-02-10T17:00:00,1.3989,1.4013,1.3944,1.3988,11174211.6
2026-02-10T18:00:00,1.3988,1.4123,1.3981,1.4088,18149384.9
2026-02-10T19:00:00,1.4088,1.4137,1.4056,1.4095,13980424.4
2026-02-10T20:00:00,1.4095,1.4197,1.4083,1.4094,17910344.8
2026-02-10T21:00:00,1.4094,1.4106,1.393,1.4034,34100663.7
2026-02-10T22:00:00,1.4034,1.408,1.3792,1.3836,50998507.2
2026-02-10T23:00:00,1.3836,1.3917,1.3734,1.3751,29375977.4
2026-02-11T00:00:00,1.3752,1.3776,1.3572,1.3594,62866013.1
2026-02-11T01:00:00,1.3595,1.3723,1.3576,1.3657,32514263.5
2026-02-11T02:00:00,1.3657,1.3716,1.36,1.3661,28367345.7
2026-02-11T03:00:00,1.3661,1.3685,1.3558,1.3608,24391668.1
2026-02-11T04:00:00,1.3608,1.3641,1.3545,1.3607,27470273.2
2026-02-11T05:00:00,1.3607,1.3801,1.3601,1.3782,49047969.1
2026-02-11T06:00:00,1.3782,1.3789,1.3701,1.3718,24568943.8
2026-02-11T07:00:00,1.3719,1.3807,1.3593,1.3751,76707360.6
2026-02-11T08:00:00,1.3752,1.4092,1.3565,1.3611,155760435.8
2026-02-11T09:00:00,1.361,1.369,1.345,1.3533,118898133.5
2026-02-11T10:00:00,1.3532,1.3691,1.3431,1.344,61067371.6
2026-02-11T11:00:00,1.344,1.3794,1.341,1.3695,63563839.3
2026-02-11T12:00:00,1.3696,1.3846,1.3613,1.3776,39973110.4
2026-02-11T13:00:00,1.3776,1.3864,1.3711,1.3783,30006460.7
2026-02-11T14:00:00,1.3782,1.3858,1.3741,1.381,26428261.2
2026-02-11T15:00:00,1.381,1.3969,1.3786,1.3827,30231540.6
2026-02-11T16:00:00,1.3827,1.3839,1.3689,1.3711,20562089.7
2026-02-11T17:00:00,1.3711,1.3722,1.3587,1.369,29922959.8
2026-02-11T18:00:00,1.369,1.3842,1.3675,1.3768,34159784.1
2026-02-11T19:00:00,1.3769,1.3862,1.3769,1.3805,12204111.2
2026-02-11T20:00:00,1.3804,1.3849,1.3736,1.3763,14774674.0
2026-02-11T21:00:00,1.3762,1.379,1.3703,1.3745,14261101.3
2026-02-11T22:00:00,1.3744,1.38,1.371,1.3747,14215183.0
2026-02-11T23:00:00,1.3747,1.3811,1.3718,1.3796,18856191.6
2026-02-12T00:00:00,1.3796,1.388,1.3773,1.3824,19826824.5
2026-02-12T01:00:00,1.3824,1.3851,1.3754,1.381,13865267.9
2026-02-12T02:00:00,1.3811,1.3838,1.3761,1.3811,15328252.9
2026-02-12T03:00:00,1.3812,1.396,1.3793,1.3951,23317689.4
2026-02-12T04:00:00,1.3951,1.4031,1.388,1.4029,25853908.5
2026-02-12T05:00:00,1.403,1.4075,1.3927,1.4006,32580872.4
2026-02-12T06:00:00,1.4006,1.4022,1.3888,1.3917,18690427.1
2026-02-12T07:00:00,1.3917,1.4019,1.3842,1.4007,29275379.6
2026-02-12T08:00:00,1.4007,1.4022,1.3828,1.3881,40614282.6
2026-02-12T09:00:00,1.3882,1.396,1.3739,1.3747,57560692.0
2026-02-12T10:00:00,1.3748,1.377,1.3451,1.3521,99743439.3
2026-02-12T11:00:00,1.352,1.3791,1.3451,1.3616,57417858.6
2026-02-12T12:00:00,1.3615,1.3669,1.351,1.3621,28375212.0
2026-02-12T13:00:00,1.3622,1.3758,1.3539,1.3638,25471233.9
2026-02-12T14:00:00,1.3638,1.3659,1.3494,1.3508,24434610.6
2026-02-12T15:00:00,1.3509,1.3574,1.3478,1.3513,19770214.6
2026-02-12T16:00:00,1.3512,1.3653,1.3494,1.3633,14532945.7
2026-02-12T17:00:00,1.3634,1.3697,1.3596,1.3627,25599095.6
2026-02-12T18:00:00,1.3627,1.3676,1.3482,1.3526,28297243.6
2026-02-12T19:00:00,1.3527,1.3621,1.3487,1.357,17566491.7
2026-02-12T20:00:00,1.357,1.3681,1.3562,1.3659,14066775.2
2026-02-12T21:00:00,1.3659,1.3713,1.3612,1.3648,15134104.6
2026-02-12T22:00:00,1.3648,1.368,1.3564,1.3574,13604304.1
2026-02-12T23:00:00,1.3574,1.3602,1.3522,1.3525,10713412.8
2026-02-13T00:00:00,1.3525,1.3571,1.3472,1.3561,18018692.8
2026-02-13T01:00:00,1.3562,1.3621,1.3486,1.3531,19792832.1
2026-02-13T02:00:00,1.3531,1.3687,1.3512,1.3669,26873889.5
2026-02-13T03:00:00,1.3668,1.3707,1.3633,1.3677,22624680.9
2026-02-13T04:00:00,1.3678,1.3731,1.3642,1.3678,16797469.2
2026-02-13T05:00:00,1.3678,1.369,1.3601,1.3672,17948160.1
2026-02-13T06:00:00,1.3672,1.3672,1.3589,1.3638,14947945.4
2026-02-13T07:00:00,1.3639,1.3823,1.3605,1.3756,45404657.5
2026-02-13T08:00:00,1.3757,1.3937,1.3671,1.3845,69373434.3
2026-02-13T09:00:00,1.3845,1.4211,1.3797,1.4036,101632009.0
2026-02-13T10:00:00,1.4037,1.4283,1.3988,1.416,58133068.1
2026-02-13T11:00:00,1.416,1.4208,1.4067,1.4139,23507322.3
2026-02-13T12:00:00,1.414,1.4197,1.4052,1.4146,20818348.4
2026-02-13T13:00:00,1.4147,1.4187,1.4075,1.4104,15924171.2
2026-02-13T14:00:00,1.4105,1.4139,1.4042,1.4129,17744630.3
2026-02-13T15:00:00,1.413,1.416,1.4063,1.4091,10572455.2
2026-02-13T16:00:00,1.4091,1.4093,1.3974,1.4024,15825958.2
2026-02-13T17:00:00,1.4025,1.408,1.4011,1.4061,10632313.1
2026-02-13T18:00:00,1.4061,1.4161,1.4042,1.4133,16914846.2
2026-02-13T19:00:00,1.4133,1.4175,1.4096,1.4114,13386454.1
2026-02-13T20:00:00,1.4115,1.414,1.409,1.4101,9241810.1
2026-02-13T21:00:00,1.4101,1.4172,1.4095,1.4156,8082728.2
2026-02-13T22:00:00,1.4156,1.4189,1.4118,1.4122,8283450.3
2026-02-13T23:00:00,1.4121,1.415,1.4071,1.4075,9245695.6
2026-02-14T00:00:00,1.4075,1.4143,1.4068,1.4138,6693513.7
2026-02-14T01:00:00,1.4139,1.4247,1.4113,1.4215,13530470.8
2026-02-14T02:00:00,1.4216,1.4481,1.4207,1.4458,48192847.9
2026-02-14T03:00:00,1.4458,1.4604,1.4452,1.4509,46212400.9
2026-02-14T04:00:00,1.4509,1.451,1.4401,1.4463,23287545.1
2026-02-14T05:00:00,1.4464,1.4726,1.4458,1.4703,56926169.4
2026-02-14T06:00:00,1.4704,1.4761,1.46,1.4637,46943730.0
2026-02-14T07:00:00,1.4636,1.4688,1.4508,1.4564,37353103.8
2026-02-14T08:00:00,1.4564,1.4738,1.4544,1.4702,24842807.0
2026-02-14T09:00:00,1.4701,1.4726,1.4633,1.4681,22590032.5
2026-02-14T10:00:00,1.4682,1.4765,1.4562,1.474,32632747.7
2026-02-14T11:00:00,1.474,1.4791,1.4672,1.4725,22537120.8
2026-02-14T12:00:00,1.4724,1.4923,1.4692,1.4873,32617066.0
2026-02-14T13:00:00,1.4872,1.4994,1.4826,1.497,26318207.0
2026-02-14T14:00:00,1.4969,1.5075,1.4867,1.4941,33604560.8
2026-02-14T15:00:00,1.4941,1.5036,1.4879,1.4966,28071025.4
2026-02-14T16:00:00,1.4965,1.5042,1.4925,1.4997,14654326.8
2026-02-14T17:00:00,1.4997,1.513,1.4979,1.5082,28816458.0
2026-02-14T18:00:00,1.5082,1.5314,1.5048,1.5203,55144276.1
2026-02-14T19:00:00,1.5203,1.5432,1.5138,1.5273,59841953.7
2026-02-14T20:00:00,1.5272,1.5347,1.5154,1.5268,33217094.0
2026-02-14T21:00:00,1.5269,1.5333,1.5053,1.526,43916773.0
2026-02-14T22:00:00,1.5259,1.5589,1.5241,1.5446,66824448.9
2026-02-14T23:00:00,1.5446,1.5885,1.544,1.582,65088395.0
2026-02-15T00:00:00,1.5819,1.5877,1.5713,1.5783,36449534.5
2026-02-15T01:00:00,1.5783,1.6487,1.5744,1.6482,91017445.9
2026-02-15T02:00:00,1.6481,1.6693,1.6111,1.6152,174685413.7
2026-02-15T03:00:00,1.6152,1.6224,1.588,1.5896,78406419.1
2026-02-15T04:00:00,1.5896,1.5965,1.5725,1.5846,84251007.1
2026-02-15T05:00:00,1.5846,1.5945,1.5569,1.5619,59495377.2
2026-02-15T06:00:00,1.5618,1.5655,1.5193,1.5203,111514335.9
2026-02-15T07:00:00,1.5204,1.5399,1.5109,1.5187,94236505.9
2026-02-15T08:00:00,1.5188,1.537,1.5142,1.5321,55510084.4
2026-02-15T09:00:00,1.5321,1.543,1.5202,1.5224,44342484.5
2026-02-15T10:00:00,1.5223,1.5227,1.506,1.521,44434115.2
2026-02-15T11:00:00,1.521,1.5235,1.4806,1.4932,79530029.5
2026-02-15T12:00:00,1.4933,1.4954,1.4638,1.4687,65206432.9
2026-02-15T13:00:00,1.4686,1.4694,1.4472,1.4531,65215554.1
2026-02-15T14:00:00,1.4532,1.4667,1.4442,1.4611,48496425.0
2026-02-15T15:00:00,1.4611,1.4749,1.4604,1.4711,34220192.3
2026-02-15T16:00:00,1.4712,1.4889,1.4676,1.485,38166368.4
2026-02-15T17:00:00,1.485,1.4853,1.4571,1.4741,39543783.4
2026-02-15T18:00:00,1.474,1.4859,1.4696,1.4774,35513284.3
2026-02-15T19:00:00,1.4774,1.4816,1.4634,1.473,27076128.0
2026-02-15T20:00:00,1.4729,1.4796,1.4526,1.4552,27610491.8
2026-02-15T21:00:00,1.4553,1.4619,1.4527,1.4605,18707765.9
2026-02-15T22:00:00,1.4605,1.4749,1.4589,1.473,22721493.2
2026-02-15T23:00:00,1.473,1.4748,1.4472,1.4551,36118529.0
2026-02-16T00:00:00,1.455,1.4676,1.4529,1.4642,23256239.2
2026-02-16T01:00:00,1.4643,1.4703,1.4569,1.4603,22682008.9
2026-02-16T02:00:00,1.4604,1.4699,1.4604,1.469,20128897.4
2026-02-16T03:00:00,1.4691,1.5127,1.468,1.5003,77669776.3
2026-02-16T04:00:00,1.5003,1.5015,1.482,1.489,43882434.2
2026-02-16T05:00:00,1.489,1.4919,1.4674,1.4827,46162661.0
2026-02-16T06:00:00,1.4828,1.5068,1.4791,1.5035,55979201.2
2026-02-16T07:00:00,1.5034,1.5154,1.4801,1.4893,87678163.7
2026-02-16T08:00:00,1.4893,1.5084,1.4835,1.4938,60465947.0
2026-02-16T09:00:00,1.4939,1.502,1.4608,1.4734,75397605.1
2026-02-16T10:00:00,1.4734,1.494,1.4714,1.4863,41693180.0
2026-02-16T11:00:00,1.4864,1.4927,1.4803,1.4822,24200603.4
2026-02-16T12:00:00,1.4822,1.4862,1.4703,1.4713,21912191.9
2026-02-16T13:00:00,1.4714,1.4814,1.471,1.4744,16767491.4
2026-02-16T14:00:00,1.4744,1.4881,1.4673,1.4846,24906140.9
2026-02-16T15:00:00,1.4847,1.4927,1.4799,1.4906,16804832.6
2026-02-16T16:00:00,1.4906,1.493,1.481,1.4827,13688139.1
2026-02-16T17:00:00,1.4827,1.4897,1.4815,1.4864,11131598.6
2026-02-16T18:00:00,1.4864,1.49,1.4809,1.4827,14161854.6
2026-02-16T19:00:00,1.4828,1.4908,1.4776,1.4781,15574070.1
2026-02-16T20:00:00,1.4781,1.4926,1.4718,1.4861,25432341.1
2026-02-16T21:00:00,1.4861,1.4888,1.4811,1.482,13322950.7
2026-02-16T22:00:00,1.4819,1.4879,1.4733,1.4855,20683363.6
2026-02-16T23:00:00,1.4854,1.4871,1.4694,1.4745,22905573.9
2026-02-17T00:00:00,1.4745,1.48,1.473,1.4778,8716920.3
2026-02-17T01:00:00,1.4778,1.4778,1.4681,1.472,13433964.3
2026-02-17T02:00:00,1.4721,1.476,1.4625,1.4656,19716367.7
2026-02-17T03:00:00,1.4656,1.4661,1.4525,1.4605,32903581.2
2026-02-17T04:00:00,1.4605,1.4619,1.4506,1.4547,22323527.5
2026-02-17T05:00:00,1.4547,1.4593,1.449,1.4519,22136830.6
2026-02-17T06:00:00,1.452,1.4622,1.4513,1.4559,19040444.0
2026-02-17T07:00:00,1.456,1.4626,1.4507,1.457,24324049.9
2026-02-17T08:00:00,1.457,1.4619,1.4261,1.4345,87097005.2
2026-02-17T09:00:00,1.4346,1.4578,1.4334,1.4565,61108317.8
2026-02-17T10:00:00,1.4565,1.4942,1.4565,1.4761,84357722.1
2026-02-17T11:00:00,1.4761,1.4788,1.456,1.4645,40232476.2
2026-02-17T12:00:00,1.4645,1.4888,1.4629,1.4829,32612915.7
2026-02-17T13:00:00,1.483,1.4886,1.4755,1.4849,21010034.7
2026-02-17T14:00:00,1.4849,1.4885,1.4743,1.4868,24498484.7
2026-02-17T15:00:00,1.4868,1.4928,1.4787,1.4828,17935174.7
2026-02-17T16:00:00,1.4829,1.4839,1.4718,1.4733,9717938.3
2026-02-17T17:00:00,1.4733,1.4765,1.4697,1.4732,8996784.6
2026-02-17T18:00:00,1.4732,1.4786,1.4681,1.4689,14198650.9
2026-02-17T19:00:00,1.4689,1.4703,1.4624,1.4662,16714662.8
2026-02-17T20:00:00,1.4663,1.476,1.4654,1.4748,9803014.4
2026-02-17T21:00:00,1.4748,1.483,1.4733,1.4782,13749463.2
2026-02-17T22:00:00,1.4782,1.4841,1.4753,1.4799,10396790.9
2026-02-17T23:00:00,1.4799,1.4867,1.4747,1.4752,11406985.1
2026-02-18T00:00:00,1.4752,1.4835,1.4749,1.4794,8247590.0
2026-02-18T01:00:00,1.4794,1.4881,1.4758,1.4862,11184799.8
2026-02-18T02:00:00,1.4863,1.4933,1.4847,1.4887,20754132.5
2026-02-18T03:00:00,1.4887,1.4917,1.484,1.4871,10249867.1
2026-02-18T04:00:00,1.4872,1.4893,1.4755,1.4777,18169328.4
2026-02-18T05:00:00,1.4777,1.4778,1.4626,1.4654,29181494.6
2026-02-18T06:00:00,1.4655,1.4708,1.4574,1.4641,21917738.4
2026-02-18T07:00:00,1.4642,1.4707,1.4598,1.4681,24670182.1
2026-02-18T08:00:00,1.4681,1.4702,1.4508,1.4645,31187983.5
2026-02-18T09:00:00,1.4645,1.4885,1.463,1.4758,43770389.3
2026-02-18T10:00:00,1.4759,1.4767,1.4558,1.4588,35276336.7
2026-02-18T11:00:00,1.4587,1.4709,1.4535,1.4558,19948724.4
2026-02-18T12:00:00,1.4559,1.4579,1.4391,1.4402,36329278.1
2026-02-18T13:00:00,1.4401,1.4449,1.4184,1.4222,61944669.9
2026-02-18T14:00:00,1.4223,1.4324,1.4196,1.421,34009083.0
2026-02-18T15:00:00,1.421,1.4282,1.4161,1.4193,20401104.1
2026-02-18T16:00:00,1.4194,1.4238,1.4144,1.4198,15811480.8
2026-02-18T17:00:00,1.4199,1.4223,1.4093,1.4211,20614001.3
2026-02-18T18:00:00,1.4212,1.4236,1.414,1.4166,16664493.1
2026-02-18T19:00:00,1.4166,1.4261,1.4139,1.4259,18240119.0
2026-02-18T20:00:00,1.4258,1.4291,1.419,1.4253,14674230.8
2026-02-18T21:00:00,1.4254,1.4293,1.4215,1.4279,10060531.7
2026-02-18T22:00:00,1.4278,1.4299,1.4155,1.4168,12861025.2
2026-02-18T23:00:00,1.4168,1.4204,1.4041,1.4118,28778658.2
2026-02-19T00:00:00,1.4117,1.427,1.4112,1.427,19226208.5
2026-02-19T01:00:00,1.427,1.4384,1.4213,1.4319,31442915.2
2026-02-19T02:00:00,1.4318,1.4337,1.4136,1.4157,32311028.5
2026-02-19T03:00:00,1.4158,1.4269,1.4131,1.4144,26942467.7
2026-02-19T04:00:00,1.4144,1.4166,1.4068,1.4102,20188271.1
2026-02-19T05:00:00,1.4101,1.4165,1.4056,1.4084,16206853.8
2026-02-19T06:00:00,1.4083,1.4139,1.4048,1.4072,17727641.4
2026-02-19T07:00:00,1.4072,1.4085,1.3857,1.3918,55926377.4
2026-02-19T08:00:00,1.3918,1.4046,1.3892,1.4,49647799.3
2026-02-19T09:00:00,1.4,1.41,1.3854,1.3966,50540268.8
2026-02-19T10:00:00,1.3966,1.3982,1.3791,1.3914,49064960.7
2026-02-19T11:00:00,1.3915,1.4126,1.3901,1.395,44568530.7
2026-02-19T12:00:00,1.395,1.4132,1.3935,1.4126,24925491.2
2026-02-19T13:00:00,1.4125,1.4179,1.4032,1.4117,19163717.0
2026-02-19T14:00:00,1.4116,1.4147,1.4038,1.4105,16342620.6
2026-02-19T15:00:00,1.4104,1.4123,1.4065,1.4073,9649199.3
2026-02-19T16:00:00,1.4073,1.41,1.3943,1.4,15712106.0
2026-02-19T17:00:00,1.3999,1.4089,1.3991,1.4059,10885765.4
2026-02-19T18:00:00,1.406,1.4212,1.4046,1.416,19557787.0
2026-02-19T19:00:00,1.4161,1.4247,1.4146,1.4246,16767859.3
2026-02-19T20:00:00,1.4246,1.428,1.4165,1.4165,15332221.6
2026-02-19T21:00:00,1.4165,1.4202,1.4106,1.412,15119906.2
2026-02-19T22:00:00,1.412,1.4128,1.3991,1.4099,19608221.4
2026-02-19T23:00:00,1.4099,1.4236,1.4039,1.4182,22132595.1
2026-02-20T00:00:00,1.4181,1.421,1.4124,1.4195,11852467.5
2026-02-20T01:00:00,1.4195,1.4228,1.4154,1.4186,9175395.1
2026-02-20T02:00:00,1.4186,1.4217,1.4125,1.4179,14590499.3
2026-02-20T03:00:00,1.4178,1.4282,1.4174,1.4221,25838896.5
2026-02-20T04:00:00,1.4221,1.4271,1.4194,1.4202,17018107.8
2026-02-20T05:00:00,1.4203,1.4214,1.4021,1.4047,23590992.8
2026-02-20T06:00:00,1.4048,1.4087,1.4021,1.4041,17973717.2
2026-02-20T07:00:00,1.4041,1.4042,1.3766,1.383,73208860.2
2026-02-20T08:00:00,1.3831,1.4067,1.3825,1.3993,43521100.2
2026-02-20T09:00:00,1.3993,1.4306,1.3992,1.4284,98235756.7
2026-02-20T10:00:00,1.4284,1.4386,1.4228,1.4322,63822818.1
2026-02-20T11:00:00,1.4322,1.4322,1.4069,1.4293,53330364.6
2026-02-20T12:00:00,1.4293,1.4386,1.4226,1.4323,38503851.6
2026-02-20T13:00:00,1.4323,1.4345,1.4204,1.4231,19558773.9
2026-02-20T14:00:00,1.4231,1.4292,1.4139,1.4192,21385391.0
2026-02-20T15:00:00,1.4191,1.4249,1.4172,1.4214,13794235.6
2026-02-20T16:00:00,1.4213,1.4296,1.4167,1.4292,14675944.4
2026-02-20T17:00:00,1.4291,1.4309,1.4229,1.4283,9138621.0
2026-02-20T18:00:00,1.4283,1.4288,1.4189,1.4222,10221890.4
2026-02-20T19:00:00,1.4222,1.4323,1.4222,1.4304,10340348.2
2026-02-20T20:00:00,1.4303,1.4329,1.4278,1.4299,10421216.8
2026-02-20T21:00:00,1.4299,1.4302,1.4228,1.4252,10712532.6
2026-02-20T22:00:00,1.4252,1.4291,1.4236,1.4277,6413083.6
2026-02-20T23:00:00,1.4277,1.4308,1.4261,1.4274,5047907.3
2026-02-21T00:00:00,1.4274,1.4348,1.4272,1.4287,10052318.3
2026-02-21T01:00:00,1.4286,1.432,1.4271,1.4303,6793011.1
2026-02-21T02:00:00,1.4303,1.4347,1.4266,1.4332,9599752.2
2026-02-21T03:00:00,1.4332,1.4455,1.4324,1.4386,19852726.9
2026-02-21T04:00:00,1.4387,1.4419,1.4361,1.4392,8838218.6
2026-02-21T05:00:00,1.4391,1.4453,1.4376,1.4433,14870614.1
2026-02-21T06:00:00,1.4432,1.4447,1.4352,1.4393,13560173.3
2026-02-21T07:00:00,1.4394,1.4477,1.4361,1.447,14093729.1
2026-02-21T08:00:00,1.4469,1.4636,1.4441,1.4543,43408280.8
2026-02-21T09:00:00,1.4543,1.4567,1.4457,1.4492,24416468.5
2026-02-21T10:00:00,1.4492,1.451,1.4375,1.4407,25287923.8
2026-02-21T11:00:00,1.4407,1.4422,1.4354,1.4413,10975048.0
2026-02-21T12:00:00,1.4413,1.4488,1.4408,1.4472,11575067.2
2026-02-21T13:00:00,1.4471,1.4481,1.4414,1.4427,10093747.0
2026-02-21T14:00:00,1.4427,1.4427,1.4332,1.4365,14333848.8
2026-02-21T15:00:00,1.4365,1.4412,1.4345,1.4402,11849371.3
2026-02-21T16:00:00,1.4402,1.4425,1.4307,1.4317,15863222.4
2026-02-21T17:00:00,1.4317,1.4351,1.4292,1.4295,14043607.2
2026-02-21T18:00:00,1.4295,1.433,1.4235,1.4265,23017348.4
2026-02-21T19:00:00,1.4264,1.4324,1.4264,1.4321,15863909.6
2026-02-21T20:00:00,1.4321,1.4322,1.4214,1.4231,14246716.5
2026-02-21T21:00:00,1.4231,1.4267,1.4168,1.4229,13467288.8
2026-02-21T22:00:00,1.4229,1.4252,1.4208,1.4219,6838624.0
2026-02-21T23:00:00,1.4219,1.4223,1.4162,1.42,8895960.6
2026-02-22T00:00:00,1.4201,1.424,1.4173,1.4226,9351809.3
2026-02-22T01:00:00,1.4225,1.423,1.4184,1.4203,7743412.0
2026-02-22T02:00:00,1.4203,1.4226,1.4157,1.4168,9668568.6
2026-02-22T03:00:00,1.4169,1.4216,1.4164,1.4196,6492875.8
2026-02-22T04:00:00,1.4196,1.4252,1.4185,1.4201,8243121.5
2026-02-22T05:00:00,1.4202,1.424,1.4198,1.4224,8324007.8
2026-02-22T06:00:00,1.4224,1.4228,1.4061,1.408,28235890.6
2026-02-22T07:00:00,1.4081,1.41,1.3967,1.3993,30636314.6
2026-02-22T08:00:00,1.3994,1.4017,1.3934,1.396,24828668.4
2026-02-22T09:00:00,1.396,1.3965,1.385,1.3923,36262803.1
2026-02-22T10:00:00,1.3923,1.394,1.3866,1.3915,17167688.1
2026-02-22T11:00:00,1.3915,1.3916,1.3822,1.3872,23057629.4
2026-02-22T12:00:00,1.3872,1.3907,1.386,1.3893,8505920.3
2026-02-22T13:00:00,1.3894,1.3898,1.3842,1.3857,9063689.2
2026-02-22T14:00:00,1.3858,1.3859,1.3783,1.3824,20932867.1
2026-02-22T15:00:00,1.3824,1.391,1.3824,1.39,13962780.3
2026-02-22T16:00:00,1.3901,1.4011,1.3882,1.4004,23271779.6
2026-02-22T17:00:00,1.4004,1.4005,1.3871,1.3923,17491291.6
2026-02-22T18:00:00,1.3923,1.3939,1.3627,1.364,45922962.8
2026-02-22T19:00:00,1.3639,1.3649,1.329,1.3315,150989689.7
2026-02-22T20:00:00,1.3315,1.3429,1.3307,1.3412,34272264.0
2026-02-22T21:00:00,1.3413,1.3517,1.3381,1.3403,25903072.2
2026-02-22T22:00:00,1.3403,1.3411,1.335,1.3379,19607967.4
2026-02-22T23:00:00,1.3379,1.3482,1.3377,1.3421,22490207.6
2026-02-23T00:00:00,1.3421,1.3683,1.341,1.3672,36981894.3
2026-02-23T01:00:00,1.3672,1.3774,1.3662,1.3703,26362426.7
2026-02-23T02:00:00,1.3703,1.3723,1.361,1.3649,33256154.6
2026-02-23T03:00:00,1.365,1.3955,1.3646,1.3907,69960107.0
2026-02-23T04:00:00,1.3907,1.3969,1.3862,1.3919,39056081.5
2026-02-23T05:00:00,1.3919,1.4057,1.3905,1.396,36914195.3
2026-02-23T06:00:00,1.3961,1.4247,1.3946,1.4122,58614656.3
2026-02-23T07:00:00,1.4121,1.4152,1.3939,1.395,48840821.9
2026-02-23T08:00:00,1.3951,1.399,1.3695,1.3829,82431198.9
2026-02-23T09:00:00,1.3829,1.3901,1.3661,1.3699,50700757.0
2026-02-23T10:00:00,1.3699,1.3778,1.3606,1.3657,48892211.2
2026-02-23T11:00:00,1.3658,1.3697,1.3473,1.3633,50486100.3
2026-02-23T12:00:00,1.3634,1.3747,1.3604,1.3644,33468073.0
2026-02-23T13:00:00,1.3645,1.366,1.3546,1.3567,20307930.1
2026-02-23T14:00:00,1.3566,1.359,1.3491,1.3543,20132360.6
2026-02-23T15:00:00,1.3542,1.3627,1.3493,1.3609,19565091.7
2026-02-23T16:00:00,1.361,1.3665,1.3545,1.3554,14603678.1
2026-02-23T17:00:00,1.3554,1.3591,1.3497,1.3512,14194801.2
2026-02-23T18:00:00,1.3512,1.3576,1.3512,1.3563,16827105.5
2026-02-23T19:00:00,1.3562,1.3618,1.3262,1.3498,74176181.4
2026-02-23T20:00:00,1.3497,1.3571,1.3426,1.3471,32386522.1
2026-02-23T21:00:00,1.347,1.3471,1.326,1.3313,43094462.3
2026-02-23T22:00:00,1.3313,1.334,1.3207,1.3307,35777800.3
2026-02-23T23:00:00,1.3307,1.342,1.3245,1.3306,38806965.1
2026-02-24T00:00:00,1.3307,1.3368,1.3253,1.3288,20757451.1
2026-02-24T01:00:00,1.3288,1.3308,1.3216,1.3259,21996599.7
2026-02-24T02:00:00,1.3258,1.3348,1.3212,1.3313,25004297.9
2026-02-24T03:00:00,1.3313,1.3339,1.3204,1.3309,23564641.8
2026-02-24T04:00:00,1.331,1.3353,1.3261,1.3298,25853601.7
2026-02-24T05:00:00,1.3299,1.3335,1.327,1.3324,11066303.4
2026-02-24T06:00:00,1.3325,1.3375,1.3284,1.3316,38619994.5
2026-02-24T07:00:00,1.3317,1.3349,1.3216,1.3298,31575349.1
2026-02-24T08:00:00,1.3299,1.3448,1.3115,1.3352,88746603.6
2026-02-24T09:00:00,1.3352,1.352,1.3316,1.3507,55010971.5
2026-02-24T10:00:00,1.3508,1.3637,1.3442,1.3568,54428711.7
2026-02-24T11:00:00,1.3569,1.3631,1.3554,1.3588,30125286.7
2026-02-24T12:00:00,1.3587,1.3676,1.3521,1.3598,28405262.3
2026-02-24T13:00:00,1.3597,1.3637,1.3493,1.3554,22377951.6
2026-02-24T14:00:00,1.3554,1.3634,1.3539,1.357,14161826.6
2026-02-24T15:00:00,1.357,1.3583,1.3489,1.3512,14577995.3
2026-02-24T16:00:00,1.3512,1.3574,1.3494,1.3523,20349673.2
2026-02-24T17:00:00,1.3523,1.3543,1.341,1.3477,21541423.4
2026-02-24T18:00:00,1.3476,1.3514,1.3401,1.3464,15030705.9
2026-02-24T19:00:00,1.3464,1.3997,1.3453,1.3857,99068761.7
2026-02-24T20:00:00,1.3857,1.3944,1.3775,1.3786,34686609.9
2026-02-24T21:00:00,1.3786,1.3807,1.3656,1.3693,30826143.4
2026-02-24T22:00:00,1.3694,1.3743,1.3582,1.368,29713384.3
2026-02-24T23:00:00,1.3679,1.3696,1.352,1.3579,26190505.6
2026-02-25T00:00:00,1.3578,1.3659,1.3565,1.3592,16396656.6
2026-02-25T01:00:00,1.3592,1.3674,1.3577,1.3651,13051036.4
2026-02-25T02:00:00,1.3651,1.3727,1.3621,1.3715,24675493.0
2026-02-25T03:00:00,1.3715,1.3817,1.3711,1.3791,30057395.7
2026-02-25T04:00:00,1.3791,1.3834,1.3731,1.3747,18353073.2
2026-02-25T05:00:00,1.3747,1.385,1.3719,1.3829,16731335.2
2026-02-25T06:00:00,1.3829,1.4027,1.3803,1.3993,40807272.0
2026-02-25T07:00:00,1.3992,1.4238,1.3977,1.4125,72650464.3
2026-02-25T08:00:00,1.4126,1.4363,1.4125,1.4354,69787184.4
2026-02-25T09:00:00,1.4354,1.4453,1.4247,1.4404,68794497.5
2026-02-25T10:00:00,1.4405,1.45,1.4371,1.4481,50158948.9
2026-02-25T11:00:00,1.4481,1.4735,1.4452,1.4657,64667983.5
2026-02-25T12:00:00,1.4656,1.476,1.4555,1.4714,46525706.4
2026-02-25T13:00:00,1.4713,1.4723,1.4534,1.4659,53323116.9
2026-02-25T14:00:00,1.466,1.4707,1.4563,1.4638,47898422.2
2026-02-25T15:00:00,1.4638,1.4934,1.462,1.4755,57607092.4
2026-02-25T16:00:00,1.4755,1.4873,1.4433,1.4553,53729658.3
2026-02-25T17:00:00,1.4552,1.4569,1.4185,1.4332,57475839.6
2026-02-25T18:00:00,1.4333,1.4468,1.4262,1.4387,40620234.7
2026-02-25T19:00:00,1.4387,1.4431,1.4224,1.4234,32134928.3
2026-02-25T20:00:00,1.4233,1.4389,1.4177,1.4372,28814232.3
2026-02-25T21:00:00,1.4372,1.4449,1.4332,1.4409,23892060.7
2026-02-25T22:00:00,1.4409,1.4682,1.439,1.458,38871623.2
2026-02-25T23:00:00,1.4581,1.4588,1.4393,1.4472,27621117.9
2026-02-26T00:00:00,1.4472,1.4545,1.4427,1.4437,18506861.6
2026-02-26T01:00:00,1.4437,1.4447,1.4298,1.4335,23601906.7
2026-02-26T02:00:00,1.4336,1.4444,1.4333,1.4353,27207625.3
2026-02-26T03:00:00,1.4353,1.4528,1.4339,1.451,26783191.6
2026-02-26T04:00:00,1.451,1.4563,1.4405,1.442,35167130.4
2026-02-26T05:00:00,1.4421,1.4448,1.4336,1.4362,19434801.3
2026-02-26T06:00:00,1.4362,1.4431,1.4349,1.4412,21039674.1
2026-02-26T07:00:00,1.4413,1.4457,1.4353,1.4392,16209705.1
2026-02-26T08:00:00,1.4392,1.4442,1.4214,1.4349,59321423.6
2026-02-26T09:00:00,1.4348,1.4355,1.4072,1.4206,104912292.8
2026-02-26T10:00:00,1.4206,1.4236,1.3837,1.3882,90969316.5
2026-02-26T11:00:00,1.3882,1.4002,1.3821,1.387,49728011.1
2026-02-26T12:00:00,1.3869,1.3987,1.3818,1.3928,54115285.6
2026-02-26T13:00:00,1.3928,1.4139,1.3921,1.4061,46066580.4
2026-02-26T14:00:00,1.4061,1.4122,1.3922,1.393,21917397.8
2026-02-26T15:00:00,1.393,1.3964,1.3874,1.394,16274552.7
2026-02-26T16:00:00,1.3941,1.4048,1.3929,1.4018,11491859.0
2026-02-26T17:00:00,1.4017,1.4029,1.3961,1.4016,10599286.5
2026-02-26T18:00:00,1.4016,1.4035,1.3922,1.4007,20800495.8
2026-02-26T19:00:00,1.4007,1.4056,1.3952,1.4048,18352945.9
2026-02-26T20:00:00,1.4047,1.4125,1.4041,1.4061,14030916.7
2026-02-26T21:00:00,1.406,1.4089,1.3993,1.4071,14190180.9
2026-02-26T22:00:00,1.4071,1.4209,1.4045,1.4071,35403483.5
2026-02-26T23:00:00,1.407,1.414,1.406,1.4094,14613938.7
2026-02-27T00:00:00,1.4094,1.4139,1.4032,1.4117,18823317.0
2026-02-27T01:00:00,1.4118,1.4165,1.4051,1.4161,16812031.5
2026-02-27T02:00:00,1.4161,1.423,1.4139,1.4209,24930136.5
2026-02-27T03:00:00,1.4209,1.4254,1.4041,1.4058,24225194.2
2026-02-27T04:00:00,1.4057,1.4067,1.3858,1.3881,53165973.8
2026-02-27T05:00:00,1.388,1.396,1.3794,1.3817,45246234.2
2026-02-27T06:00:00,1.3816,1.3846,1.3713,1.3768,37906861.5
2026-02-27T07:00:00,1.3767,1.3814,1.3621,1.3699,55955274.5
2026-02-27T08:00:00,1.3699,1.3734,1.3561,1.3581,54792069.0
2026-02-27T09:00:00,1.358,1.3655,1.3512,1.3559,86333614.4
2026-02-27T10:00:00,1.3558,1.3576,1.3467,1.3501,38696306.4
2026-02-27T11:00:00,1.35,1.3583,1.337,1.3566,50046528.7
2026-02-27T12:00:00,1.3567,1.3631,1.3518,1.3562,24272670.9
2026-02-27T13:00:00,1.3562,1.3563,1.3453,1.35,21026323.4
2026-02-27T14:00:00,1.3499,1.3554,1.3493,1.3516,19901506.9
2026-02-27T15:00:00,1.3516,1.3555,1.3465,1.3503,13533630.2
2026-02-27T16:00:00,1.3504,1.3549,1.3376,1.3531,22357382.0
2026-02-27T17:00:00,1.3531,1.356,1.3503,1.3552,15978892.6
2026-02-27T18:00:00,1.3552,1.3623,1.3542,1.3614,15592530.4
2026-02-27T19:00:00,1.3615,1.3642,1.3555,1.3574,10677384.5
2026-02-27T20:00:00,1.3574,1.3621,1.3557,1.3605,7197522.5
2026-02-27T21:00:00,1.3605,1.3607,1.3517,1.354,12434226.4
2026-02-27T22:00:00,1.354,1.3574,1.3485,1.353,12260283.5
2026-02-27T23:00:00,1.3529,1.355,1.3458,1.3485,10749489.0
2026-02-28T00:00:00,1.3485,1.3505,1.2921,1.2955,139439782.9
2026-02-28T01:00:00,1.2956,1.3221,1.2891,1.3018,118917778.3
2026-02-28T02:00:00,1.3017,1.3017,1.2823,1.2856,69614563.2
2026-02-28T03:00:00,1.2856,1.2891,1.2707,1.277,56755479.1
2026-02-28T04:00:00,1.2769,1.2946,1.2693,1.2887,65845051.6
2026-02-28T05:00:00,1.2887,1.3059,1.2858,1.2922,57920567.5
2026-02-28T06:00:00,1.2923,1.2985,1.2908,1.2947,30129140.6
2026-02-28T07:00:00,1.2947,1.3429,1.2937,1.3402,112287539.4
2026-02-28T08:00:00,1.3401,1.3494,1.3133,1.3175,104259579.4
2026-02-28T09:00:00,1.3175,1.3314,1.3096,1.323,64142292.1
2026-02-28T10:00:00,1.323,1.3303,1.3163,1.3252,32709640.1
2026-02-28T11:00:00,1.3252,1.3298,1.3132,1.3275,35686484.0
2026-02-28T12:00:00,1.3274,1.3482,1.3216,1.3418,38839739.7
2026-02-28T13:00:00,1.3417,1.3586,1.334,1.3532,47155264.2
2026-02-28T14:00:00,1.3533,1.3842,1.3496,1.3797,55690184.7
2026-02-28T15:00:00,1.3797,1.382,1.3637,1.3767,36331967.5
2026-02-28T16:00:00,1.3767,1.3928,1.3737,1.3797,30518611.5
2026-02-28T17:00:00,1.3798,1.3859,1.373,1.3752,25716075.5
2026-02-28T18:00:00,1.3752,1.3818,1.3713,1.3781,24051127.2
2026-02-28T19:00:00,1.378,1.4136,1.3648,1.4022,76566302.4
2026-02-28T20:00:00,1.4022,1.4327,1.4021,1.4242,88405230.9
2026-02-28T21:00:00,1.4241,1.4326,1.4126,1.4181,40688679.4
2026-02-28T22:00:00,1.4182,1.4211,1.4032,1.413,37627700.7
2026-02-28T23:00:00,1.413,1.4188,1.4081,1.4088,18891057.2
2026-03-01T00:00:00,1.4089,1.4097,1.3881,1.394,41698813.1
2026-03-01T01:00:00,1.394,1.4016,1.3922,1.3971,15423154.9
2026-03-01T02:00:00,1.3972,1.3995,1.3754,1.3797,31971201.8
2026-03-01T03:00:00,1.3796,1.387,1.3692,1.3724,31404437.3
2026-03-01T04:00:00,1.3724,1.3813,1.3652,1.376,30411981.7
2026-03-01T05:00:00,1.376,1.3816,1.3742,1.3754,17900377.1
2026-03-01T06:00:00,1.3754,1.3781,1.3665,1.3672,19277637.9
2026-03-01T07:00:00,1.3671,1.3957,1.3607,1.3875,75914772.4
2026-03-01T08:00:00,1.3875,1.4028,1.3726,1.3794,63348062.3
2026-03-01T09:00:00,1.3795,1.3904,1.3761,1.3779,29576630.2
2026-03-01T10:00:00,1.378,1.3854,1.3585,1.3695,41502937.5
2026-03-01T11:00:00,1.3694,1.3715,1.3556,1.3654,32105413.2
2026-03-01T12:00:00,1.3655,1.3783,1.3631,1.3672,24486328.5
2026-03-01T13:00:00,1.3672,1.3676,1.3529,1.3558,21501065.7
2026-03-01T14:00:00,1.3557,1.3557,1.3361,1.3407,43081923.6
2026-03-01T15:00:00,1.3407,1.3561,1.3403,1.3535,20418607.6
2026-03-01T16:00:00,1.3535,1.3736,1.3406,1.3418,41177693.0
2026-03-01T17:00:00,1.3418,1.3584,1.339,1.3518,28731363.5
2026-03-01T18:00:00,1.3518,1.3717,1.3503,1.3643,30043646.2
2026-03-01T19:00:00,1.3643,1.3799,1.3626,1.367,27952448.0
2026-03-01T20:00:00,1.367,1.3719,1.3528,1.3635,24981208.9
2026-03-01T21:00:00,1.3635,1.377,1.3602,1.3732,18965167.9
2026-03-01T22:00:00,1.3731,1.3744,1.3638,1.3661,14622562.5
2026-03-01T23:00:00,1.3661,1.3698,1.3568,1.3618,17560460.8
2026-03-02T00:00:00,1.3618,1.3629,1.3465,1.3492,22030246.7
2026-03-02T01:00:00,1.3491,1.3504,1.337,1.3463,26411344.8
2026-03-02T02:00:00,1.3464,1.3549,1.3374,1.3536,28107717.1
2026-03-02T03:00:00,1.3535,1.362,1.3518,1.3525,23243223.2
2026-03-02T04:00:00,1.3524,1.3549,1.3472,1.3527,14066801.1
2026-03-02T05:00:00,1.3527,1.3568,1.3455,1.3508,16204921.8
2026-03-02T06:00:00,1.3508,1.3532,1.3458,1.347,13662704.4
2026-03-02T07:00:00,1.3469,1.3496,1.3377,1.3388,25154867.3
2026-03-02T08:00:00,1.3387,1.378,1.3329,1.3722,77935735.5
2026-03-02T09:00:00,1.3721,1.4149,1.3684,1.3997,133724332.0
2026-03-02T10:00:00,1.3997,1.4226,1.3966,1.4066,68401513.2
2026-03-02T11:00:00,1.4065,1.4107,1.3827,1.3948,45102817.1
2026-03-02T12:00:00,1.3947,1.4066,1.3851,1.4,31333733.7
2026-03-02T13:00:00,1.4001,1.4046,1.3886,1.4,36629379.3
2026-03-02T14:00:00,1.4,1.4047,1.387,1.3938,34620579.8
2026-03-02T15:00:00,1.3939,1.3977,1.3851,1.3973,17352997.7
2026-03-02T16:00:00,1.3973,1.4059,1.395,1.3991,24195442.1
2026-03-02T17:00:00,1.3991,1.4007,1.3867,1.3893,20071155.6
2026-03-02T18:00:00,1.3894,1.3943,1.3811,1.3898,24729110.7
2026-03-02T19:00:00,1.3898,1.3947,1.381,1.3827,17881386.0
2026-03-02T20:00:00,1.3827,1.3833,1.3751,1.3779,33543664.9
2026-03-02T21:00:00,1.3779,1.3787,1.3669,1.3727,22730863.2
2026-03-02T22:00:00,1.3727,1.3741,1.3638,1.3658,15639245.2
2026-03-02T23:00:00,1.3658,1.3771,1.3606,1.3642,24089799.4
2026-03-03T00:00:00,1.3642,1.3663,1.3572,1.3605,18578714.2
2026-03-03T01:00:00,1.3604,1.3666,1.3569,1.3629,30404808.8
2026-03-03T02:00:00,1.3629,1.3686,1.3463,1.3483,37661591.4
2026-03-03T03:00:00,1.3483,1.3556,1.341,1.3472,31000921.1
2026-03-03T04:00:00,1.3471,1.3514,1.3416,1.3495,22705365.4
2026-03-03T05:00:00,1.3495,1.3529,1.346,1.3518,18561658.2
2026-03-03T06:00:00,1.3518,1.3699,1.3504,1.3573,34053633.7
2026-03-03T07:00:00,1.3573,1.3578,1.3427,1.3472,26705079.5
2026-03-03T08:00:00,1.3473,1.3624,1.3352,1.3459,64189842.6
2026-03-03T09:00:00,1.3459,1.3648,1.3384,1.3639,57931539.6
2026-03-03T10:00:00,1.3638,1.3864,1.3537,1.3682,78603871.8
2026-03-03T11:00:00,1.3682,1.3705,1.3523,1.3687,28780449.1
2026-03-03T12:00:00,1.3688,1.3757,1.3595,1.3666,23006089.1
2026-03-03T13:00:00,1.3666,1.3679,1.3557,1.3622,22792686.8
2026-03-03T14:00:00,1.3621,1.3633,1.3522,1.3535,21167444.7
2026-03-03T15:00:00,1.3534,1.3571,1.3477,1.3553,17083741.6
2026-03-03T16:00:00,1.3552,1.3648,1.3546,1.3619,11891390.1
2026-03-03T17:00:00,1.362,1.369,1.3588,1.3599,13062777.3
2026-03-03T18:00:00,1.3599,1.363,1.3523,1.3597,15445474.4
2026-03-03T19:00:00,1.3596,1.3694,1.3552,1.3634,19887951.4
2026-03-03T20:00:00,1.3633,1.3671,1.3537,1.3602,16199125.3
2026-03-03T21:00:00,1.3602,1.3616,1.3443,1.3521,24580006.0
2026-03-03T22:00:00,1.3521,1.3553,1.3444,1.3507,15829699.3
2026-03-03T23:00:00,1.3507,1.361,1.3484,1.3559,15522396.9
2026-03-04T00:00:00,1.3559,1.3609,1.3494,1.3587,17823889.4
2026-03-04T01:00:00,1.3588,1.3765,1.3573,1.3742,23834881.8
2026-03-04T02:00:00,1.3743,1.4059,1.3685,1.4033,61749712.8
2026-03-04T03:00:00,1.4033,1.4259,1.3972,1.4152,92014946.0
2026-03-04T04:00:00,1.4152,1.4218,1.4015,1.4043,38167964.1
2026-03-04T05:00:00,1.4043,1.4123,1.3927,1.3984,29412248.4
2026-03-04T06:00:00,1.3983,1.4,1.3817,1.3929,34719876.8
2026-03-04T07:00:00,1.393,1.4055,1.3924,1.4047,30786071.6
2026-03-04T08:00:00,1.4047,1.4252,1.4028,1.4127,61285985.3
2026-03-04T09:00:00,1.4127,1.4635,1.4121,1.4623,93045447.9
2026-03-04T10:00:00,1.4622,1.4721,1.4392,1.4494,64020943.2
2026-03-04T11:00:00,1.4495,1.4549,1.4351,1.4421,37603841.6
2026-03-04T12:00:00,1.4422,1.4562,1.4358,1.454,23567127.9
2026-03-04T13:00:00,1.4539,1.4695,1.4516,1.4558,36627611.3
2026-03-04T14:00:00,1.4559,1.4649,1.4489,1.4588,36365600.4
2026-03-04T15:00:00,1.4588,1.4597,1.444,1.4467,20428240.4
2026-03-04T16:00:00,1.4468,1.4535,1.426,1.4298,25002531.3
2026-03-04T17:00:00,1.4297,1.4339,1.4154,1.4302,34900227.4
2026-03-04T18:00:00,1.4302,1.4338,1.4228,1.4261,23305396.3
2026-03-04T19:00:00,1.4261,1.436,1.4149,1.4186,24996668.9
2026-03-04T20:00:00,1.4185,1.428,1.4156,1.4191,15691800.5
2026-03-04T21:00:00,1.4192,1.4239,1.4155,1.4189,16378419.7
2026-03-04T22:00:00,1.4189,1.4306,1.4178,1.4277,19873961.7
2026-03-04T23:00:00,1.4278,1.4296,1.4121,1.4143,18393171.2
2026-03-05T00:00:00,1.4144,1.4243,1.4077,1.4233,22189266.5
2026-03-05T01:00:00,1.4234,1.4289,1.4079,1.4122,23961490.4
2026-03-05T02:00:00,1.4123,1.4181,1.4083,1.4178,16021441.6
2026-03-05T03:00:00,1.4179,1.431,1.4164,1.4279,25703842.9
2026-03-05T04:00:00,1.428,1.4518,1.4238,1.447,39374082.8
2026-03-05T05:00:00,1.447,1.4491,1.4337,1.4354,23199389.5
2026-03-05T06:00:00,1.4354,1.442,1.4319,1.4401,19702647.8
2026-03-05T07:00:00,1.4402,1.4407,1.4194,1.4268,35495583.3
2026-03-05T08:00:00,1.4268,1.4397,1.419,1.4368,39574043.0
2026-03-05T09:00:00,1.4369,1.4399,1.409,1.416,47804113.5
2026-03-05T10:00:00,1.416,1.4162,1.3952,1.4108,46536088.7
2026-03-05T11:00:00,1.4107,1.4188,1.398,1.3993,27275098.3
2026-03-05T12:00:00,1.3992,1.4112,1.3978,1.4097,17310203.9
2026-03-05T13:00:00,1.4097,1.4228,1.4092,1.4107,29827825.0
2026-03-05T14:00:00,1.4108,1.42,1.4091,1.4144,21182785.9
2026-03-05T15:00:00,1.4144,1.4186,1.4024,1.4062,17348421.6
2026-03-05T16:00:00,1.4063,1.4087,1.4013,1.4052,9897883.5
2026-03-05T17:00:00,1.4051,1.408,1.4012,1.4029,11080678.2
2026-03-05T18:00:00,1.403,1.4077,1.4019,1.4045,10505670.4
2026-03-05T19:00:00,1.4045,1.4138,1.397,1.4112,20067172.5
2026-03-05T20:00:00,1.4112,1.4139,1.4079,1.4088,10041779.1
2026-03-05T21:00:00,1.4088,1.4111,1.4026,1.4047,10112941.0
2026-03-05T22:00:00,1.4046,1.4053,1.3906,1.3986,18643332.3
2026-03-05T23:00:00,1.3986,1.4022,1.3918,1.3977,13082242.8
2026-03-06T00:00:00,1.3977,1.4046,1.3959,1.3996,9527798.8
2026-03-06T01:00:00,1.3996,1.4077,1.3964,1.4069,12895947.8
2026-03-06T02:00:00,1.407,1.4071,1.4005,1.4043,13579344.3
2026-03-06T03:00:00,1.4044,1.4058,1.3914,1.3969,20462876.2
2026-03-06T04:00:00,1.397,1.407,1.3964,1.4022,13348998.0
2026-03-06T05:00:00,1.4022,1.4039,1.3926,1.3941,12951368.5
2026-03-06T06:00:00,1.394,1.3956,1.3836,1.3882,31320139.7
2026-03-06T07:00:00,1.3882,1.3965,1.3708,1.3715,52957030.5
2026-03-06T08:00:00,1.3715,1.3738,1.35,1.3545,67887732.8
2026-03-06T09:00:00,1.3545,1.3657,1.352,1.3551,40914636.2
2026-03-06T10:00:00,1.3551,1.3623,1.3528,1.3561,23332098.0
2026-03-06T11:00:00,1.356,1.3582,1.3444,1.3486,33111635.3
2026-03-06T12:00:00,1.3485,1.3618,1.3481,1.3574,22115650.9
2026-03-06T13:00:00,1.3574,1.365,1.3574,1.3623,16982728.7
2026-03-06T14:00:00,1.3623,1.3634,1.3532,1.3564,23987337.8
2026-03-06T15:00:00,1.3564,1.364,1.3551,1.3627,11236625.9
2026-03-06T16:00:00,1.3628,1.3706,1.3617,1.3678,11898540.6
2026-03-06T17:00:00,1.3679,1.3682,1.3618,1.3625,11298194.2
2026-03-06T18:00:00,1.3625,1.3699,1.3621,1.367,11013960.6
2026-03-06T19:00:00,1.3671,1.3686,1.3635,1.3666,8411760.2
2026-03-06T20:00:00,1.3667,1.3678,1.3615,1.3669,8762713.8
2026-03-06T21:00:00,1.3669,1.3742,1.3644,1.3651,14580250.9
2026-03-06T22:00:00,1.3651,1.3655,1.3596,1.3623,11036895.5
2026-03-06T23:00:00,1.3622,1.3668,1.3613,1.3662,9684107.5
2026-03-07T00:00:00,1.3662,1.3679,1.3609,1.3629,7708891.6
2026-03-07T01:00:00,1.3628,1.3671,1.3605,1.3663,9611205.1
2026-03-07T02:00:00,1.3662,1.3685,1.3636,1.3644,8193099.3
2026-03-07T03:00:00,1.3643,1.3673,1.3622,1.3647,10588128.2
2026-03-07T04:00:00,1.3646,1.3675,1.3641,1.365,3847371.2
2026-03-07T05:00:00,1.3651,1.3726,1.3644,1.3689,11252749.4
2026-03-07T06:00:00,1.3689,1.369,1.3613,1.3633,10027520.7
2026-03-07T07:00:00,1.3632,1.3665,1.3607,1.362,8858972.1
2026-03-07T08:00:00,1.3619,1.3661,1.3555,1.3628,19798258.9
2026-03-07T09:00:00,1.3628,1.3628,1.3537,1.3561,14598874.4
2026-03-07T10:00:00,1.3561,1.3603,1.3548,1.3599,9093949.9
2026-03-07T11:00:00,1.36,1.364,1.3594,1.3597,8114087.7
2026-03-07T12:00:00,1.3598,1.36,1.3496,1.3562,17989184.3
2026-03-07T13:00:00,1.3561,1.3562,1.3456,1.3496,17676717.0
2026-03-07T14:00:00,1.3495,1.3555,1.3493,1.3541,9869999.3
2026-03-07T15:00:00,1.3541,1.3585,1.3535,1.3557,10781337.0
2026-03-07T16:00:00,1.3558,1.3561,1.3495,1.3528,8323597.8
2026-03-07T17:00:00,1.3528,1.3564,1.3518,1.356,5054432.1
2026-03-07T18:00:00,1.3559,1.3595,1.353,1.3541,8861301.1
2026-03-07T19:00:00,1.354,1.357,1.35,1.3563,8818206.2
2026-03-07T20:00:00,1.3563,1.3565,1.3435,1.3468,17361500.9
2026-03-07T21:00:00,1.3468,1.3507,1.3435,1.3476,12553157.7
2026-03-07T22:00:00,1.3477,1.3493,1.3405,1.3431,13550521.5
2026-03-07T23:00:00,1.343,1.3557,1.3429,1.3528,14773577.5
2026-03-08T00:00:00,1.3528,1.3544,1.3489,1.3513,7954626.4
2026-03-08T01:00:00,1.3513,1.362,1.3508,1.3594,19503593.4
2026-03-08T02:00:00,1.3593,1.3609,1.3535,1.3581,12604240.6
2026-03-08T03:00:00,1.3581,1.3656,1.355,1.3603,14054748.7
2026-03-08T04:00:00,1.3604,1.3705,1.3602,1.3671,18689900.8
2026-03-08T05:00:00,1.3672,1.3672,1.3553,1.3568,21034875.7
2026-03-08T06:00:00,1.3569,1.3584,1.3434,1.3511,24039808.1
2026-03-08T07:00:00,1.351,1.353,1.3402,1.349,22230191.8
2026-03-08T08:00:00,1.3491,1.3523,1.3444,1.3485,10387358.5
2026-03-08T09:00:00,1.3486,1.3491,1.3417,1.3445,12099666.2
2026-03-08T10:00:00,1.3445,1.3447,1.3368,1.3384,17833851.7
2026-03-08T11:00:00,1.3383,1.3452,1.3379,1.3429,11335765.7
2026-03-08T12:00:00,1.343,1.3476,1.3389,1.3445,10255591.7
2026-03-08T13:00:00,1.3445,1.3591,1.3422,1.3553,18829908.3
2026-03-08T14:00:00,1.3552,1.3612,1.3511,1.3527,13375659.6
2026-03-08T15:00:00,1.3526,1.3537,1.3434,1.347,11756098.4
2026-03-08T16:00:00,1.3469,1.3486,1.3207,1.3448,68040914.4
2026-03-08T17:00:00,1.3449,1.3495,1.3382,1.3392,24879089.0
2026-03-08T18:00:00,1.3392,1.3598,1.3377,1.348,43473192.4
2026-03-08T19:00:00,1.3481,1.353,1.3405,1.341,21156423.9
2026-03-08T20:00:00,1.3411,1.3493,1.3366,1.3453,23469742.1
2026-03-08T21:00:00,1.3452,1.3648,1.3443,1.3496,45974636.9
2026-03-08T22:00:00,1.3496,1.3551,1.3429,1.3434,19980691.0
2026-03-08T23:00:00,1.3435,1.3579,1.3409,1.3543,41362900.2
2026-03-09T00:00:00,1.3543,1.3579,1.3434,1.344,23031362.7
2026-03-09T01:00:00,1.344,1.3444,1.3319,1.3398,34853031.5
2026-03-09T02:00:00,1.3398,1.3474,1.3383,1.3452,17400469.1
2026-03-09T03:00:00,1.3453,1.3628,1.34,1.3542,33066839.6
2026-03-09T04:00:00,1.3543,1.3555,1.3446,1.3464,16118725.9
2026-03-09T05:00:00,1.3465,1.3509,1.3406,1.3494,13446914.4
2026-03-09T06:00:00,1.3494,1.3574,1.3488,1.354,17184036.1
2026-03-09T07:00:00,1.354,1.3723,1.3534,1.3672,42925121.2
2026-03-09T08:00:00,1.3672,1.3724,1.3582,1.364,41858785.4
2026-03-09T09:00:00,1.3639,1.3669,1.3551,1.3594,22868024.3
2026-03-09T10:00:00,1.3594,1.3696,1.3578,1.3638,18571866.6
2026-03-09T11:00:00,1.3637,1.3696,1.3583,1.3616,19919627.9
2026-03-09T12:00:00,1.3616,1.3672,1.3551,1.3608,18494845.7
2026-03-09T13:00:00,1.3608,1.3837,1.3555,1.3724,52110893.8
2026-03-09T14:00:00,1.3724,1.3785,1.3664,1.3725,17407934.5
2026-03-09T15:00:00,1.3724,1.3766,1.3687,1.373,10823361.0
2026-03-09T16:00:00,1.3731,1.3748,1.3616,1.3635,18046490.8
2026-03-09T17:00:00,1.3635,1.3669,1.3595,1.3622,11552761.9
2026-03-09T18:00:00,1.3621,1.3732,1.3598,1.3691,15921233.0
2026-03-09T19:00:00,1.369,1.3745,1.3651,1.3714,11214315.2
2026-03-09T20:00:00,1.3713,1.3917,1.3691,1.3869,34642965.3
2026-03-09T21:00:00,1.3869,1.3905,1.374,1.3744,25466375.8
2026-03-09T22:00:00,1.3744,1.3829,1.3723,1.3814,18256120.3
2026-03-09T23:00:00,1.3814,1.3891,1.3798,1.3836,15963862.8
2026-03-10T00:00:00,1.3836,1.3838,1.3771,1.3794,12530722.4
2026-03-10T01:00:00,1.3794,1.3879,1.3754,1.3867,17628417.3
2026-03-10T02:00:00,1.3868,1.4111,1.3868,1.4008,49180696.8
2026-03-10T03:00:00,1.4009,1.4188,1.4009,1.4156,36390076.6
2026-03-10T04:00:00,1.4156,1.4169,1.4037,1.4048,34150725.1
2026-03-10T05:00:00,1.4048,1.4049,1.388,1.3901,42449369.6
2026-03-10T06:00:00,1.39,1.391,1.3816,1.388,33424457.8
2026-03-10T07:00:00,1.388,1.4006,1.3803,1.3922,56342956.6
2026-03-10T08:00:00,1.3922,1.4373,1.3806,1.4339,97745918.3
2026-03-10T09:00:00,1.4339,1.4422,1.4187,1.4304,66526151.0
2026-03-10T10:00:00,1.4305,1.4362,1.4226,1.4266,37989139.5
2026-03-10T11:00:00,1.4266,1.4299,1.408,1.4119,36225494.6
2026-03-10T12:00:00,1.412,1.4127,1.3897,1.3926,54057749.5
2026-03-10T13:00:00,1.3927,1.3944,1.3787,1.3843,29911579.5
2026-03-10T14:00:00,1.3843,1.394,1.3836,1.3891,20912037.6
2026-03-10T15:00:00,1.3891,1.394,1.3773,1.3828,15912243.2
2026-03-10T16:00:00,1.3827,1.388,1.3785,1.3832,13449809.2
2026-03-10T17:00:00,1.3832,1.3873,1.3831,1.3855,12712940.6
2026-03-10T18:00:00,1.3855,1.3918,1.3815,1.3876,18723467.2
2026-03-10T19:00:00,1.3877,1.3899,1.3834,1.3892,12577210.6
2026-03-10T20:00:00,1.3892,1.3898,1.3776,1.3817,15822849.8
2026-03-10T21:00:00,1.3816,1.3848,1.377,1.3781,9875970.2
2026-03-10T22:00:00,1.3781,1.389,1.3759,1.387,13246130.3
2026-03-10T23:00:00,1.3869,1.3902,1.3739,1.3755,17538251.9
2026-03-11T00:00:00,1.3755,1.3838,1.3751,1.3818,12090923.0
2026-03-11T01:00:00,1.3818,1.3825,1.3727,1.3778,12659894.8
2026-03-11T02:00:00,1.3778,1.3786,1.3712,1.375,15173624.3
2026-03-11T03:00:00,1.375,1.3805,1.3721,1.3733,10624307.7
2026-03-11T04:00:00,1.3733,1.3809,1.3718,1.3778,13560667.4
2026-03-11T05:00:00,1.3778,1.3801,1.3714,1.3727,12137289.8
2026-03-11T06:00:00,1.3727,1.3868,1.3692,1.3842,32517177.8
2026-03-11T07:00:00,1.3842,1.4105,1.3822,1.3916,67874656.8
2026-03-11T08:00:00,1.3915,1.4028,1.3856,1.3915,42361768.2
2026-03-11T09:00:00,1.3915,1.3933,1.3721,1.3818,40802160.6
2026-03-11T10:00:00,1.3817,1.3899,1.3793,1.3864,19975616.8
2026-03-11T11:00:00,1.3864,1.4009,1.3862,1.3969,36214156.9
2026-03-11T12:00:00,1.3969,1.4064,1.3949,1.4033,30817799.2
2026-03-11T13:00:00,1.4033,1.404,1.3872,1.3892,22738649.4
2026-03-11T14:00:00,1.3892,1.3931,1.3861,1.3908,14831304.5
2026-03-11T15:00:00,1.3909,1.3929,1.3877,1.3918,7998777.1
2026-03-11T16:00:00,1.3918,1.3969,1.386,1.3894,13091634.9
2026-03-11T17:00:00,1.3894,1.3915,1.3815,1.3839,10537844.1
2026-03-11T18:00:00,1.384,1.3853,1.3802,1.3832,12147169.6
2026-03-11T19:00:00,1.3833,1.3835,1.3761,1.3781,13561960.4
2026-03-11T20:00:00,1.378,1.3806,1.3695,1.3714,20937332.0
2026-03-11T21:00:00,1.3715,1.3752,1.3686,1.3727,13392476.3
2026-03-11T22:00:00,1.3726,1.3773,1.3681,1.3692,12083766.8
2026-03-11T23:00:00,1.3692,1.3717,1.3649,1.3698,18891889.1
2026-03-12T00:00:00,1.3698,1.3725,1.366,1.3714,11228549.4
2026-03-12T01:00:00,1.3714,1.3772,1.3687,1.3754,14250960.9
2026-03-12T02:00:00,1.3755,1.3815,1.3731,1.3793,16087325.8
2026-03-12T03:00:00,1.3792,1.388,1.3746,1.381,16263419.9
2026-03-12T04:00:00,1.3811,1.3906,1.3776,1.3892,19266494.6
2026-03-12T05:00:00,1.3892,1.3928,1.386,1.387,20665630.8
2026-03-12T06:00:00,1.387,1.392,1.3848,1.3874,17451787.0
2026-03-12T07:00:00,1.3875,1.392,1.3765,1.3814,36364500.5
2026-03-12T08:00:00,1.3815,1.3915,1.3633,1.3681,55133441.6
2026-03-12T09:00:00,1.3681,1.3834,1.365,1.3785,39316520.4
2026-03-12T10:00:00,1.3785,1.3854,1.3701,1.3813,26397434.7
2026-03-12T11:00:00,1.3814,1.3839,1.3766,1.3796,14208826.7
2026-03-12T12:00:00,1.3796,1.3805,1.3707,1.3713,16019896.4
2026-03-12T13:00:00,1.3714,1.3813,1.3688,1.3778,21548844.4
2026-03-12T14:00:00,1.3778,1.3796,1.3703,1.3711,12126844.3
2026-03-12T15:00:00,1.371,1.3752,1.3704,1.3733,7938699.3
2026-03-12T16:00:00,1.3732,1.3789,1.3713,1.3783,16130899.7
2026-03-12T17:00:00,1.3783,1.3891,1.3782,1.3839,29556297.7
2026-03-12T18:00:00,1.3839,1.424,1.3824,1.406,83092403.7
2026-03-12T19:00:00,1.4059,1.4161,1.4036,1.4132,35692596.8
2026-03-12T20:00:00,1.4133,1.4142,1.3994,1.4009,22199999.9
2026-03-12T21:00:00,1.401,1.414,1.3996,1.4119,16661923.5
2026-03-12T22:00:00,1.4118,1.4136,1.4068,1.4108,18213703.0
2026-03-12T23:00:00,1.4107,1.4265,1.4069,1.4229,29325601.0
2026-03-13T00:00:00,1.4229,1.4258,1.4118,1.4127,28997355.0
2026-03-13T01:00:00,1.4127,1.42,1.4098,1.4146,27215126.8
2026-03-13T02:00:00,1.4146,1.4334,1.4117,1.4259,42717771.8
2026-03-13T03:00:00,1.4259,1.4364,1.4256,1.4281,27057358.7
2026-03-13T04:00:00,1.4281,1.4381,1.4279,1.4334,24562345.9
2026-03-13T05:00:00,1.4333,1.4339,1.4187,1.4197,29330281.1
2026-03-13T06:00:00,1.4196,1.4394,1.4192,1.4329,31932145.0
2026-03-13T07:00:00,1.4329,1.4485,1.43,1.4432,59756299.3
2026-03-13T08:00:00,1.4432,1.4528,1.4204,1.4222,66264492.5
2026-03-13T09:00:00,1.4223,1.4285,1.406,1.4082,54689443.7
2026-03-13T10:00:00,1.4082,1.4145,1.3994,1.4092,40941799.1
2026-03-13T11:00:00,1.4092,1.4122,1.3909,1.3934,35642158.9
2026-03-13T12:00:00,1.3934,1.4007,1.3891,1.3965,21650331.1
2026-03-13T13:00:00,1.3965,1.4019,1.3952,1.4005,14799748.9
2026-03-13T14:00:00,1.4005,1.404,1.3973,1.4016,10744221.3
2026-03-13T15:00:00,1.4016,1.4055,1.3959,1.3998,15887203.8
2026-03-13T16:00:00,1.3999,1.4008,1.3895,1.3941,19165839.0
2026-03-13T17:00:00,1.3941,1.3995,1.3926,1.3979,12736768.4
2026-03-13T18:00:00,1.3979,1.399,1.3915,1.3934,13211851.9
2026-03-13T19:00:00,1.3934,1.4005,1.3917,1.3993,11206263.9
2026-03-13T20:00:00,1.3994,1.4017,1.3969,1.3976,8424826.2
2026-03-13T21:00:00,1.3977,1.4028,1.3962,1.3998,11186086.9
2026-03-13T22:00:00,1.3999,1.4037,1.3952,1.3971,13846439.3
2026-03-13T23:00:00,1.3971,1.3986,1.3931,1.3945,8702282.0
2026-03-14T00:00:00,1.3945,1.3945,1.3822,1.3917,25152452.6
2026-03-14T01:00:00,1.3918,1.3972,1.391,1.3935,11598585.7
2026-03-14T02:00:00,1.3935,1.396,1.3913,1.3926,12682627.9
2026-03-14T03:00:00,1.3926,1.3964,1.3878,1.3892,11385629.7
2026-03-14T04:00:00,1.3892,1.3901,1.387,1.3887,9199386.9
2026-03-14T05:00:00,1.3887,1.3922,1.3882,1.3917,7170306.9
2026-03-14T06:00:00,1.3917,1.3933,1.387,1.3884,11186370.2
2026-03-14T07:00:00,1.3883,1.3937,1.3872,1.3906,10219473.8
2026-03-14T08:00:00,1.3907,1.3924,1.3866,1.3883,10440608.5
2026-03-14T09:00:00,1.3884,1.3909,1.3873,1.3894,7337556.5
2026-03-14T10:00:00,1.3894,1.3923,1.3861,1.3921,7767019.2
2026-03-14T11:00:00,1.3921,1.3929,1.3878,1.3886,6946228.5
2026-03-14T12:00:00,1.3887,1.3915,1.3873,1.3904,6106542.3
2026-03-14T13:00:00,1.3904,1.3905,1.3886,1.3893,4298527.6
2026-03-14T14:00:00,1.3894,1.3932,1.3878,1.3923,7125496.2
2026-03-14T15:00:00,1.3923,1.3968,1.3902,1.3949,7467412.1
2026-03-14T16:00:00,1.3949,1.3976,1.3937,1.3959,8879697.2
2026-03-14T17:00:00,1.3959,1.4078,1.3959,1.4055,22282704.5
2026-03-14T18:00:00,1.4056,1.409,1.4016,1.4046,17130960.8
2026-03-14T19:00:00,1.4046,1.4072,1.4013,1.4043,8808780.1
2026-03-14T20:00:00,1.4043,1.4192,1.4043,1.4151,25762320.4
2026-03-14T21:00:00,1.4152,1.4199,1.4111,1.4115,15048856.5
2026-03-14T22:00:00,1.4116,1.4178,1.4116,1.4163,15212964.6
2026-03-14T23:00:00,1.4164,1.421,1.4133,1.4133,10329085.0
2026-03-15T00:00:00,1.4134,1.4153,1.4048,1.4095,20592710.7
2026-03-15T01:00:00,1.4096,1.4114,1.4055,1.407,9124185.0
2026-03-15T02:00:00,1.407,1.4127,1.407,1.4126,9998692.0
2026-03-15T03:00:00,1.4126,1.4182,1.4124,1.4141,12807868.6
2026-03-15T04:00:00,1.414,1.4174,1.4135,1.4158,6519177.1
2026-03-15T05:00:00,1.4157,1.4202,1.4134,1.4192,10739561.6
2026-03-15T06:00:00,1.4191,1.4245,1.4142,1.4232,18363699.5
2026-03-15T07:00:00,1.4232,1.4296,1.4153,1.4225,50398954.4
2026-03-15T08:00:00,1.4225,1.4244,1.4121,1.4167,17073469.5
2026-03-15T09:00:00,1.4167,1.4219,1.4143,1.415,10937949.8
2026-03-15T10:00:00,1.415,1.4175,1.408,1.412,19455019.8
2026-03-15T11:00:00,1.412,1.4234,1.4114,1.4185,12983590.4
2026-03-15T12:00:00,1.4185,1.4203,1.4083,1.4099,13924057.1
2026-03-15T13:00:00,1.4099,1.4144,1.409,1.4121,8213564.6
2026-03-15T14:00:00,1.412,1.4226,1.4097,1.4172,12730111.1
2026-03-15T15:00:00,1.4172,1.4298,1.4141,1.4268,16774858.8
2026-03-15T16:00:00,1.4268,1.4647,1.4222,1.4547,100169091.4
2026-03-15T17:00:00,1.4547,1.4574,1.4387,1.4482,48106497.2
2026-03-15T18:00:00,1.4482,1.4575,1.4435,1.4461,27292431.7
2026-03-15T19:00:00,1.4462,1.4498,1.4376,1.4466,21991787.4
2026-03-15T20:00:00,1.4466,1.4488,1.4351,1.4422,18384501.6
2026-03-15T21:00:00,1.4423,1.4795,1.4395,1.4669,75912050.9
2026-03-15T22:00:00,1.467,1.4858,1.4669,1.4793,49065357.9
2026-03-15T23:00:00,1.4793,1.4843,1.4733,1.4804,29889553.7
2026-03-16T00:00:00,1.4805,1.4811,1.4727,1.4764,19948364.6
2026-03-16T01:00:00,1.4764,1.488,1.4753,1.4823,26178914.6
2026-03-16T02:00:00,1.4824,1.4889,1.4641,1.4678,37985236.9
2026-03-16T03:00:00,1.4679,1.4756,1.4657,1.4734,22301192.8
2026-03-16T04:00:00,1.4734,1.4756,1.4661,1.4744,17480199.0
2026-03-16T05:00:00,1.4743,1.4749,1.4658,1.469,13204160.9
2026-03-16T06:00:00,1.469,1.4799,1.4688,1.4754,25930643.9
2026-03-16T07:00:00,1.4754,1.492,1.4738,1.4819,48032927.3
2026-03-16T08:00:00,1.4819,1.5097,1.4703,1.5088,65979657.7
2026-03-16T09:00:00,1.5088,1.5158,1.4914,1.4924,72774485.3
2026-03-16T10:00:00,1.4925,1.5109,1.4909,1.5079,28037230.4
2026-03-16T11:00:00,1.508,1.5186,1.5048,1.5178,24433870.4
2026-03-16T12:00:00,1.5178,1.5439,1.5155,1.5349,66425432.7
2026-03-16T13:00:00,1.5348,1.5423,1.5201,1.5293,39294324.2
2026-03-16T14:00:00,1.5294,1.5307,1.5228,1.5274,17276225.7
2026-03-16T15:00:00,1.5275,1.5399,1.5253,1.5271,22759728.4
2026-03-16T16:00:00,1.5271,1.5518,1.5271,1.5507,39709842.5
2026-03-16T17:00:00,1.5508,1.5511,1.5363,1.5422,34200014.3
2026-03-16T18:00:00,1.5422,1.554,1.5335,1.5446,58377799.6
2026-03-16T19:00:00,1.5445,1.5775,1.5435,1.57,79165698.1
2026-03-16T20:00:00,1.57,1.6064,1.559,1.5931,85708401.8
2026-03-16T21:00:00,1.5931,1.5944,1.5337,1.5435,90436549.5
2026-03-16T22:00:00,1.5435,1.5517,1.5231,1.5296,65672842.5
2026-03-16T23:00:00,1.5296,1.5315,1.5094,1.5147,41345599.9
2026-03-17T00:00:00,1.5147,1.5223,1.5042,1.5161,30925308.0
2026-03-17T01:00:00,1.516,1.5428,1.5157,1.5292,38639140.7
2026-03-17T02:00:00,1.5293,1.5321,1.5186,1.5202,18961394.0
2026-03-17T03:00:00,1.5202,1.523,1.5067,1.5118,39084068.9
2026-03-17T04:00:00,1.5118,1.5119,1.5016,1.5082,26761400.4
2026-03-17T05:00:00,1.5083,1.5178,1.5065,1.5088,24174473.3
2026-03-17T06:00:00,1.5088,1.5141,1.5013,1.5041,32009308.7
2026-03-17T07:00:00,1.5041,1.5167,1.494,1.5029,101468765.1
2026-03-17T08:00:00,1.503,1.5131,1.4933,1.5115,40851431.1
2026-03-17T09:00:00,1.5116,1.5211,1.5019,1.5126,37094869.2
2026-03-17T10:00:00,1.5126,1.5395,1.4989,1.5177,143750549.4
2026-03-17T11:00:00,1.5177,1.5308,1.5162,1.5299,23726085.6
2026-03-17T12:00:00,1.5299,1.5377,1.5244,1.5357,16562860.2
2026-03-17T13:00:00,1.5357,1.5403,1.5289,1.5323,16362846.3
2026-03-17T14:00:00,1.5323,1.5349,1.5273,1.532,9801962.9
2026-03-17T15:00:00,1.532,1.5351,1.5261,1.5294,15115326.0
2026-03-17T16:00:00,1.5294,1.5359,1.5193,1.5271,18892017.5
2026-03-17T17:00:00,1.5272,1.53,1.517,1.5176,13725577.1
2026-03-17T18:00:00,1.5177,1.5211,1.5085,1.5149,20474512.5
2026-03-17T19:00:00,1.5149,1.5226,1.5133,1.5146,15496171.0
2026-03-17T20:00:00,1.5147,1.5306,1.514,1.5263,14058116.0
2026-03-17T21:00:00,1.5263,1.5392,1.525,1.5382,18250021.0
2026-03-17T22:00:00,1.5383,1.5407,1.5227,1.526,18659981.3
2026-03-17T23:00:00,1.526,1.5366,1.5207,1.5228,16358495.2
2026-03-18T00:00:00,1.5229,1.53,1.5227,1.5238,10758370.9
2026-03-18T01:00:00,1.5239,1.5239,1.5138,1.5191,14623479.2
2026-03-18T02:00:00,1.5191,1.5246,1.5185,1.5214,10704820.6
2026-03-18T03:00:00,1.5214,1.5268,1.5201,1.5229,8174873.7
2026-03-18T04:00:00,1.523,1.5239,1.5086,1.5102,18249359.6
2026-03-18T05:00:00,1.5102,1.5115,1.483,1.489,68316821.1
2026-03-18T06:00:00,1.4889,1.4901,1.4564,1.4635,81965642.5
2026-03-18T07:00:00,1.4636,1.4732,1.4551,1.4657,43613628.4
2026-03-18T08:00:00,1.4657,1.4674,1.4433,1.4451,45692573.0
2026-03-18T09:00:00,1.445,1.4518,1.4373,1.4399,46730664.3
2026-03-18T10:00:00,1.44,1.4464,1.4346,1.4416,32716701.1
2026-03-18T11:00:00,1.4416,1.4583,1.439,1.4556,28406048.2
2026-03-18T12:00:00,1.4556,1.4659,1.4474,1.4515,42772749.5
2026-03-18T13:00:00,1.4516,1.4596,1.4475,1.4485,24954324.6
2026-03-18T14:00:00,1.4485,1.4614,1.4415,1.4583,20801435.5
2026-03-18T15:00:00,1.4583,1.4711,1.4575,1.4667,17980570.8
2026-03-18T16:00:00,1.4668,1.4671,1.4585,1.4616,13927448.7
2026-03-18T17:00:00,1.4616,1.4652,1.4569,1.464,9121378.5
2026-03-18T18:00:00,1.464,1.4642,1.4584,1.4603,11133240.3
2026-03-18T19:00:00,1.4602,1.4666,1.4558,1.4609,13642503.0
2026-03-18T20:00:00,1.4609,1.4636,1.4541,1.457,9338841.0
2026-03-18T21:00:00,1.4569,1.478,1.4567,1.4734,28726332.9
2026-03-18T22:00:00,1.4735,1.4735,1.4626,1.4657,16876358.0
2026-03-18T23:00:00,1.4657,1.467,1.4587,1.466,13023026.7
2026-03-19T00:00:00,1.466,1.4814,1.4631,1.4682,37302030.2
2026-03-19T01:00:00,1.4681,1.4698,1.4501,1.4606,45275355.5
2026-03-19T02:00:00,1.4606,1.4637,1.4514,1.4551,19474941.6
2026-03-19T03:00:00,1.4551,1.4704,1.455,1.4688,23557346.0
2026-03-19T04:00:00,1.4688,1.4699,1.4617,1.4625,11673559.6
2026-03-19T05:00:00,1.4625,1.4651,1.4564,1.458,14905819.3
2026-03-19T06:00:00,1.4579,1.4581,1.4349,1.4366,41067418.2
2026-03-19T07:00:00,1.4367,1.4537,1.4319,1.4516,62263801.7
2026-03-19T08:00:00,1.4515,1.4565,1.4382,1.4436,26210870.9
2026-03-19T09:00:00,1.4435,1.4494,1.4236,1.4311,51565786.7
2026-03-19T10:00:00,1.4312,1.4367,1.4229,1.4265,28821733.0
2026-03-19T11:00:00,1.4265,1.4388,1.4213,1.4379,21911971.4
2026-03-19T12:00:00,1.438,1.4382,1.43,1.4362,13311833.0
2026-03-19T13:00:00,1.4362,1.452,1.4355,1.4439,30134275.1
2026-03-19T14:00:00,1.4439,1.4535,1.4424,1.4486,11250908.4
2026-03-19T15:00:00,1.4487,1.4552,1.4483,1.4537,8642673.4
2026-03-19T16:00:00,1.4537,1.4548,1.4435,1.4486,12955621.7
2026-03-19T17:00:00,1.4486,1.4531,1.4416,1.4469,10049024.2
2026-03-19T18:00:00,1.4468,1.4524,1.4446,1.4493,13118151.4
2026-03-19T19:00:00,1.4494,1.4599,1.4494,1.4557,15023447.4
2026-03-19T20:00:00,1.4556,1.4565,1.4454,1.4514,13132479.6
2026-03-19T21:00:00,1.4514,1.4561,1.4491,1.4522,10186794.0
2026-03-19T22:00:00,1.4521,1.4564,1.4466,1.4526,14008282.3
2026-03-19T23:00:00,1.4525,1.4578,1.4491,1.4541,14101063.3
2026-03-20T00:00:00,1.4541,1.4625,1.4496,1.4497,21783181.3
2026-03-20T01:00:00,1.4497,1.4559,1.4426,1.4538,17674712.1
2026-03-20T02:00:00,1.4538,1.4666,1.4528,1.4591,21026107.6
2026-03-20T03:00:00,1.4591,1.4591,1.4442,1.4471,21215565.4
2026-03-20T04:00:00,1.4471,1.453,1.4431,1.4499,12441849.1
2026-03-20T05:00:00,1.4499,1.4542,1.4423,1.4485,15406376.5
2026-03-20T06:00:00,1.4484,1.452,1.4407,1.4416,16266833.7
2026-03-20T07:00:00,1.4416,1.4482,1.4356,1.4372,26772067.3
2026-03-20T08:00:00,1.4372,1.4442,1.4326,1.4358,26976530.3
2026-03-20T09:00:00,1.4357,1.4411,1.425,1.4368,25360912.4
2026-03-20T10:00:00,1.4367,1.4425,1.4319,1.4365,17645007.0
2026-03-20T11:00:00,1.4366,1.44,1.4279,1.4384,12546636.8
2026-03-20T12:00:00,1.4384,1.439,1.4277,1.4303,10957065.6
2026-03-20T13:00:00,1.4302,1.4367,1.4238,1.4352,14632960.9
2026-03-20T14:00:00,1.4352,1.437,1.428,1.4359,11243416.1
2026-03-20T15:00:00,1.4358,1.4483,1.4329,1.4426,14129562.7
2026-03-20T16:00:00,1.4425,1.4516,1.4425,1.447,12129157.8
2026-03-20T17:00:00,1.4471,1.4475,1.439,1.4444,8033817.8
2026-03-20T18:00:00,1.4444,1.4485,1.4421,1.4469,8903320.6
2026-03-20T19:00:00,1.4468,1.449,1.4416,1.4429,6986806.7
2026-03-20T20:00:00,1.4429,1.4481,1.4417,1.4461,4871553.6
2026-03-20T21:00:00,1.4462,1.4469,1.4441,1.4452,4014904.0
2026-03-20T22:00:00,1.4452,1.4473,1.4434,1.4436,5903132.2
2026-03-20T23:00:00,1.4436,1.4505,1.4436,1.4505,10112611.7
2026-03-21T00:00:00,1.4504,1.452,1.4469,1.4479,8888321.7
2026-03-21T01:00:00,1.448,1.4492,1.4431,1.4433,6926533.6
2026-03-21T02:00:00,1.4432,1.4447,1.4395,1.4405,10622294.1
2026-03-21T03:00:00,1.4405,1.4423,1.4358,1.4394,14050114.1
2026-03-21T04:00:00,1.4394,1.44,1.437,1.4395,4538734.4
2026-03-21T05:00:00,1.4395,1.4422,1.4384,1.4417,6164431.5
2026-03-21T06:00:00,1.4418,1.4461,1.4394,1.444,10698110.5
2026-03-21T07:00:00,1.444,1.4453,1.4343,1.4391,31840447.5
2026-03-21T08:00:00,1.4392,1.4445,1.4341,1.4358,13124670.2
2026-03-21T09:00:00,1.4359,1.4394,1.4331,1.4373,8785399.2
2026-03-21T10:00:00,1.4373,1.4379,1.4332,1.436,6646857.9
2026-03-21T11:00:00,1.4361,1.4407,1.4332,1.4387,5647129.3
2026-03-21T12:00:00,1.4388,1.441,1.4358,1.4366,6111951.6
2026-03-21T13:00:00,1.4366,1.4374,1.4348,1.4362,3024550.0
2026-03-21T14:00:00,1.4362,1.442,1.436,1.4406,5203026.4
2026-03-21T15:00:00,1.4405,1.4413,1.4377,1.4392,3482695.5
2026-03-21T16:00:00,1.4392,1.4408,1.4368,1.4383,4929969.5
2026-03-21T17:00:00,1.4383,1.4389,1.3991,1.4081,67523819.1
2026-03-21T18:00:00,1.4081,1.4169,1.3926,1.4101,55637074.5
2026-03-21T19:00:00,1.4102,1.4157,1.4045,1.4094,16183149.3
2026-03-21T20:00:00,1.4094,1.4199,1.407,1.416,16267195.2
2026-03-21T21:00:00,1.416,1.4257,1.4122,1.4162,16294485.6
2026-03-21T22:00:00,1.4162,1.4198,1.4094,1.4165,17340587.7
2026-03-21T23:00:00,1.4165,1.4166,1.4109,1.411,7351127.6
2026-03-22T00:00:00,1.411,1.4122,1.4091,1.4099,7735882.6
2026-03-22T01:00:00,1.4099,1.4122,1.4024,1.4028,12924669.7
2026-03-22T02:00:00,1.4027,1.4032,1.3916,1.3983,24297244.2
2026-03-22T03:00:00,1.3983,1.4028,1.3944,1.3952,11278640.8
2026-03-22T04:00:00,1.3953,1.3961,1.3861,1.3878,21620747.0
2026-03-22T05:00:00,1.3877,1.3951,1.3845,1.39,19162989.5
2026-03-22T06:00:00,1.39,1.4012,1.3899,1.3986,15909292.8
2026-03-22T07:00:00,1.3987,1.4066,1.3952,1.3974,15949401.8
2026-03-22T08:00:00,1.3975,1.4022,1.3939,1.3963,13197075.3
2026-03-22T09:00:00,1.3963,1.4002,1.3905,1.3919,12462416.9
2026-03-22T10:00:00,1.392,1.3946,1.3894,1.3938,15098834.8
2026-03-22T11:00:00,1.3938,1.3951,1.3907,1.3921,5848294.8
2026-03-22T12:00:00,1.3921,1.3921,1.3801,1.3874,17811161.9
2026-03-22T13:00:00,1.3874,1.3874,1.3803,1.3842,14535282.9
2026-03-22T14:00:00,1.3841,1.3899,1.3841,1.3862,8275008.7
2026-03-22T15:00:00,1.3861,1.3872,1.3707,1.3789,33130220.6
2026-03-22T16:00:00,1.3789,1.3923,1.3709,1.3902,24601615.7
2026-03-22T17:00:00,1.3903,1.3924,1.3829,1.3841,11126186.3
2026-03-22T18:00:00,1.3841,1.39,1.3736,1.3783,21655268.2
2026-03-22T19:00:00,1.3782,1.3898,1.3749,1.3813,15022603.6
2026-03-22T20:00:00,1.3814,1.3928,1.381,1.3846,18797143.5
2026-03-22T21:00:00,1.3846,1.3914,1.3777,1.3808,13214305.2
2026-03-22T22:00:00,1.3807,1.3902,1.3778,1.3899,12148880.5
2026-03-22T23:00:00,1.3899,1.3956,1.3873,1.3903,33266797.5
2026-03-23T00:00:00,1.3903,1.3903,1.367,1.371,34588909.1
2026-03-23T01:00:00,1.3709,1.3753,1.3612,1.3719,29007341.7
2026-03-23T02:00:00,1.372,1.3796,1.3666,1.3676,17423727.2
2026-03-23T03:00:00,1.3677,1.3708,1.3608,1.3686,14241483.2
2026-03-23T04:00:00,1.3686,1.38,1.3676,1.3715,19108056.3
2026-03-23T05:00:00,1.3716,1.4444,1.3716,1.4107,233838192.7
2026-03-23T06:00:00,1.4106,1.4264,1.4009,1.4242,59290344.2
2026-03-23T07:00:00,1.4243,1.4434,1.4203,1.4414,48489597.4
2026-03-23T08:00:00,1.4414,1.4561,1.4406,1.4547,40841758.0
2026-03-23T09:00:00,1.4547,1.4657,1.4299,1.4308,63543374.7
2026-03-23T10:00:00,1.4307,1.4422,1.4268,1.4334,39476763.4
2026-03-23T11:00:00,1.4333,1.4461,1.426,1.4436,26291318.6
2026-03-23T12:00:00,1.4436,1.4461,1.4361,1.441,13256557.2
2026-03-23T13:00:00,1.441,1.4449,1.4308,1.4339,16105165.0
2026-03-23T14:00:00,1.4339,1.4392,1.4302,1.4375,13308200.2
2026-03-23T15:00:00,1.4375,1.4395,1.434,1.4351,6901336.4
2026-03-23T16:00:00,1.435,1.4365,1.4249,1.4289,15719579.3
2026-03-23T17:00:00,1.4288,1.4336,1.4233,1.4316,11040886.8
2026-03-23T18:00:00,1.4316,1.4346,1.4153,1.4193,18747240.2
2026-03-23T19:00:00,1.4193,1.4227,1.4085,1.4127,17780592.2
2026-03-23T20:00:00,1.4127,1.4165,1.4073,1.4084,20416567.9
2026-03-23T21:00:00,1.4084,1.4153,1.4078,1.4137,8252020.9
2026-03-23T22:00:00,1.4138,1.4162,1.406,1.4081,10082411.9
2026-03-23T23:00:00,1.408,1.4148,1.4042,1.4133,13000473.9
2026-03-24T00:00:00,1.4132,1.4166,1.4095,1.4151,14418944.7
2026-03-24T01:00:00,1.4151,1.4318,1.4136,1.4305,24164356.3
2026-03-24T02:00:00,1.4305,1.4327,1.4141,1.4164,31169536.1
2026-03-24T03:00:00,1.4164,1.4234,1.4124,1.4225,18738803.0
2026-03-24T04:00:00,1.4225,1.4229,1.4158,1.4207,12048767.6
2026-03-24T05:00:00,1.4207,1.4256,1.4138,1.4224,20161098.2
2026-03-24T06:00:00,1.4224,1.4228,1.4133,1.4155,11754422.0
2026-03-24T07:00:00,1.4156,1.4171,1.3994,1.4018,39365485.8
2026-03-24T08:00:00,1.4018,1.4081,1.3945,1.4013,43586319.3
2026-03-24T09:00:00,1.4013,1.4078,1.3996,1.4,19883102.9
2026-03-24T10:00:00,1.4001,1.4032,1.3881,1.39,28969715.4
2026-03-24T11:00:00,1.39,1.393,1.3826,1.3873,20782242.2
2026-03-24T12:00:00,1.3873,1.3943,1.3863,1.388,16101099.7
2026-03-24T13:00:00,1.3879,1.3931,1.3866,1.3872,10876694.0
2026-03-24T14:00:00,1.3871,1.4121,1.3854,1.4089,38188310.2
2026-03-24T15:00:00,1.4089,1.4138,1.4044,1.4122,14238640.8
2026-03-24T16:00:00,1.4122,1.4137,1.407,1.4104,12067282.9
2026-03-24T17:00:00,1.4104,1.4174,1.4085,1.4151,14752058.8
2026-03-24T18:00:00,1.4151,1.4243,1.4113,1.4194,17489876.4
2026-03-24T19:00:00,1.4195,1.4218,1.4149,1.4162,12116637.5
2026-03-24T20:00:00,1.4163,1.4167,1.4097,1.4101,22274285.1
2026-03-24T21:00:00,1.4101,1.4143,1.4064,1.4128,10196131.6
2026-03-24T22:00:00,1.4128,1.417,1.4104,1.4155,6900103.8
2026-03-24T23:00:00,1.4156,1.423,1.4144,1.417,16181154.8
2026-03-25T00:00:00,1.4169,1.4224,1.4155,1.4174,14793984.0
2026-03-25T01:00:00,1.4173,1.4258,1.4163,1.4193,16183564.6
2026-03-25T02:00:00,1.4193,1.425,1.4171,1.4188,28079036.6
2026-03-25T03:00:00,1.4187,1.4208,1.412,1.4172,19728304.7
2026-03-25T04:00:00,1.4172,1.4233,1.416,1.4223,13373753.3
2026-03-25T05:00:00,1.4222,1.4372,1.4218,1.428,50490595.4
2026-03-25T06:00:00,1.428,1.4315,1.4128,1.4215,42313980.4
2026-03-25T07:00:00,1.4216,1.4289,1.4176,1.4199,18005390.6
2026-03-25T08:00:00,1.4199,1.4218,1.4141,1.4146,18044159.0
2026-03-25T09:00:00,1.4146,1.4163,1.401,1.4066,38640552.5
2026-03-25T10:00:00,1.4066,1.4208,1.404,1.4148,27829420.0
2026-03-25T11:00:00,1.4147,1.4167,1.4092,1.4106,10956307.3
2026-03-25T12:00:00,1.4106,1.4178,1.4088,1.412,9704001.0
2026-03-25T13:00:00,1.4119,1.4149,1.4078,1.4113,10572449.9
2026-03-25T14:00:00,1.4112,1.4147,1.409,1.4137,9507183.3
2026-03-25T15:00:00,1.4138,1.4168,1.4112,1.413,6817964.6
2026-03-25T16:00:00,1.413,1.4218,1.4116,1.4172,10679378.5
2026-03-25T17:00:00,1.4173,1.4192,1.4117,1.4138,8458350.4
2026-03-25T18:00:00,1.4137,1.4159,1.4101,1.4127,7546413.5
2026-03-25T19:00:00,1.4126,1.4146,1.4094,1.4102,13308706.2
2026-03-25T20:00:00,1.4102,1.4112,1.3983,1.4029,17930698.1
2026-03-25T21:00:00,1.4029,1.4029,1.3954,1.401,15445008.4
2026-03-25T22:00:00,1.401,1.4047,1.3968,1.4017,9828159.8
2026-03-25T23:00:00,1.4016,1.4023,1.387,1.388,21964501.6
2026-03-26T00:00:00,1.388,1.3922,1.3845,1.3849,24676926.7
2026-03-26T01:00:00,1.3849,1.3868,1.3786,1.3849,25654299.0
2026-03-26T02:00:00,1.3849,1.3858,1.3792,1.3814,17047422.1
2026-03-26T03:00:00,1.3814,1.3833,1.3669,1.3721,32623399.2
2026-03-26T04:00:00,1.372,1.3763,1.3685,1.3728,14879149.9
2026-03-26T05:00:00,1.3727,1.376,1.3681,1.3705,14304280.1
2026-03-26T06:00:00,1.3704,1.3749,1.369,1.3734,11546554.1
2026-03-26T07:00:00,1.3734,1.3821,1.3702,1.3777,24909372.0
2026-03-26T08:00:00,1.3777,1.3809,1.3641,1.3676,27626083.1
2026-03-26T09:00:00,1.3675,1.3679,1.3521,1.3598,45821960.1
2026-03-26T10:00:00,1.3599,1.3654,1.3592,1.36,20710386.7
2026-03-26T11:00:00,1.36,1.3637,1.35,1.3534,20024047.9
2026-03-26T12:00:00,1.3533,1.355,1.3349,1.3465,83369626.2
2026-03-26T13:00:00,1.3466,1.3509,1.3429,1.3431,17824772.1
2026-03-26T14:00:00,1.3431,1.3639,1.3431,1.3583,39008733.7
2026-03-26T15:00:00,1.3583,1.3699,1.357,1.3657,17274818.0
2026-03-26T16:00:00,1.3657,1.3679,1.357,1.3627,21115501.1
2026-03-26T17:00:00,1.3628,1.3644,1.3578,1.3599,9861290.6
2026-03-26T18:00:00,1.3599,1.3629,1.357,1.361,11516844.1
2026-03-26T19:00:00,1.361,1.3688,1.3595,1.3681,18529062.2
2026-03-26T20:00:00,1.3682,1.372,1.3659,1.3695,11254048.1
2026-03-26T21:00:00,1.3696,1.3702,1.3627,1.3634,7913565.5
2026-03-26T22:00:00,1.3633,1.3641,1.3551,1.3628,14643657.1
2026-03-26T23:00:00,1.3628,1.368,1.3597,1.3614,9762876.7
2026-03-27T00:00:00,1.3615,1.3635,1.3586,1.3591,8265363.1
2026-03-27T01:00:00,1.3592,1.364,1.3565,1.3582,15358834.8
2026-03-27T02:00:00,1.3582,1.3606,1.3432,1.3497,39547294.0
2026-03-27T03:00:00,1.3496,1.3501,1.3388,1.3456,19132628.5
2026-03-27T04:00:00,1.3455,1.3468,1.325,1.3323,56048651.1
2026-03-27T05:00:00,1.3323,1.3382,1.3288,1.3345,23727854.6
2026-03-27T06:00:00,1.3345,1.3347,1.3254,1.3319,42570715.9
2026-03-27T07:00:00,1.3319,1.3427,1.3271,1.3401,69685831.6
2026-03-27T08:00:00,1.3402,1.3438,1.3273,1.3316,40561832.6
2026-03-27T09:00:00,1.3316,1.3449,1.331,1.3347,67856380.0
2026-03-27T10:00:00,1.3348,1.3362,1.3288,1.3296,20958359.5
2026-03-27T11:00:00,1.3297,1.3366,1.3222,1.3229,22989824.3
2026-03-27T12:00:00,1.3229,1.3253,1.3173,1.3225,19065288.0
2026-03-27T13:00:00,1.3225,1.3288,1.3186,1.3242,16292074.3
2026-03-27T14:00:00,1.3241,1.3273,1.3212,1.3255,12094175.7
2026-03-27T15:00:00,1.3255,1.3318,1.3253,1.3276,10434630.1
2026-03-27T16:00:00,1.3276,1.3282,1.3213,1.3237,9228480.9
2026-03-27T17:00:00,1.3237,1.3254,1.3195,1.325,11150922.1
2026-03-27T18:00:00,1.325,1.3288,1.3238,1.3259,10771805.8
2026-03-27T19:00:00,1.3258,1.3271,1.3181,1.323,12103761.3
2026-03-27T20:00:00,1.323,1.3268,1.3208,1.3233,7843815.5
2026-03-27T21:00:00,1.3232,1.3278,1.3232,1.3265,6575771.4
2026-03-27T22:00:00,1.3264,1.33,1.3251,1.3299,9672115.2
2026-03-27T23:00:00,1.3299,1.3415,1.3277,1.3365,29298207.6
2026-03-28T00:00:00,1.3365,1.3389,1.3327,1.3349,10087291.9
2026-03-28T01:00:00,1.3349,1.3403,1.334,1.3402,7270118.4
2026-03-28T02:00:00,1.3403,1.3419,1.3366,1.3371,9701234.6
2026-03-28T03:00:00,1.3371,1.3378,1.3354,1.3365,7496714.9
2026-03-28T04:00:00,1.3365,1.3425,1.3339,1.337,10581507.1
2026-03-28T05:00:00,1.3371,1.3415,1.3365,1.3394,6231717.5
2026-03-28T06:00:00,1.3395,1.3408,1.3354,1.3378,8432458.0
2026-03-28T07:00:00,1.3377,1.3567,1.3371,1.3498,35715401.2
2026-03-28T08:00:00,1.3498,1.3519,1.3454,1.3471,13622022.7
2026-03-28T09:00:00,1.3471,1.3577,1.3457,1.3526,17148244.1
2026-03-28T10:00:00,1.3526,1.3538,1.3488,1.3492,9813132.1
2026-03-28T11:00:00,1.3491,1.3513,1.3435,1.3451,9931500.9
2026-03-28T12:00:00,1.345,1.3467,1.3442,1.3452,4911439.7
2026-03-28T13:00:00,1.3451,1.3458,1.341,1.3442,6423715.2
2026-03-28T14:00:00,1.3442,1.3475,1.3437,1.346,6532148.3
2026-03-28T15:00:00,1.3459,1.3461,1.3393,1.3407,8472522.0
2026-03-28T16:00:00,1.3407,1.3433,1.3378,1.3408,9062487.5
2026-03-28T17:00:00,1.3407,1.3408,1.3302,1.3327,16090991.3
2026-03-28T18:00:00,1.3327,1.335,1.3291,1.3319,11384676.6
2026-03-28T19:00:00,1.3318,1.3366,1.3317,1.3352,7897654.8
2026-03-28T20:00:00,1.3353,1.3384,1.3339,1.336,6068558.4
2026-03-28T21:00:00,1.336,1.3413,1.3348,1.3378,8340067.7
2026-03-28T22:00:00,1.3378,1.3378,1.334,1.3355,4987292.9
2026-03-28T23:00:00,1.3355,1.3355,1.3274,1.3327,19751416.1
2026-03-29T00:00:00,1.3327,1.3425,1.3327,1.3338,22716486.8
2026-03-29T01:00:00,1.3338,1.3362,1.3317,1.3333,11100636.0
2026-03-29T02:00:00,1.3333,1.3387,1.3312,1.3365,6484133.4
2026-03-29T03:00:00,1.3365,1.337,1.3332,1.3349,4827848.8
2026-03-29T04:00:00,1.3349,1.3349,1.3302,1.3329,7008648.8
2026-03-29T05:00:00,1.3329,1.3402,1.3324,1.3374,9973645.2
2026-03-29T06:00:00,1.3375,1.3376,1.3326,1.334,6268194.2
2026-03-29T07:00:00,1.3341,1.3343,1.3239,1.3259,17606528.1
2026-03-29T08:00:00,1.3258,1.3318,1.323,1.3252,10985808.8
2026-03-29T09:00:00,1.3252,1.3278,1.3201,1.3249,14619923.1
2026-03-29T10:00:00,1.3249,1.3286,1.3232,1.3243,7732549.5
2026-03-29T11:00:00,1.3242,1.3265,1.3178,1.3227,16252253.8
2026-03-29T12:00:00,1.3227,1.3254,1.3207,1.3227,8289215.2
2026-03-29T13:00:00,1.3227,1.323,1.3152,1.3171,15782787.1
2026-03-29T14:00:00,1.3172,1.3263,1.3167,1.3234,11259231.3
2026-03-29T15:00:00,1.3233,1.3279,1.3228,1.3268,7075254.7
2026-03-29T16:00:00,1.3268,1.3269,1.2937,1.3183,90348517.3
2026-03-29T17:00:00,1.3183,1.3319,1.3177,1.3271,34349982.8
2026-03-29T18:00:00,1.3271,1.3503,1.3236,1.3304,37349755.2
2026-03-29T19:00:00,1.3305,1.3417,1.3304,1.3395,12799044.0
2026-03-29T20:00:00,1.3394,1.355,1.3384,1.3476,22079899.9
2026-03-29T21:00:00,1.3477,1.3548,1.3447,1.3513,13437325.6
2026-03-29T22:00:00,1.3513,1.3608,1.3497,1.3503,24854253.1
2026-03-29T23:00:00,1.3502,1.3569,1.3463,1.3514,29116477.0
2026-03-30T00:00:00,1.3514,1.3565,1.3499,1.3502,8751058.7
2026-03-30T01:00:00,1.3502,1.359,1.35,1.3577,13000729.3
2026-03-30T02:00:00,1.3577,1.3663,1.3563,1.3607,18766243.1
2026-03-30T03:00:00,1.3607,1.361,1.3493,1.3495,16596553.2
2026-03-30T04:00:00,1.3494,1.3496,1.3441,1.3475,14217476.1
2026-03-30T05:00:00,1.3475,1.3597,1.3471,1.3496,23239033.5
2026-03-30T06:00:00,1.3495,1.3555,1.3492,1.3507,12377218.1
2026-03-30T07:00:00,1.3507,1.3558,1.3434,1.3453,19106059.8
2026-03-30T08:00:00,1.3452,1.3489,1.3344,1.3474,34097444.4
2026-03-30T09:00:00,1.3473,1.3499,1.3383,1.3446,17686104.1
2026-03-30T10:00:00,1.3447,1.3449,1.3371,1.3413,11166309.9
2026-03-30T11:00:00,1.3412,1.3447,1.3313,1.3335,18190245.6
2026-03-30T12:00:00,1.3335,1.3352,1.3236,1.3246,20736129.5
2026-03-30T13:00:00,1.3246,1.3258,1.3156,1.3221,24912216.7
2026-03-30T14:00:00,1.3221,1.327,1.3205,1.3266,11202184.3
2026-03-30T15:00:00,1.3266,1.3338,1.3238,1.3299,15170149.1
2026-03-30T16:00:00,1.3299,1.3324,1.3262,1.3279,7236404.1
2026-03-30T17:00:00,1.3279,1.328,1.3192,1.3235,12579715.0
2026-03-30T18:00:00,1.3235,1.3287,1.3184,1.3249,19836668.1
2026-03-30T19:00:00,1.325,1.3475,1.3227,1.3384,29320557.5
2026-03-30T20:00:00,1.3384,1.3401,1.3346,1.3359,10395323.0
2026-03-30T21:00:00,1.3359,1.336,1.3248,1.3252,12706346.9
2026-03-30T22:00:00,1.3251,1.3266,1.3196,1.323,23991742.4
2026-03-30T23:00:00,1.3231,1.329,1.3191,1.3215,19523435.0
2026-03-31T00:00:00,1.3215,1.3283,1.3135,1.3231,34339571.6
2026-03-31T01:00:00,1.3232,1.3249,1.3131,1.3187,25135780.8
2026-03-31T02:00:00,1.3186,1.3229,1.3088,1.3131,21916213.1
2026-03-31T03:00:00,1.313,1.3159,1.3028,1.3064,31311814.1
2026-03-31T04:00:00,1.3064,1.3131,1.306,1.3101,14008126.4
2026-03-31T05:00:00,1.3101,1.3174,1.3066,1.314,19895749.8
2026-03-31T06:00:00,1.314,1.3205,1.313,1.3146,12311943.8
2026-03-31T07:00:00,1.3146,1.3277,1.3138,1.3257,21634156.8
2026-03-31T08:00:00,1.3258,1.3382,1.3106,1.3139,46489367.3
2026-03-31T09:00:00,1.3138,1.3279,1.3133,1.3146,22974557.9
2026-03-31T10:00:00,1.3145,1.337,1.3136,1.3298,28970630.3
2026-03-31T11:00:00,1.3299,1.3447,1.3272,1.3304,37289661.4
2026-03-31T12:00:00,1.3303,1.342,1.3303,1.3398,13406890.1
2026-03-31T13:00:00,1.3398,1.3463,1.3397,1.3443,14767853.0
2026-03-31T14:00:00,1.3444,1.3496,1.3413,1.3439,14882657.5
2026-03-31T15:00:00,1.3438,1.3444,1.3373,1.3403,9776451.0
2026-03-31T16:00:00,1.3404,1.3414,1.3319,1.335,11303767.7
2026-03-31T17:00:00,1.335,1.3417,1.334,1.3404,8121096.8
2026-03-31T18:00:00,1.3404,1.3454,1.3374,1.3445,11698195.1
2026-03-31T19:00:00,1.3446,1.3453,1.3332,1.3344,11569261.0
2026-03-31T20:00:00,1.3343,1.3373,1.3305,1.334,8030386.3
2026-03-31T21:00:00,1.3339,1.3509,1.3339,1.3475,21361836.5
2026-03-31T22:00:00,1.3474,1.3487,1.3378,1.3386,12761376.4
2026-03-31T23:00:00,1.3385,1.349,1.3354,1.3457,30352831.0
2026-04-01T00:00:00,1.3457,1.3628,1.3456,1.3616,30174392.4
2026-04-01T01:00:00,1.3617,1.367,1.3556,1.356,21555679.4
2026-04-01T02:00:00,1.356,1.358,1.3514,1.3521,17717998.3
2026-04-01T03:00:00,1.352,1.3534,1.3485,1.3508,12270289.7
2026-04-01T04:00:00,1.3508,1.3546,1.3484,1.352,10156884.8
2026-04-01T05:00:00,1.3521,1.3551,1.35,1.3536,8129238.7
2026-04-01T06:00:00,1.3536,1.3603,1.3486,1.3534,25297718.5
2026-04-01T07:00:00,1.3533,1.3571,1.3441,1.3463,22866938.2
2026-04-01T08:00:00,1.3462,1.3577,1.3454,1.3553,18108259.7
2026-04-01T09:00:00,1.3553,1.3571,1.3498,1.3569,10576514.2
2026-04-01T10:00:00,1.3569,1.3616,1.3511,1.3581,16378815.7
2026-04-01T11:00:00,1.3582,1.3679,1.3503,1.3514,22481976.5
2026-04-01T12:00:00,1.3513,1.3522,1.3455,1.3469,15349828.2
2026-04-01T13:00:00,1.3468,1.3535,1.3466,1.3499,9507266.3
2026-04-01T14:00:00,1.3499,1.3515,1.3414,1.3478,13575947.9
2026-04-01T15:00:00,1.3478,1.3564,1.3476,1.3544,12003112.2
2026-04-01T16:00:00,1.3544,1.355,1.3461,1.3481,8266870.3
2026-04-01T17:00:00,1.3481,1.3509,1.3458,1.3471,5351622.1
2026-04-01T18:00:00,1.3471,1.3562,1.3464,1.3562,12310117.0
2026-04-01T19:00:00,1.3562,1.3563,1.3213,1.3275,65028026.0
2026-04-01T20:00:00,1.3274,1.3293,1.3161,1.3176,35166541.3
2026-04-01T21:00:00,1.3176,1.3176,1.3055,1.312,34692164.6
2026-04-01T22:00:00,1.3119,1.3196,1.304,1.3071,37747684.6
2026-04-01T23:00:00,1.3071,1.3152,1.3062,1.3143,17574704.6
2026-04-02T00:00:00,1.3142,1.3179,1.3115,1.3149,12153247.7
2026-04-02T01:00:00,1.3149,1.3177,1.3121,1.3167,9788527.1
2026-04-02T02:00:00,1.3167,1.3167,1.3103,1.3112,12838401.6
2026-04-02T03:00:00,1.3111,1.3123,1.3068,1.3111,11525287.3
2026-04-02T04:00:00,1.3111,1.3114,1.3066,1.3074,14431579.1
2026-04-02T05:00:00,1.3075,1.3083,1.2977,1.2991,31417639.9
2026-04-02T06:00:00,1.299,1.2998,1.2889,1.2899,32229272.4
2026-04-02T07:00:00,1.2898,1.2928,1.2791,1.2878,55804253.3
2026-04-02T08:00:00,1.2878,1.3026,1.2813,1.2988,66433740.3
2026-04-02T09:00:00,1.2989,1.301,1.2899,1.299,23389522.4
2026-04-02T10:00:00,1.299,1.3082,1.2941,1.3035,24312957.2
2026-04-02T11:00:00,1.3036,1.3106,1.2973,1.298,20399980.0
2026-04-02T12:00:00,1.298,1.3082,1.2967,1.3061,12549110.5
2026-04-02T13:00:00,1.3061,1.3093,1.3006,1.3074,14057527.5
2026-04-02T14:00:00,1.3073,1.3218,1.3042,1.3172,23721146.2
2026-04-02T15:00:00,1.3173,1.3191,1.3118,1.3149,9446807.7
2026-04-02T16:00:00,1.3149,1.318,1.3115,1.317,8496387.1
2026-04-02T17:00:00,1.3171,1.3203,1.3149,1.3192,11020832.4
2026-04-02T18:00:00,1.3192,1.3231,1.3136,1.3151,17156472.5
2026-04-02T19:00:00,1.315,1.3199,1.3118,1.313,13845088.5
2026-04-02T20:00:00,1.313,1.3166,1.3026,1.3069,23228501.4
2026-04-02T21:00:00,1.307,1.3213,1.3064,1.321,19581919.4
2026-04-02T22:00:00,1.321,1.3228,1.3137,1.3193,18179787.1
2026-04-02T23:00:00,1.3192,1.3256,1.3152,1.3178,10825265.5
2026-04-03T00:00:00,1.3178,1.3201,1.3145,1.3187,9156360.5
2026-04-03T01:00:00,1.3188,1.3235,1.3161,1.318,8820109.5
2026-04-03T02:00:00,1.3181,1.321,1.3159,1.3171,10034660.5
2026-04-03T03:00:00,1.3171,1.3171,1.3103,1.3109,10939585.3
2026-04-03T04:00:00,1.311,1.3168,1.3086,1.3151,17297039.2
2026-04-03T05:00:00,1.3151,1.3239,1.3142,1.3197,22122919.7
2026-04-03T06:00:00,1.3197,1.3356,1.3176,1.3193,38724128.0
2026-04-03T07:00:00,1.3193,1.3199,1.3138,1.317,12713261.3
2026-04-03T08:00:00,1.3169,1.3204,1.3142,1.3183,9135878.3
2026-04-03T09:00:00,1.3184,1.3226,1.3175,1.3178,8564266.5
2026-04-03T10:00:00,1.3178,1.3247,1.3178,1.3238,12196981.6
2026-04-03T11:00:00,1.3239,1.3246,1.3184,1.3205,7747013.5
2026-04-03T12:00:00,1.3205,1.3218,1.3168,1.3175,6368572.3
2026-04-03T13:00:00,1.3175,1.318,1.3127,1.3171,8397573.9
2026-04-03T14:00:00,1.3171,1.3186,1.3155,1.316,4234824.4
2026-04-03T15:00:00,1.3159,1.319,1.3123,1.3176,10471185.7
2026-04-03T16:00:00,1.3175,1.3217,1.315,1.316,12579583.1
2026-04-03T17:00:00,1.3159,1.3181,1.3116,1.3177,13128709.4
2026-04-03T18:00:00,1.3176,1.3185,1.3152,1.3154,5558244.0
2026-04-03T19:00:00,1.3154,1.3169,1.3136,1.3142,5601275.4
2026-04-03T20:00:00,1.3141,1.3145,1.3126,1.314,4609647.5
2026-04-03T21:00:00,1.314,1.3162,1.3137,1.3153,4956688.7
2026-04-03T22:00:00,1.3152,1.3178,1.3146,1.3157,4790089.5
2026-04-03T23:00:00,1.3157,1.3179,1.3147,1.3164,4902933.8
2026-04-04T00:00:00,1.3164,1.32,1.3155,1.3191,6833457.0
2026-04-04T01:00:00,1.319,1.3194,1.3144,1.3152,6101850.9
2026-04-04T02:00:00,1.3153,1.3158,1.3128,1.3133,6689741.3
2026-04-04T03:00:00,1.3133,1.3136,1.3117,1.3118,6518203.2
2026-04-04T04:00:00,1.3118,1.3139,1.3059,1.3133,22382133.2
2026-04-04T05:00:00,1.3133,1.3158,1.3101,1.3113,17172710.3
2026-04-04T06:00:00,1.3113,1.3113,1.3082,1.3096,7262354.0
2026-04-04T07:00:00,1.3097,1.3108,1.3073,1.3085,8905917.2
2026-04-04T08:00:00,1.3085,1.312,1.3056,1.3116,9909344.4
2026-04-04T09:00:00,1.3117,1.3161,1.3105,1.3119,13986415.6
2026-04-04T10:00:00,1.312,1.3151,1.3097,1.3114,10098725.1
2026-04-04T11:00:00,1.3114,1.3154,1.311,1.3137,5632079.7
2026-04-04T12:00:00,1.3137,1.3151,1.3123,1.3127,4529962.4
2026-04-04T13:00:00,1.3126,1.322,1.3124,1.3168,14341038.2
2026-04-04T14:00:00,1.3169,1.3175,1.3147,1.3159,4654274.7
2026-04-04T15:00:00,1.3159,1.3181,1.3133,1.3163,6251834.0
2026-04-04T16:00:00,1.3163,1.318,1.3154,1.316,5279542.5
2026-04-04T17:00:00,1.3159,1.3159,1.3126,1.3145,5711823.9
2026-04-04T18:00:00,1.3145,1.3147,1.3107,1.3117,6783274.8
2026-04-04T19:00:00,1.3116,1.3134,1.3107,1.3121,4924099.6
2026-04-04T20:00:00,1.3121,1.319,1.3092,1.3161,11492106.8
2026-04-04T21:00:00,1.316,1.3165,1.3124,1.3125,3569960.4
2026-04-04T22:00:00,1.3124,1.3151,1.3083,1.31,17015258.5
2026-04-04T23:00:00,1.3101,1.3115,1.2989,1.2998,26049180.8
2026-04-05T00:00:00,1.2998,1.3024,1.2945,1.3006,30688050.3
2026-04-05T01:00:00,1.3005,1.3027,1.2954,1.2969,21409824.4
2026-04-05T02:00:00,1.2969,1.2991,1.296,1.2983,10177667.8
2026-04-05T03:00:00,1.2983,1.301,1.2978,1.2999,8246314.3
2026-04-05T04:00:00,1.2999,1.3033,1.2972,1.2979,7583497.6
2026-04-05T05:00:00,1.2979,1.2999,1.2966,1.2979,7388217.6
2026-04-05T06:00:00,1.2979,1.2979,1.277,1.2815,58822314.1
2026-04-05T07:00:00,1.2815,1.2917,1.2791,1.2881,31948373.0
2026-04-05T08:00:00,1.2882,1.29,1.2844,1.2854,11001408.1
2026-04-05T09:00:00,1.2855,1.3057,1.2826,1.2957,42311559.9
2026-04-05T10:00:00,1.2957,1.3014,1.2957,1.2969,12740896.3
2026-04-05T11:00:00,1.297,1.3023,1.2959,1.3015,11657551.6
2026-04-05T12:00:00,1.3015,1.3039,1.298,1.3021,8993199.7
2026-04-05T13:00:00,1.3021,1.3069,1.2984,1.2997,11497568.1
2026-04-05T14:00:00,1.2997,1.3046,1.2989,1.3036,9814748.6
2026-04-05T15:00:00,1.3036,1.3038,1.2976,1.3001,8690913.6
2026-04-05T16:00:00,1.3001,1.3126,1.2963,1.3117,28953995.0
2026-04-05T17:00:00,1.3117,1.3318,1.3107,1.3259,55381185.6
2026-04-05T18:00:00,1.3259,1.3394,1.3259,1.331,45441056.3
2026-04-05T19:00:00,1.331,1.3331,1.3253,1.3291,22827021.9
2026-04-05T20:00:00,1.329,1.3486,1.3286,1.3398,33620578.4
2026-04-05T21:00:00,1.3398,1.3417,1.3356,1.3378,19193737.2
2026-04-05T22:00:00,1.3379,1.3419,1.3356,1.3393,15149393.7
2026-04-05T23:00:00,1.3392,1.3403,1.3359,1.3396,10897839.9
2026-04-06T00:00:00,1.3396,1.3463,1.3378,1.3408,22668828.2
2026-04-06T01:00:00,1.3408,1.3455,1.3368,1.3437,26106921.5
2026-04-06T02:00:00,1.3437,1.346,1.3381,1.3384,18407790.8
2026-04-06T03:00:00,1.3383,1.357,1.3372,1.352,32776326.2
2026-04-06T04:00:00,1.3521,1.3562,1.351,1.3524,17432908.2
2026-04-06T05:00:00,1.3523,1.3527,1.3474,1.3492,15576596.3
2026-04-06T06:00:00,1.3492,1.3502,1.3417,1.3428,19729966.7
2026-04-06T07:00:00,1.3428,1.3475,1.3413,1.3465,14707978.3
2026-04-06T08:00:00,1.3465,1.3527,1.3398,1.347,26105194.7
2026-04-06T09:00:00,1.3471,1.3503,1.3438,1.3498,16095258.4
2026-04-06T10:00:00,1.3498,1.353,1.3416,1.3428,17872612.2
2026-04-06T11:00:00,1.3427,1.3433,1.3342,1.3387,24020342.2
2026-04-06T12:00:00,1.3387,1.342,1.3363,1.3405,9481139.4
2026-04-06T13:00:00,1.3405,1.343,1.3369,1.3409,8711366.1
2026-04-06T14:00:00,1.341,1.3432,1.3394,1.3406,6679529.9
2026-04-06T15:00:00,1.3406,1.3406,1.3343,1.335,8558895.2
2026-04-06T16:00:00,1.335,1.335,1.3177,1.3178,22775779.1
2026-04-06T17:00:00,1.3178,1.3221,1.3111,1.3202,31136225.2
2026-04-06T18:00:00,1.3203,1.3251,1.3189,1.3207,12477833.8
2026-04-06T19:00:00,1.3207,1.3239,1.3135,1.3139,12020276.3
2026-04-06T20:00:00,1.3138,1.3188,1.3117,1.3164,11704840.7
2026-04-06T21:00:00,1.3164,1.3179,1.314,1.3162,6713612.6
2026-04-06T22:00:00,1.3163,1.3198,1.3123,1.3175,11771610.1
2026-04-06T23:00:00,1.3175,1.3183,1.3085,1.3106,19841566.2
2026-04-07T00:00:00,1.3106,1.3115,1.3047,1.3107,19748251.1
2026-04-07T01:00:00,1.3108,1.3156,1.31,1.3119,14495749.8
2026-04-07T02:00:00,1.312,1.3226,1.3101,1.319,28673910.6
2026-04-07T03:00:00,1.319,1.3241,1.3173,1.3194,15511492.9
2026-04-07T04:00:00,1.3193,1.3209,1.3051,1.3065,21414883.0
2026-04-07T05:00:00,1.3065,1.3086,1.3021,1.3054,17316614.0
2026-04-07T06:00:00,1.3053,1.3117,1.3002,1.3078,24555501.2
2026-04-07T07:00:00,1.3079,1.3127,1.3039,1.3041,15211809.5
2026-04-07T08:00:00,1.3041,1.3046,1.2957,1.2957,24530561.3
2026-04-07T09:00:00,1.2957,1.3017,1.294,1.2967,17257861.8
2026-04-07T10:00:00,1.2968,1.3026,1.2946,1.2999,16692385.0
2026-04-07T11:00:00,1.3,1.3143,1.2985,1.3078,19046297.3
2026-04-07T12:00:00,1.3078,1.3091,1.2992,1.3014,12325191.6
2026-04-07T13:00:00,1.3013,1.3157,1.3007,1.3136,25212262.2
2026-04-07T14:00:00,1.3136,1.3215,1.3131,1.3175,20460743.6
2026-04-07T15:00:00,1.3175,1.3399,1.3173,1.3377,42882741.5
2026-04-07T16:00:00,1.3376,1.3733,1.3357,1.3728,88277818.7
2026-04-07T17:00:00,1.3729,1.3959,1.3664,1.378,81862782.5
2026-04-07T18:00:00,1.3781,1.3831,1.3593,1.366,47585463.6
2026-04-07T19:00:00,1.366,1.3727,1.3629,1.3693,17338231.3
2026-04-07T20:00:00,1.3694,1.3755,1.3675,1.3739,12600733.6
2026-04-07T21:00:00,1.374,1.3769,1.3682,1.3697,18563023.7
2026-04-07T22:00:00,1.3697,1.3775,1.3686,1.3756,20058866.5
2026-04-07T23:00:00,1.3755,1.3873,1.3755,1.3842,18071278.9
2026-04-08T00:00:00,1.3842,1.3864,1.3791,1.3795,12755428.6
2026-04-08T01:00:00,1.3796,1.3841,1.3771,1.3794,10002379.7
2026-04-08T02:00:00,1.3793,1.3835,1.3774,1.3808,9663544.9
2026-04-08T03:00:00,1.3808,1.3879,1.3766,1.3805,23804023.4
2026-04-08T04:00:00,1.3804,1.3844,1.3781,1.3832,14809368.6
2026-04-08T05:00:00,1.3831,1.3848,1.3711,1.3776,23157005.9
2026-04-08T06:00:00,1.3776,1.3832,1.374,1.3794,28089761.5
2026-04-08T07:00:00,1.3794,1.3894,1.373,1.3736,34366908.2
2026-04-08T08:00:00,1.3735,1.3745,1.345,1.3496,63576628.8
2026-04-08T09:00:00,1.3495,1.3562,1.3482,1.3543,25357756.2
2026-04-08T10:00:00,1.3543,1.3593,1.3515,1.3564,19666621.7
2026-04-08T11:00:00,1.3565,1.3632,1.354,1.3615,14054449.8
2026-04-08T12:00:00,1.3616,1.3618,1.3467,1.3477,18239883.2
2026-04-08T13:00:00,1.3476,1.3516,1.3437,1.3512,17486812.9
2026-04-08T14:00:00,1.3512,1.353,1.3456,1.3479,8626700.4
2026-04-08T15:00:00,1.348,1.3567,1.3471,1.3523,9276876.4
2026-04-08T16:00:00,1.3524,1.3526,1.3438,1.344,12227843.9
2026-04-08T17:00:00,1.3439,1.3454,1.338,1.3419,21194321.3
2026-04-08T18:00:00,1.342,1.3424,1.3335,1.3389,20193136.4
2026-04-08T19:00:00,1.3389,1.3398,1.3258,1.3337,39890515.2
2026-04-08T20:00:00,1.3337,1.3359,1.3311,1.3334,10931029.5
2026-04-08T21:00:00,1.3335,1.3362,1.3289,1.3304,19888313.9
2026-04-08T22:00:00,1.3305,1.332,1.3267,1.3309,12853917.9
2026-04-08T23:00:00,1.3308,1.335,1.3301,1.3323,16127298.5
2026-04-09T00:00:00,1.3324,1.3348,1.3251,1.3322,15616580.3
2026-04-09T01:00:00,1.3323,1.3333,1.3295,1.3311,7074685.4
2026-04-09T02:00:00,1.3312,1.3358,1.3297,1.3342,14657690.1
2026-04-09T03:00:00,1.3343,1.3381,1.3328,1.3372,11816676.8
2026-04-09T04:00:00,1.3371,1.3378,1.332,1.3321,9617769.2
2026-04-09T05:00:00,1.3321,1.3347,1.3244,1.3288,36511867.2
2026-04-09T06:00:00,1.3289,1.3324,1.3254,1.3306,15318682.2
2026-04-09T07:00:00,1.3306,1.3322,1.3255,1.3288,14541602.1
2026-04-09T08:00:00,1.3287,1.3333,1.3209,1.3319,25771405.7
2026-04-09T09:00:00,1.332,1.3547,1.3293,1.3515,40519550.7
2026-04-09T10:00:00,1.3516,1.3589,1.3454,1.3516,28314048.7
2026-04-09T11:00:00,1.3516,1.3596,1.351,1.358,17713717.8
2026-04-09T12:00:00,1.3579,1.3588,1.3496,1.3545,19303336.5
2026-04-09T13:00:00,1.3546,1.3601,1.3511,1.3552,18555629.2
2026-04-09T14:00:00,1.3552,1.3587,1.3527,1.356,12845816.5
2026-04-09T15:00:00,1.3561,1.3608,1.3504,1.3529,12611175.2
2026-04-09T16:00:00,1.3529,1.3692,1.3508,1.3516,28119320.5
2026-04-09T17:00:00,1.3516,1.3524,1.341,1.343,23588754.0
2026-04-09T18:00:00,1.343,1.3473,1.34,1.3442,14283106.6
2026-04-09T19:00:00,1.3442,1.3498,1.3395,1.3428,16234658.8
2026-04-09T20:00:00,1.3428,1.3464,1.341,1.3428,6644027.5
2026-04-09T21:00:00,1.3429,1.3454,1.34,1.3406,12081399.2
2026-04-09T22:00:00,1.3407,1.3487,1.3406,1.3456,6689212.3
2026-04-09T23:00:00,1.3457,1.3481,1.342,1.3429,8967864.8
2026-04-10T00:00:00,1.3429,1.3462,1.3383,1.3414,10500822.7
2026-04-10T01:00:00,1.3414,1.3423,1.334,1.3365,12494083.1
2026-04-10T02:00:00,1.3366,1.3461,1.3342,1.3387,21405967.6
2026-04-10T03:00:00,1.3387,1.3422,1.3348,1.3381,18716275.3
2026-04-10T04:00:00,1.3381,1.3398,1.3351,1.3366,12376143.9
2026-04-10T05:00:00,1.3366,1.3432,1.3362,1.3407,9888461.7
2026-04-10T06:00:00,1.3408,1.3466,1.3388,1.3424,23157385.6
2026-04-10T07:00:00,1.3424,1.3446,1.3368,1.3436,10640571.0
2026-04-10T08:00:00,1.3436,1.3577,1.3422,1.3573,32568148.6
2026-04-10T09:00:00,1.3572,1.3602,1.3449,1.3473,31381087.7
2026-04-10T10:00:00,1.3474,1.3532,1.3466,1.3507,15582353.3
2026-04-10T11:00:00,1.3508,1.3553,1.3478,1.3547,8517121.4
2026-04-10T12:00:00,1.3547,1.3596,1.3525,1.3592,11777453.9
2026-04-10T13:00:00,1.3592,1.3628,1.3577,1.3624,15396834.0
2026-04-10T14:00:00,1.3624,1.3655,1.3591,1.3636,17769619.1
2026-04-10T15:00:00,1.3635,1.3638,1.3566,1.3599,8544391.9
2026-04-10T16:00:00,1.3599,1.3606,1.354,1.3556,9094683.2
2026-04-10T17:00:00,1.3556,1.3563,1.3536,1.3551,3680688.0
2026-04-10T18:00:00,1.3551,1.3558,1.3523,1.3537,6539243.3
2026-04-10T19:00:00,1.3536,1.3536,1.3492,1.3524,11144749.1
2026-04-10T20:00:00,1.3524,1.3567,1.3519,1.3544,5520271.5
2026-04-10T21:00:00,1.3544,1.3565,1.3496,1.3498,7000636.5
2026-04-10T22:00:00,1.3498,1.3515,1.3471,1.3501,8472835.7
2026-04-10T23:00:00,1.3501,1.3506,1.3453,1.3469,7360127.0
2026-04-11T00:00:00,1.3469,1.347,1.3431,1.3455,10973559.8
2026-04-11T01:00:00,1.3456,1.3472,1.3448,1.3457,5276107.4
2026-04-11T02:00:00,1.3458,1.3479,1.3439,1.3446,11919164.2
2026-04-11T03:00:00,1.3446,1.3482,1.3413,1.347,16994615.3
2026-04-11T04:00:00,1.347,1.3473,1.3448,1.3462,6298340.0
2026-04-11T05:00:00,1.3463,1.3488,1.3434,1.3448,12083480.2
2026-04-11T06:00:00,1.3449,1.3457,1.3415,1.3436,12740342.6
2026-04-11T07:00:00,1.3436,1.3443,1.3392,1.3441,13075301.4
2026-04-11T08:00:00,1.3442,1.3482,1.3409,1.3415,14409297.6
2026-04-11T09:00:00,1.3416,1.3459,1.3387,1.3451,16783758.8
2026-04-11T10:00:00,1.3452,1.358,1.3448,1.3538,17344588.6
2026-04-11T11:00:00,1.3538,1.357,1.3501,1.3523,10990210.0
2026-04-11T12:00:00,1.3523,1.3669,1.3506,1.3636,25416454.9
2026-04-11T13:00:00,1.3637,1.3749,1.3625,1.3707,24263762.1
2026-04-11T14:00:00,1.3707,1.3724,1.3571,1.3609,23971843.1
2026-04-11T15:00:00,1.3608,1.3652,1.3588,1.3617,7366181.4
2026-04-11T16:00:00,1.3616,1.3692,1.3592,1.3609,12563915.9
2026-04-11T17:00:00,1.3609,1.3609,1.3503,1.3539,14961184.4
2026-04-11T18:00:00,1.354,1.3542,1.3507,1.3531,9247549.1
2026-04-11T19:00:00,1.353,1.3552,1.3248,1.3286,53454938.9
2026-04-11T20:00:00,1.3285,1.3367,1.324,1.3337,26421080.3
2026-04-11T21:00:00,1.3337,1.3357,1.329,1.3292,15227567.4
2026-04-11T22:00:00,1.3291,1.33,1.326,1.327,12760234.7
2026-04-11T23:00:00,1.3271,1.3304,1.326,1.3296,9710296.2
2026-04-12T00:00:00,1.3297,1.3316,1.3279,1.3287,8125709.5
2026-04-12T01:00:00,1.3287,1.3301,1.3266,1.3287,6749371.6
2026-04-12T02:00:00,1.3287,1.3311,1.3269,1.3278,7747173.0
2026-04-12T03:00:00,1.3279,1.3312,1.3255,1.3296,11485825.3
2026-04-12T04:00:00,1.3296,1.332,1.3283,1.3296,8361897.4
2026-04-12T05:00:00,1.3297,1.3331,1.329,1.332,10487932.0
2026-04-12T06:00:00,1.3319,1.3338,1.3265,1.3303,15118810.4
2026-04-12T07:00:00,1.3302,1.332,1.3219,1.3226,26416801.8
2026-04-12T08:00:00,1.3226,1.3268,1.3204,1.3214,22505590.0
2026-04-12T09:00:00,1.3214,1.3246,1.3181,1.3231,11003956.3
2026-04-12T10:00:00,1.323,1.3274,1.3225,1.3273,6190188.5
2026-04-12T11:00:00,1.3272,1.333,1.3262,1.3319,8480483.9
2026-04-12T12:00:00,1.3319,1.3333,1.3288,1.3301,12331074.4
2026-04-12T13:00:00,1.3301,1.3311,1.3289,1.3302,5457320.9
2026-04-12T14:00:00,1.3302,1.3388,1.3286,1.3359,14930273.7
2026-04-12T15:00:00,1.3358,1.3384,1.3329,1.3357,10096258.3
2026-04-12T16:00:00,1.3356,1.3356,1.3222,1.3274,23508744.8
2026-04-12T17:00:00,1.3273,1.3273,1.3216,1.3239,12313973.5
2026-04-12T18:00:00,1.324,1.3329,1.3225,1.3311,16533433.0
2026-04-12T19:00:00,1.3311,1.3324,1.3258,1.3316,11839447.0
2026-04-12T20:00:00,1.3316,1.3326,1.3236,1.3248,12060155.5
2026-04-12T21:00:00,1.3249,1.3282,1.3234,1.3245,7465436.4
2026-04-12T22:00:00,1.3246,1.3266,1.3186,1.3221,14779383.1
2026-04-12T23:00:00,1.3221,1.3314,1.321,1.3309,18250580.0
2026-04-13T00:00:00,1.3309,1.3365,1.3305,1.334,23713317.8
2026-04-13T01:00:00,1.334,1.3349,1.3246,1.3248,13367669.8
2026-04-13T02:00:00,1.3248,1.3279,1.3221,1.325,16292659.1
2026-04-13T03:00:00,1.3251,1.33,1.3237,1.3258,16423576.5
2026-04-13T04:00:00,1.3259,1.3262,1.3229,1.3245,6289132.0
2026-04-13T05:00:00,1.3246,1.3274,1.3239,1.3249,5872031.5
2026-04-13T06:00:00,1.325,1.3331,1.3226,1.3313,14011116.0
2026-04-13T07:00:00,1.3314,1.3406,1.3267,1.339,33207065.6
2026-04-13T08:00:00,1.3391,1.3464,1.331,1.3453,30696658.3
2026-04-13T09:00:00,1.3452,1.3458,1.3305,1.3338,20282624.2
2026-04-13T10:00:00,1.3339,1.3418,1.3284,1.339,23483047.4
2026-04-13T11:00:00,1.339,1.3449,1.3365,1.3373,15934007.7
2026-04-13T12:00:00,1.3373,1.3401,1.3336,1.3398,11580161.6
2026-04-13T13:00:00,1.3397,1.3551,1.3385,1.3527,31632346.1
2026-04-13T14:00:00,1.3526,1.3548,1.3455,1.3462,21920223.8
2026-04-13T15:00:00,1.3463,1.3528,1.3431,1.3503,10829686.0
2026-04-13T16:00:00,1.3502,1.3766,1.3494,1.3741,67653181.7
2026-04-13T17:00:00,1.3742,1.3841,1.3702,1.3752,41526057.8
2026-04-13T18:00:00,1.3752,1.377,1.3603,1.3615,31707082.2
2026-04-13T19:00:00,1.3615,1.3676,1.359,1.3659,15311677.2
2026-04-13T20:00:00,1.3659,1.3703,1.364,1.3677,12677371.2
2026-04-13T21:00:00,1.3677,1.3678,1.3649,1.3667,7108337.4
2026-04-13T22:00:00,1.3667,1.3677,1.3598,1.3629,14142515.9
2026-04-13T23:00:00,1.3628,1.3648,1.3606,1.3617,9476491.9
2026-04-14T00:00:00,1.3617,1.3724,1.3616,1.3707,17343608.7
2026-04-14T01:00:00,1.3707,1.3767,1.3667,1.3678,25346735.0
2026-04-14T02:00:00,1.3678,1.375,1.366,1.3727,14076781.6
2026-04-14T03:00:00,1.3728,1.3753,1.3705,1.3727,8889507.3
2026-04-14T04:00:00,1.3727,1.3727,1.3683,1.3696,7889822.4
2026-04-14T05:00:00,1.3696,1.3739,1.3672,1.3685,12530813.3
2026-04-14T06:00:00,1.3685,1.3708,1.3643,1.3663,16713804.7
2026-04-14T07:00:00,1.3664,1.3933,1.3663,1.3923,54042084.3
2026-04-14T08:00:00,1.3922,1.395,1.3711,1.3711,55322343.7
2026-04-14T09:00:00,1.3711,1.3787,1.3666,1.3738,32020419.0
2026-04-14T10:00:00,1.3737,1.3804,1.3654,1.3677,20399720.3
2026-04-14T11:00:00,1.3677,1.3736,1.3643,1.3681,14543595.1
2026-04-14T12:00:00,1.3682,1.3701,1.3515,1.354,26976344.3
2026-04-14T13:00:00,1.3539,1.3603,1.3517,1.3602,16471881.8
2026-04-14T14:00:00,1.3602,1.361,1.3543,1.3561,9701675.9
2026-04-14T15:00:00,1.3562,1.3616,1.3553,1.3594,7217415.7
2026-04-14T16:00:00,1.3593,1.3648,1.3548,1.3576,20559306.6
2026-04-14T17:00:00,1.3576,1.3652,1.3564,1.3608,15620391.7
2026-04-14T18:00:00,1.3608,1.3661,1.3569,1.3613,25628668.7
2026-04-14T19:00:00,1.3614,1.3646,1.3584,1.362,12630025.2
2026-04-14T20:00:00,1.362,1.3636,1.3547,1.3567,9112813.7
2026-04-14T21:00:00,1.3566,1.3578,1.3552,1.3571,5280704.5
2026-04-14T22:00:00,1.3571,1.36,1.3566,1.3583,5435946.6
2026-04-14T23:00:00,1.3583,1.3608,1.3541,1.3579,9226591.0
2026-04-15T00:00:00,1.358,1.358,1.3533,1.3548,9875174.0
2026-04-15T01:00:00,1.3548,1.356,1.3484,1.3514,22382763.7
2026-04-15T02:00:00,1.3514,1.3567,1.35,1.3548,13704662.1
2026-04-15T03:00:00,1.3549,1.3555,1.3498,1.3518,11891918.1
2026-04-15T04:00:00,1.3518,1.3588,1.3509,1.3557,11777542.4
2026-04-15T05:00:00,1.3556,1.3642,1.3556,1.3627,15162662.3
2026-04-15T06:00:00,1.3628,1.3686,1.3604,1.3648,21431454.2
2026-04-15T07:00:00,1.3649,1.3675,1.3606,1.3667,17184390.6
2026-04-15T08:00:00,1.3667,1.3788,1.3634,1.3759,30987609.7
2026-04-15T09:00:00,1.3758,1.383,1.3712,1.3726,43869312.2
2026-04-15T10:00:00,1.3726,1.3817,1.371,1.3778,25146745.5
2026-04-15T11:00:00,1.3777,1.3835,1.3751,1.3794,21770968.7
2026-04-15T12:00:00,1.3794,1.387,1.3783,1.3861,22899497.6
2026-04-15T13:00:00,1.3861,1.4083,1.3838,1.3995,60976497.0
2026-04-15T14:00:00,1.3995,1.4001,1.3849,1.3876,24435297.4
2026-04-15T15:00:00,1.3876,1.3886,1.3794,1.3878,12468758.2
2026-04-15T16:00:00,1.3878,1.4022,1.3877,1.3936,25369431.4
2026-04-15T17:00:00,1.3935,1.3936,1.3847,1.3915,15503657.7
2026-04-15T18:00:00,1.3916,1.3976,1.3859,1.3965,16021696.0
2026-04-15T19:00:00,1.3964,1.4016,1.3897,1.3998,23293894.5
2026-04-15T20:00:00,1.3997,1.4097,1.3959,1.406,27966175.3
2026-04-15T21:00:00,1.4059,1.415,1.4046,1.4054,28271592.3
2026-04-15T22:00:00,1.4054,1.4107,1.4011,1.4031,19778335.6
2026-04-15T23:00:00,1.4031,1.4065,1.3995,1.4049,11310190.0
2026-04-16T00:00:00,1.405,1.4093,1.4035,1.4091,10811840.1
2026-04-16T01:00:00,1.4091,1.4122,1.4031,1.4052,13577034.6
2026-04-16T02:00:00,1.4052,1.4088,1.4018,1.4045,15699397.9
2026-04-16T03:00:00,1.4046,1.4227,1.403,1.4166,49889997.2
2026-04-16T04:00:00,1.4165,1.4172,1.4069,1.4079,19243843.3
2026-04-16T05:00:00,1.4079,1.4087,1.4007,1.4086,19438892.2
2026-04-16T06:00:00,1.4087,1.4228,1.4083,1.4131,26948929.9
2026-04-16T07:00:00,1.4131,1.4337,1.3982,1.4064,71488168.4
2026-04-16T08:00:00,1.4064,1.4123,1.392,1.4096,51302162.1
2026-04-16T09:00:00,1.4095,1.4323,1.4065,1.4285,48781709.1
2026-04-16T10:00:00,1.4286,1.4412,1.4148,1.4189,52940084.9
2026-04-16T11:00:00,1.4189,1.4291,1.4135,1.4266,26423433.9
2026-04-16T12:00:00,1.4265,1.4481,1.4236,1.4459,35945346.6
2026-04-16T13:00:00,1.4459,1.4657,1.4407,1.4636,52753083.0
2026-04-16T14:00:00,1.4636,1.4655,1.4434,1.4516,28471317.0
2026-04-16T15:00:00,1.4517,1.458,1.4451,1.446,13931970.1
2026-04-16T16:00:00,1.4459,1.453,1.4459,1.4504,10357496.2
2026-04-16T17:00:00,1.4504,1.4572,1.4472,1.4521,18701031.3
2026-04-16T18:00:00,1.4521,1.4548,1.4397,1.44,23294370.4
2026-04-16T19:00:00,1.4401,1.4417,1.4268,1.4296,29984330.7
2026-04-16T20:00:00,1.4297,1.4308,1.4218,1.429,17873093.4
2026-04-16T21:00:00,1.429,1.4382,1.4265,1.4302,24608607.4
2026-04-16T22:00:00,1.4302,1.4336,1.4256,1.4311,18860052.7
2026-04-16T23:00:00,1.4311,1.4361,1.4243,1.4245,21968152.3
2026-04-17T00:00:00,1.4244,1.4328,1.4234,1.4317,10069017.9
2026-04-17T01:00:00,1.4317,1.4392,1.4315,1.4366,15822433.7
2026-04-17T02:00:00,1.4367,1.4472,1.4348,1.446,25340905.4
2026-04-17T03:00:00,1.4459,1.4586,1.4418,1.4512,27246347.9
2026-04-17T04:00:00,1.4513,1.4528,1.4319,1.4361,26753521.3
2026-04-17T05:00:00,1.4361,1.4477,1.4358,1.4465,13330593.1
2026-04-17T06:00:00,1.4466,1.4606,1.4433,1.4581,29693489.0
2026-04-17T07:00:00,1.4581,1.4906,1.4547,1.4864,97328670.9
2026-04-17T08:00:00,1.4865,1.5092,1.4825,1.498,68626628.3
2026-04-17T09:00:00,1.4979,1.5017,1.4754,1.4854,49843589.0
2026-04-17T10:00:00,1.4854,1.4997,1.4847,1.4969,33136855.0
2026-04-17T11:00:00,1.4968,1.497,1.4765,1.4832,33308894.6
2026-04-17T12:00:00,1.4832,1.4841,1.4722,1.477,23582512.8
2026-04-17T13:00:00,1.4769,1.4918,1.4758,1.4865,25629882.6
2026-04-17T14:00:00,1.4865,1.489,1.4746,1.481,14649601.0
2026-04-17T15:00:00,1.4809,1.4871,1.4772,1.4785,11454172.9
2026-04-17T16:00:00,1.4784,1.4876,1.4765,1.4837,18567853.5
2026-04-17T17:00:00,1.4838,1.4838,1.471,1.4749,17061324.9
2026-04-17T18:00:00,1.4749,1.4796,1.4711,1.4754,12507613.5
2026-04-17T19:00:00,1.4753,1.4818,1.4722,1.4774,12546757.2
2026-04-17T20:00:00,1.4773,1.4774,1.4681,1.4748,14115050.3
2026-04-17T21:00:00,1.4748,1.4749,1.4662,1.4678,12214203.5
2026-04-17T22:00:00,1.4679,1.4691,1.4625,1.4677,14845444.4
2026-04-17T23:00:00,1.4677,1.4764,1.4671,1.4683,12372239.1
2026-04-18T00:00:00,1.4682,1.4724,1.4631,1.4699,16399426.5
2026-04-18T01:00:00,1.4699,1.4751,1.4681,1.4733,10929371.1
2026-04-18T02:00:00,1.4734,1.4747,1.4448,1.4526,57111226.3
2026-04-18T03:00:00,1.4526,1.4536,1.4454,1.4498,24233835.3
2026-04-18T04:00:00,1.4499,1.45,1.4346,1.4391,30705345.1
2026-04-18T05:00:00,1.439,1.4395,1.4236,1.4308,35235345.4
2026-04-18T06:00:00,1.4308,1.437,1.43,1.4352,19446521.8
2026-04-18T07:00:00,1.4351,1.4378,1.4285,1.4362,13293021.1
2026-04-18T08:00:00,1.4363,1.4377,1.4317,1.434,12820010.4
2026-04-18T09:00:00,1.434,1.4392,1.4299,1.4351,14772651.6
2026-04-18T10:00:00,1.4351,1.4385,1.4303,1.4329,13110803.3
2026-04-18T11:00:00,1.433,1.4332,1.4268,1.431,10935445.2
2026-04-18T12:00:00,1.431,1.4338,1.4226,1.4251,20538899.0
2026-04-18T13:00:00,1.4251,1.4307,1.4242,1.4267,10412034.1
2026-04-18T14:00:00,1.4266,1.4297,1.4231,1.4276,9101862.8
2026-04-18T15:00:00,1.4276,1.4374,1.4273,1.4355,9038657.9
2026-04-18T16:00:00,1.4355,1.4355,1.4294,1.4336,8407669.8
2026-04-18T17:00:00,1.4336,1.4375,1.4332,1.4366,8005442.9
